{
  "type": "FeatureCollection",
  "crs": {
    "type": "name",
    "properties": {
      "name": "urn:ogc:def:crs:OGC:1.3:CRS84"
    }
  },
  "features": [
    {
      "type": "Feature",
      "properties": {
        "extinto": "OLGA ROSA BASUALDO",
        "nacimiento": "1944-03-27 00:00:00",
        "defuncion": "2023-08-13 00:00:00"
      },
      "geometry": {
        "type": "Point",
        "coordinates": [
          -63.5166732204186,
          -31.566730845840627
        ]
      }
    },
    {
      "type": "Feature",
      "properties": {
        "extinto": "ALDO ANTONIO TERRENO",
        "nacimiento": "1944-06-25 00:00:00",
        "defuncion": "2016-11-04 00:00:00"
      },
      "geometry": {
        "type": "Point",
        "coordinates": [
          -63.5166732204186,
          -31.566730845840627
        ]
      }
    },
    {
      "type": "Feature",
      "properties": {
        "extinto": "BARBERO FELIX",
        "nacimiento": "1950-07-22 00:00:00",
        "defuncion": "2016-04-10 00:00:00"
      },
      "geometry": {
        "type": "Point",
        "coordinates": [
          -63.51668277156782,
          -31.566765054316193
        ]
      }
    },
    {
      "type": "Feature",
      "properties": {
        "extinto": "CARLOS ISAIAS DOMINGUEZ",
        "nacimiento": "1933-07-06 00:00:00",
        "defuncion": "2018-09-23 00:00:00"
      },
      "geometry": {
        "type": "Point",
        "coordinates": [
          -63.51635825981212,
          -31.56686597316071
        ]
      }
    },
    {
      "type": "Feature",
      "properties": {
        "extinto": "TEUMACO EVARISTO ANGEL",
        "nacimiento": "1947-06-08 00:00:00",
        "defuncion": "2007-12-21 00:00:00"
      },
      "geometry": {
        "type": "Point",
        "coordinates": [
          -63.51632360264305,
          -31.566687929453394
        ]
      }
    },
    {
      "type": "Feature",
      "properties": {
        "extinto": "SARA DEL VALLE GALLEGOS",
        "nacimiento": "1950-02-13 00:00:00",
        "defuncion": "2024-03-11 00:00:00"
      },
      "geometry": {
        "type": "Point",
        "coordinates": [
          -63.51632360264305,
          -31.566687929453394
        ]
      }
    },
    {
      "type": "Feature",
      "properties": {
        "extinto": "EDMUNDO ADOLFO VALERIANO  AGERET",
        "nacimiento": "1938-12-15 00:00:00",
        "defuncion": "2019-07-08 00:00:00"
      },
      "geometry": {
        "type": "Point",
        "coordinates": [
          -63.51612358691498,
          -31.566908171901975
        ]
      }
    },
    {
      "type": "Feature",
      "properties": {
        "extinto": "SARA EUGENIA HEREDIA",
        "nacimiento": "1950-01-16 00:00:00",
        "defuncion": "2021-02-28 00:00:00"
      },
      "geometry": {
        "type": "Point",
        "coordinates": [
          -63.51612808545714,
          -31.566918948937285
        ]
      }
    },
    {
      "type": "Feature",
      "properties": {
        "extinto": "MARIA ISABEL TEJEDA LUQUE",
        "nacimiento": "1952-01-18 00:00:00",
        "defuncion": "2021-12-19 00:00:00"
      },
      "geometry": {
        "type": "Point",
        "coordinates": [
          -63.51613211666074,
          -31.566930148848446
        ]
      }
    },
    {
      "type": "Feature",
      "properties": {
        "extinto": "MARINA BELEN MARCHIORI",
        "nacimiento": "1992-02-05 00:00:00",
        "defuncion": "2008-01-05 00:00:00"
      },
      "geometry": {
        "type": "Point",
        "coordinates": [
          -63.516136811698956,
          -31.56694147180343
        ]
      }
    },
    {
      "type": "Feature",
      "properties": {
        "extinto": "DELIA MARIA BARBIERI",
        "nacimiento": "1966-10-14 00:00:00",
        "defuncion": "2008-01-05 00:00:00"
      },
      "geometry": {
        "type": "Point",
        "coordinates": [
          -63.516136811698956,
          -31.56694147180343
        ]
      }
    },
    {
      "type": "Feature",
      "properties": {
        "extinto": "ARDOLINO BAUTISTA MARCHIORI",
        "nacimiento": "1964-02-20 00:00:00",
        "defuncion": "2008-01-26 00:00:00"
      },
      "geometry": {
        "type": "Point",
        "coordinates": [
          -63.516136811698956,
          -31.56694147180343
        ]
      }
    },
    {
      "type": "Feature",
      "properties": {
        "extinto": "ALBERIONE NORDA CATALINA",
        "nacimiento": "1938-02-05 00:00:00",
        "defuncion": "2013-07-25 00:00:00"
      },
      "geometry": {
        "type": "Point",
        "coordinates": [
          -63.51614121996242,
          -31.56695257177022
        ]
      }
    },
    {
      "type": "Feature",
      "properties": {
        "extinto": "JUAN JOSE POZZI",
        "nacimiento": "1936-08-09 00:00:00",
        "defuncion": "2019-05-18 00:00:00"
      },
      "geometry": {
        "type": "Point",
        "coordinates": [
          -63.51614121996242,
          -31.56695257177022
        ]
      }
    },
    {
      "type": "Feature",
      "properties": {
        "extinto": "JUAREZ MARCOS",
        "nacimiento": "1930-12-10 00:00:00",
        "defuncion": "1996-03-23 00:00:00"
      },
      "geometry": {
        "type": "Point",
        "coordinates": [
          -63.516145628226916,
          -31.566963671736822
        ]
      }
    },
    {
      "type": "Feature",
      "properties": {
        "extinto": "EMILSE GEMA ZANELLA",
        "nacimiento": "1931-09-11 00:00:00",
        "defuncion": "2011-09-04 00:00:00"
      },
      "geometry": {
        "type": "Point",
        "coordinates": [
          -63.516150036492476,
          -31.566974771703244
        ]
      }
    },
    {
      "type": "Feature",
      "properties": {
        "extinto": "FERREYRA ELBA ROSA",
        "nacimiento": "1927-04-20 00:00:00",
        "defuncion": "2000-01-03 00:00:00"
      },
      "geometry": {
        "type": "Point",
        "coordinates": [
          -63.51615444475913,
          -31.56698587166948
        ]
      }
    },
    {
      "type": "Feature",
      "properties": {
        "extinto": "QUIROGA BENITA",
        "nacimiento": "1916-09-25 00:00:00",
        "defuncion": "1976-01-25 00:00:00"
      },
      "geometry": {
        "type": "Point",
        "coordinates": [
          -63.51615444475913,
          -31.56698587166948
        ]
      }
    },
    {
      "type": "Feature",
      "properties": {
        "extinto": "FORN LUCIO",
        "nacimiento": "1927-04-20 00:00:00",
        "defuncion": "1974-12-19 00:00:00"
      },
      "geometry": {
        "type": "Point",
        "coordinates": [
          -63.51615444475913,
          -31.56698587166948
        ]
      }
    },
    {
      "type": "Feature",
      "properties": {
        "extinto": "MIGUEL ANASTACIO OCHOA",
        "nacimiento": "1943-07-05 00:00:00",
        "defuncion": "2020-07-04 00:00:00"
      },
      "geometry": {
        "type": "Point",
        "coordinates": [
          -63.5161588530268,
          -31.566996971635536
        ]
      }
    },
    {
      "type": "Feature",
      "properties": {
        "extinto": "PEIRONE JOSE MIGUEL",
        "nacimiento": "1933-02-09 00:00:00",
        "defuncion": "1992-04-09 00:00:00"
      },
      "geometry": {
        "type": "Point",
        "coordinates": [
          -63.516167669565384,
          -31.5670191715671
        ]
      }
    },
    {
      "type": "Feature",
      "properties": {
        "extinto": "PEIRONE GUSTAVO",
        "nacimiento": "1959-11-08 00:00:00",
        "defuncion": "2001-10-18 00:00:00"
      },
      "geometry": {
        "type": "Point",
        "coordinates": [
          -63.516167669565384,
          -31.5670191715671
        ]
      }
    },
    {
      "type": "Feature",
      "properties": {
        "extinto": "TARDITTI ISOLINA MAGDALENA",
        "nacimiento": "1950-05-21 00:00:00",
        "defuncion": "2008-05-21 00:00:00"
      },
      "geometry": {
        "type": "Point",
        "coordinates": [
          -63.51617648610821,
          -31.567041371497936
        ]
      }
    },
    {
      "type": "Feature",
      "properties": {
        "extinto": "BRIZIO LUIS AMBROSIO",
        "nacimiento": "1920-03-02 00:00:00",
        "defuncion": "1979-12-16 00:00:00"
      },
      "geometry": {
        "type": "Point",
        "coordinates": [
          -63.51617648610821,
          -31.567041371497936
        ]
      }
    },
    {
      "type": "Feature",
      "properties": {
        "extinto": "SOLEDAD AGUIRRE",
        "nacimiento": "1947-04-29 00:00:00",
        "defuncion": "2008-03-05 00:00:00"
      },
      "geometry": {
        "type": "Point",
        "coordinates": [
          -63.51618089438119,
          -31.56705247146308
        ]
      }
    },
    {
      "type": "Feature",
      "properties": {
        "extinto": "BARONE MIRIAM KARINA DEL CARMEN",
        "nacimiento": "1974-03-26 00:00:00",
        "defuncion": "2022-05-23 00:00:00"
      },
      "geometry": {
        "type": "Point",
        "coordinates": [
          -63.51618089438119,
          -31.56705247146308
        ]
      }
    },
    {
      "type": "Feature",
      "properties": {
        "extinto": "MATEO BARONE",
        "nacimiento": "1915-01-01 00:00:00",
        "defuncion": "1964-04-11 00:00:00"
      },
      "geometry": {
        "type": "Point",
        "coordinates": [
          -63.51618530265526,
          -31.56706357142803
        ]
      }
    },
    {
      "type": "Feature",
      "properties": {
        "extinto": "MARIA LUISA TOMATTIS",
        "nacimiento": "1915-12-15 00:00:00",
        "defuncion": "1989-06-12 00:00:00"
      },
      "geometry": {
        "type": "Point",
        "coordinates": [
          -63.51618530265526,
          -31.56706357142803
        ]
      }
    },
    {
      "type": "Feature",
      "properties": {
        "extinto": "NAVARRO VICTOR ANIBAL",
        "nacimiento": "1936-10-27 00:00:00",
        "defuncion": "2008-04-17 00:00:00"
      },
      "geometry": {
        "type": "Point",
        "coordinates": [
          -63.51618971093039,
          -31.567074671392806
        ]
      }
    },
    {
      "type": "Feature",
      "properties": {
        "extinto": "MUÑOZ  RODOLFO",
        "nacimiento": "1940-08-26 00:00:00",
        "defuncion": "2007-05-21 00:00:00"
      },
      "geometry": {
        "type": "Point",
        "coordinates": [
          -63.51619411920656,
          -31.567085771357416
        ]
      }
    },
    {
      "type": "Feature",
      "properties": {
        "extinto": "MOLINA NELI ESTER",
        "nacimiento": "1946-01-01 00:00:00",
        "defuncion": "2012-04-24 00:00:00"
      },
      "geometry": {
        "type": "Point",
        "coordinates": [
          -63.51619858269074,
          -31.567096663746284
        ]
      }
    },
    {
      "type": "Feature",
      "properties": {
        "extinto": "JUAN CANDIDO BORRI",
        "nacimiento": "1940-03-10 00:00:00",
        "defuncion": "2021-06-11 00:00:00"
      },
      "geometry": {
        "type": "Point",
        "coordinates": [
          -63.51619858269074,
          -31.567096663746284
        ]
      }
    },
    {
      "type": "Feature",
      "properties": {
        "extinto": "BORRI KARINA ALEJANDRA",
        "nacimiento": "1972-06-15 00:00:00",
        "defuncion": "2008-12-21 00:00:00"
      },
      "geometry": {
        "type": "Point",
        "coordinates": [
          -63.516202750254614,
          -31.567107829751897
        ]
      }
    },
    {
      "type": "Feature",
      "properties": {
        "extinto": "GOMEZ FLORENTINO",
        "nacimiento": "1923-09-27 00:00:00",
        "defuncion": "2006-06-05 00:00:00"
      },
      "geometry": {
        "type": "Point",
        "coordinates": [
          -63.51620734404149,
          -31.567119071250108
        ]
      }
    },
    {
      "type": "Feature",
      "properties": {
        "extinto": "TABORDA NELIA",
        "nacimiento": "1921-01-03 00:00:00",
        "defuncion": "2016-03-08 00:00:00"
      },
      "geometry": {
        "type": "Point",
        "coordinates": [
          -63.51620734404149,
          -31.567119071250108
        ]
      }
    },
    {
      "type": "Feature",
      "properties": {
        "extinto": "GIRAUDO OLMAR PEDRO",
        "nacimiento": "1942-12-01 00:00:00",
        "defuncion": "2010-08-01 00:00:00"
      },
      "geometry": {
        "type": "Point",
        "coordinates": [
          -63.516211752321915,
          -31.567130171213964
        ]
      }
    },
    {
      "type": "Feature",
      "properties": {
        "extinto": "ABBONDIO NICOLAS",
        "nacimiento": "2007-08-01 00:00:00",
        "defuncion": "2007-08-10 00:00:00"
      },
      "geometry": {
        "type": "Point",
        "coordinates": [
          -63.51621616060342,
          -31.567141271177658
        ]
      }
    },
    {
      "type": "Feature",
      "properties": {
        "extinto": "GRISELDA DEL CARMEN GIRAUDO",
        "nacimiento": "1953-09-28 00:00:00",
        "defuncion": "2018-08-14 00:00:00"
      },
      "geometry": {
        "type": "Point",
        "coordinates": [
          -63.51621616060342,
          -31.567141271177658
        ]
      }
    },
    {
      "type": "Feature",
      "properties": {
        "extinto": "ALCIRA SERRANO",
        "nacimiento": "1938-03-23 00:00:00",
        "defuncion": "2009-02-07 00:00:00"
      },
      "geometry": {
        "type": "Point",
        "coordinates": [
          -63.51622056888595,
          -31.56715237114115
        ]
      }
    },
    {
      "type": "Feature",
      "properties": {
        "extinto": "ARGUELLO DANIEL SEBASTIAN",
        "nacimiento": "2010-02-08 00:00:00",
        "defuncion": "2010-02-08 00:00:00"
      },
      "geometry": {
        "type": "Point",
        "coordinates": [
          -63.51622056888595,
          -31.56715237114115
        ]
      }
    },
    {
      "type": "Feature",
      "properties": {
        "extinto": "ARGUELO DIONISIO",
        "nacimiento": "2010-02-08 00:00:00",
        "defuncion": "2010-02-08 00:00:00"
      },
      "geometry": {
        "type": "Point",
        "coordinates": [
          -63.51622056888595,
          -31.56715237114115
        ]
      }
    },
    {
      "type": "Feature",
      "properties": {
        "extinto": "GIRAUDO TELMO QUINTO",
        "nacimiento": "1926-01-18 00:00:00",
        "defuncion": "2005-04-20 00:00:00"
      },
      "geometry": {
        "type": "Point",
        "coordinates": [
          -63.51622497716958,
          -31.56716347110447
        ]
      }
    },
    {
      "type": "Feature",
      "properties": {
        "extinto": "ESPINEL MARCELINA JUANA",
        "nacimiento": "1932-06-05 00:00:00",
        "defuncion": "2011-05-05 00:00:00"
      },
      "geometry": {
        "type": "Point",
        "coordinates": [
          -63.51622497716958,
          -31.56716347110447
        ]
      }
    },
    {
      "type": "Feature",
      "properties": {
        "extinto": "GIRAUDO CARLOS ALBERTO",
        "nacimiento": "2012-01-19 00:00:00",
        "defuncion": "2012-01-19 00:00:00"
      },
      "geometry": {
        "type": "Point",
        "coordinates": [
          -63.51622497716958,
          -31.56716347110447
        ]
      }
    },
    {
      "type": "Feature",
      "properties": {
        "extinto": "ZECCHIN NERINA",
        "nacimiento": "1926-04-26 00:00:00",
        "defuncion": "2009-01-20 00:00:00"
      },
      "geometry": {
        "type": "Point",
        "coordinates": [
          -63.51622938545426,
          -31.567174571067607
        ]
      }
    },
    {
      "type": "Feature",
      "properties": {
        "extinto": "GOTTARDELLO JUAN",
        "nacimiento": "1923-07-24 00:00:00",
        "defuncion": "2000-07-13 00:00:00"
      },
      "geometry": {
        "type": "Point",
        "coordinates": [
          -63.51622938545426,
          -31.567174571067607
        ]
      }
    },
    {
      "type": "Feature",
      "properties": {
        "extinto": "N/N GOTTARDELLO",
        "nacimiento": "2013-11-13 00:00:00",
        "defuncion": "2013-11-13 00:00:00"
      },
      "geometry": {
        "type": "Point",
        "coordinates": [
          -63.51622938545426,
          -31.567174571067607
        ]
      }
    },
    {
      "type": "Feature",
      "properties": {
        "extinto": "SANCHEZ RAMON",
        "nacimiento": "1915-11-03 00:00:00",
        "defuncion": "2006-05-11 00:00:00"
      },
      "geometry": {
        "type": "Point",
        "coordinates": [
          -63.51623379373999,
          -31.567185671030558
        ]
      }
    },
    {
      "type": "Feature",
      "properties": {
        "extinto": "BONIS LUCIA",
        "nacimiento": "1923-04-29 00:00:00",
        "defuncion": "2013-03-01 00:00:00"
      },
      "geometry": {
        "type": "Point",
        "coordinates": [
          -63.51623379373999,
          -31.567185671030558
        ]
      }
    },
    {
      "type": "Feature",
      "properties": {
        "extinto": "ALDANA  TISSERA",
        "nacimiento": "1993-11-29 00:00:00",
        "defuncion": "2022-12-25 00:00:00"
      },
      "geometry": {
        "type": "Point",
        "coordinates": [
          -63.516190606341716,
          -31.567012493872653
        ]
      }
    },
    {
      "type": "Feature",
      "properties": {
        "extinto": "MIRETTI  WALTER  RAFAEL",
        "nacimiento": "1965-08-21 00:00:00",
        "defuncion": "2019-06-19 00:00:00"
      },
      "geometry": {
        "type": "Point",
        "coordinates": [
          -63.5161994228893,
          -31.56703469380188
        ]
      }
    },
    {
      "type": "Feature",
      "properties": {
        "extinto": "FELISA DEL ROSARIO CUELLO",
        "nacimiento": "1985-09-15 00:00:00",
        "defuncion": "1988-12-22 00:00:00"
      },
      "geometry": {
        "type": "Point",
        "coordinates": [
          -63.51621264771863,
          -31.567067993694348
        ]
      }
    },
    {
      "type": "Feature",
      "properties": {
        "extinto": "ARMENDIA PEDRO LAURIANO",
        "nacimiento": "1906-07-13 00:00:00",
        "defuncion": "2006-08-22 00:00:00"
      },
      "geometry": {
        "type": "Point",
        "coordinates": [
          -63.51621264771863,
          -31.567067993694348
        ]
      }
    },
    {
      "type": "Feature",
      "properties": {
        "extinto": "CAVALLO HERMINIO EPIFANIO",
        "nacimiento": "2012-11-12 00:00:00",
        "defuncion": "2012-11-12 00:00:00"
      },
      "geometry": {
        "type": "Point",
        "coordinates": [
          -63.51623028083924,
          -31.567112393548406
        ]
      }
    },
    {
      "type": "Feature",
      "properties": {
        "extinto": "BARMAN ADELINA CELINA",
        "nacimiento": "1929-11-08 00:00:00",
        "defuncion": "2022-05-19 00:00:00"
      },
      "geometry": {
        "type": "Point",
        "coordinates": [
          -63.51623028083924,
          -31.567112393548406
        ]
      }
    },
    {
      "type": "Feature",
      "properties": {
        "extinto": "LILIAM ALMADA",
        "nacimiento": "1930-03-31 00:00:00",
        "defuncion": "2018-08-22 00:00:00"
      },
      "geometry": {
        "type": "Point",
        "coordinates": [
          -63.51623468912206,
          -31.567123493511485
        ]
      }
    },
    {
      "type": "Feature",
      "properties": {
        "extinto": "LORENZO ASCUET",
        "nacimiento": "1929-01-31 00:00:00",
        "defuncion": "1989-03-17 00:00:00"
      },
      "geometry": {
        "type": "Point",
        "coordinates": [
          -63.51623468912206,
          -31.567123493511485
        ]
      }
    },
    {
      "type": "Feature",
      "properties": {
        "extinto": "LUIS HORACIO ASCUET",
        "nacimiento": "1958-02-26 00:00:00",
        "defuncion": "2021-02-10 00:00:00"
      },
      "geometry": {
        "type": "Point",
        "coordinates": [
          -63.51623468912206,
          -31.567123493511485
        ]
      }
    },
    {
      "type": "Feature",
      "properties": {
        "extinto": "GOTTARDELLO JUAN LEONARDO",
        "nacimiento": "1959-10-04 00:00:00",
        "defuncion": "2013-09-16 00:00:00"
      },
      "geometry": {
        "type": "Point",
        "coordinates": [
          -63.51625232226392,
          -31.567167893361894
        ]
      }
    },
    {
      "type": "Feature",
      "properties": {
        "extinto": "MARCATO NELLY ANITA",
        "nacimiento": "1936-07-26 00:00:00",
        "defuncion": "2017-11-27 00:00:00"
      },
      "geometry": {
        "type": "Point",
        "coordinates": [
          -63.51615681361461,
          -31.566848964988708
        ]
      }
    },
    {
      "type": "Feature",
      "properties": {
        "extinto": "ALFREDO ALSIDE MARGARIA",
        "nacimiento": "1933-09-12 00:00:00",
        "defuncion": "2021-06-11 00:00:00"
      },
      "geometry": {
        "type": "Point",
        "coordinates": [
          -63.516161221875876,
          -31.566860064954987
        ]
      }
    },
    {
      "type": "Feature",
      "properties": {
        "extinto": "VICTOR HUGO ROSSO",
        "nacimiento": "1963-07-25 00:00:00",
        "defuncion": "2022-02-26 00:00:00"
      },
      "geometry": {
        "type": "Point",
        "coordinates": [
          -63.51616563013826,
          -31.56687116492109
        ]
      }
    },
    {
      "type": "Feature",
      "properties": {
        "extinto": "CARLOS ALBERTO COMBA",
        "nacimiento": "1951-05-30 00:00:00",
        "defuncion": "2022-12-25 00:00:00"
      },
      "geometry": {
        "type": "Point",
        "coordinates": [
          -63.51617003840167,
          -31.566882264887006
        ]
      }
    },
    {
      "type": "Feature",
      "properties": {
        "extinto": "BRAVI  JUAN BAUTISTA",
        "nacimiento": "1928-11-14 00:00:00",
        "defuncion": "2011-10-25 00:00:00"
      },
      "geometry": {
        "type": "Point",
        "coordinates": [
          -63.51625379560826,
          -31.56709316420467
        ]
      }
    },
    {
      "type": "Feature",
      "properties": {
        "extinto": "ELSA MARGARITA BUFFA",
        "nacimiento": "1931-03-29 00:00:00",
        "defuncion": "2018-06-10 00:00:00"
      },
      "geometry": {
        "type": "Point",
        "coordinates": [
          -63.51625379560826,
          -31.56709316420467
        ]
      }
    },
    {
      "type": "Feature",
      "properties": {
        "extinto": "JOSE ALFONSO ROJAS",
        "nacimiento": "1946-08-02 00:00:00",
        "defuncion": "2019-02-27 00:00:00"
      },
      "geometry": {
        "type": "Point",
        "coordinates": [
          -63.51628465362306,
          -31.567170863936674
        ]
      }
    },
    {
      "type": "Feature",
      "properties": {
        "extinto": "RAUL ANTONIO BUSANO",
        "nacimiento": "1954-08-30 00:00:00",
        "defuncion": "2015-12-11 00:00:00"
      },
      "geometry": {
        "type": "Point",
        "coordinates": [
          -63.51617975035026,
          -31.56684228729648
        ]
      }
    },
    {
      "type": "Feature",
      "properties": {
        "extinto": "MANUEL EDUARDO CANO",
        "nacimiento": "1934-01-30 00:00:00",
        "defuncion": "2020-01-29 00:00:00"
      },
      "geometry": {
        "type": "Point",
        "coordinates": [
          -63.51626350754155,
          -31.567053186609254
        ]
      }
    },
    {
      "type": "Feature",
      "properties": {
        "extinto": "ZANELLA LUIS LINDOR",
        "nacimiento": "1918-11-07 00:00:00",
        "defuncion": "2003-09-19 00:00:00"
      },
      "geometry": {
        "type": "Point",
        "coordinates": [
          -63.51630759042774,
          -31.567164186221085
        ]
      }
    },
    {
      "type": "Feature",
      "properties": {
        "extinto": "PEREZ ROSA ADELINA",
        "nacimiento": "1925-12-19 00:00:00",
        "defuncion": "2013-01-10 00:00:00"
      },
      "geometry": {
        "type": "Point",
        "coordinates": [
          -63.51630759042774,
          -31.567164186221085
        ]
      }
    },
    {
      "type": "Feature",
      "properties": {
        "extinto": "AMADO JULIO DEL VALLE PEREZ",
        "nacimiento": "1944-07-02 00:00:00",
        "defuncion": "2014-09-25 00:00:00"
      },
      "geometry": {
        "type": "Point",
        "coordinates": [
          -63.51635346402712,
          -31.567150830777653
        ]
      }
    },
    {
      "type": "Feature",
      "properties": {
        "extinto": "ROSA LIRIA LUDUEÑA",
        "nacimiento": "1941-11-27 00:00:00",
        "defuncion": "2017-06-30 00:00:00"
      },
      "geometry": {
        "type": "Point",
        "coordinates": [
          -63.51635346402712,
          -31.567150830777653
        ]
      }
    },
    {
      "type": "Feature",
      "properties": {
        "extinto": "ARGUELLO JOSE RAIMUNDO FERNANDO",
        "nacimiento": "1941-05-30 00:00:00",
        "defuncion": "1999-02-22 00:00:00"
      },
      "geometry": {
        "type": "Point",
        "coordinates": [
          -63.5163813870811,
          -31.567142701369303
        ]
      }
    },
    {
      "type": "Feature",
      "properties": {
        "extinto": "OSCAR ANIBAL FRIZZO",
        "nacimiento": "1948-04-15 00:00:00",
        "defuncion": "2018-11-24 00:00:00"
      },
      "geometry": {
        "type": "Point",
        "coordinates": [
          -63.51640432387177,
          -31.567136023636476
        ]
      }
    },
    {
      "type": "Feature",
      "properties": {
        "extinto": "ALDO AMADEO LARDELLI",
        "nacimiento": "1963-10-14 00:00:00",
        "defuncion": "2019-05-06 00:00:00"
      },
      "geometry": {
        "type": "Point",
        "coordinates": [
          -63.51644960998783,
          -31.56718237161591
        ]
      }
    },
    {
      "type": "Feature",
      "properties": {
        "extinto": "ELIDA  CATALINA  MARTINEZ",
        "nacimiento": "1942-03-22 00:00:00",
        "defuncion": "2023-03-20 00:00:00"
      },
      "geometry": {
        "type": "Point",
        "coordinates": [
          -63.51647254038137,
          -31.567175677773154
        ]
      }
    },
    {
      "type": "Feature",
      "properties": {
        "extinto": "SCARAFFIA EDITH ESTHER",
        "nacimiento": "1937-10-25 00:00:00",
        "defuncion": "2006-08-17 00:00:00"
      },
      "geometry": {
        "type": "Point",
        "coordinates": [
          -63.51647695932273,
          -31.567186774629374
        ]
      }
    },
    {
      "type": "Feature",
      "properties": {
        "extinto": "GARINO ELPIDIO",
        "nacimiento": "1933-01-10 00:00:00",
        "defuncion": "2013-02-13 00:00:00"
      },
      "geometry": {
        "type": "Point",
        "coordinates": [
          -63.51647695932273,
          -31.567186774629374
        ]
      }
    },
    {
      "type": "Feature",
      "properties": {
        "extinto": "PAVON ALDO FEDERICO",
        "nacimiento": "1937-10-14 00:00:00",
        "defuncion": "2015-07-11 00:00:00"
      },
      "geometry": {
        "type": "Point",
        "coordinates": [
          -63.51639440129571,
          -31.566901204161088
        ]
      }
    },
    {
      "type": "Feature",
      "properties": {
        "extinto": "PAVON JUAN ANTONIO",
        "nacimiento": "1941-07-12 00:00:00",
        "defuncion": "2016-09-14 00:00:00"
      },
      "geometry": {
        "type": "Point",
        "coordinates": [
          -63.51639882021441,
          -31.566912301020714
        ]
      }
    },
    {
      "type": "Feature",
      "properties": {
        "extinto": "ESTHER TECLA CALCATERRA",
        "nacimiento": "1929-02-15 00:00:00",
        "defuncion": "2019-11-01 00:00:00"
      },
      "geometry": {
        "type": "Point",
        "coordinates": [
          -63.51649161775328,
          -31.567145335030663
        ]
      }
    },
    {
      "type": "Feature",
      "properties": {
        "extinto": "JOSE ANTONIO ALBANO",
        "nacimiento": "1931-02-06 00:00:00",
        "defuncion": "1971-07-25 00:00:00"
      },
      "geometry": {
        "type": "Point",
        "coordinates": [
          -63.51649161775328,
          -31.567145335030663
        ]
      }
    },
    {
      "type": "Feature",
      "properties": {
        "extinto": "MIGUEL GUERRERO",
        "nacimiento": "1949-11-05 00:00:00",
        "defuncion": "2020-09-02 00:00:00"
      },
      "geometry": {
        "type": "Point",
        "coordinates": [
          -63.51650045563859,
          -31.56716752874167
        ]
      }
    },
    {
      "type": "Feature",
      "properties": {
        "extinto": "CALCATERRA BEATRIZ",
        "nacimiento": "1946-06-21 00:00:00",
        "defuncion": "2002-08-04 00:00:00"
      },
      "geometry": {
        "type": "Point",
        "coordinates": [
          -63.516504874582836,
          -31.567178625596913
        ]
      }
    },
    {
      "type": "Feature",
      "properties": {
        "extinto": "RAMON FERNANDO CERDA",
        "nacimiento": "1944-02-16 00:00:00",
        "defuncion": "2021-03-17 00:00:00"
      },
      "geometry": {
        "type": "Point",
        "coordinates": [
          -63.51651896707919,
          -31.567149738035248
        ]
      }
    },
    {
      "type": "Feature",
      "properties": {
        "extinto": "ALDO ALFREDO ARTUSO",
        "nacimiento": "1933-02-13 00:00:00",
        "defuncion": "2019-04-30 00:00:00"
      },
      "geometry": {
        "type": "Point",
        "coordinates": [
          -63.51652338602474,
          -31.56716083488987
        ]
      }
    },
    {
      "type": "Feature",
      "properties": {
        "extinto": "CHIAPPERO CESAR DARIO",
        "nacimiento": "1978-06-18 00:00:00",
        "defuncion": "2016-03-08 00:00:00"
      },
      "geometry": {
        "type": "Point",
        "coordinates": [
          -63.516525842663235,
          -31.56709952199718
        ]
      }
    },
    {
      "type": "Feature",
      "properties": {
        "extinto": "EMA ROSA BOARINO",
        "nacimiento": "1934-05-14 00:00:00",
        "defuncion": "2016-12-25 00:00:00"
      },
      "geometry": {
        "type": "Point",
        "coordinates": [
          -63.516525842663235,
          -31.56709952199718
        ]
      }
    },
    {
      "type": "Feature",
      "properties": {
        "extinto": "JUAN ANTONIO CHIAPPERO",
        "nacimiento": "1948-08-29 00:00:00",
        "defuncion": "2009-08-18 00:00:00"
      },
      "geometry": {
        "type": "Point",
        "coordinates": [
          -63.516525842663235,
          -31.56709952199718
        ]
      }
    },
    {
      "type": "Feature",
      "properties": {
        "extinto": "MARIO OSCAR DIAZ",
        "nacimiento": "1964-12-14 00:00:00",
        "defuncion": "2007-12-15 00:00:00"
      },
      "geometry": {
        "type": "Point",
        "coordinates": [
          -63.516525842663235,
          -31.56709952199718
        ]
      }
    },
    {
      "type": "Feature",
      "properties": {
        "extinto": "PEDRO  GREGORIO DIAZ",
        "nacimiento": "1932-05-31 00:00:00",
        "defuncion": "2001-08-03 00:00:00"
      },
      "geometry": {
        "type": "Point",
        "coordinates": [
          -63.516525842663235,
          -31.56709952199718
        ]
      }
    },
    {
      "type": "Feature",
      "properties": {
        "extinto": "ELVIO RENEE JULIO OGGIONE",
        "nacimiento": "1945-07-09 00:00:00",
        "defuncion": "2020-05-28 00:00:00"
      },
      "geometry": {
        "type": "Point",
        "coordinates": [
          -63.51654874387701,
          -31.567092755371657
        ]
      }
    },
    {
      "type": "Feature",
      "properties": {
        "extinto": "MARIA RAQUEL MARTINEZ",
        "nacimiento": "1944-06-18 00:00:00",
        "defuncion": "2022-04-17 00:00:00"
      },
      "geometry": {
        "type": "Point",
        "coordinates": [
          -63.51654874387701,
          -31.567092755371657
        ]
      }
    },
    {
      "type": "Feature",
      "properties": {
        "extinto": "TORRES ALEJANDRO JOSE",
        "nacimiento": "1959-05-24 00:00:00",
        "defuncion": "2004-02-11 00:00:00"
      },
      "geometry": {
        "type": "Point",
        "coordinates": [
          -63.51656768963872,
          -31.56706235224652
        ]
      }
    },
    {
      "type": "Feature",
      "properties": {
        "extinto": "PASQUINI ERNESTO",
        "nacimiento": "1919-07-01 00:00:00",
        "defuncion": "2003-03-25 00:00:00"
      },
      "geometry": {
        "type": "Point",
        "coordinates": [
          -63.51657215662431,
          -31.567073434990903
        ]
      }
    },
    {
      "type": "Feature",
      "properties": {
        "extinto": "PASQUINI NORA CAROLINA",
        "nacimiento": "1957-10-10 00:00:00",
        "defuncion": "2003-11-09 00:00:00"
      },
      "geometry": {
        "type": "Point",
        "coordinates": [
          -63.516576623610995,
          -31.567084517735083
        ]
      }
    },
    {
      "type": "Feature",
      "properties": {
        "extinto": "CANGA EDELMIRA",
        "nacimiento": "1931-03-22 00:00:00",
        "defuncion": "2009-09-27 00:00:00"
      },
      "geometry": {
        "type": "Point",
        "coordinates": [
          -63.516576623610995,
          -31.567084517735083
        ]
      }
    },
    {
      "type": "Feature",
      "properties": {
        "extinto": "MORICONI ROBERTO ANTONIO",
        "nacimiento": "1945-07-01 00:00:00",
        "defuncion": "2008-04-08 00:00:00"
      },
      "geometry": {
        "type": "Point",
        "coordinates": [
          -63.516572871353624,
          -31.56701135979308
        ]
      }
    },
    {
      "type": "Feature",
      "properties": {
        "extinto": "DOMINGO CABALLERO",
        "nacimiento": "1932-02-17 00:00:00",
        "defuncion": "2008-07-22 00:00:00"
      },
      "geometry": {
        "type": "Point",
        "coordinates": [
          -63.51659952481731,
          -31.56707775110054
        ]
      }
    },
    {
      "type": "Feature",
      "properties": {
        "extinto": "COLAZO LIRIA ORFELIA",
        "nacimiento": "1935-07-08 00:00:00",
        "defuncion": "2006-02-15 00:00:00"
      },
      "geometry": {
        "type": "Point",
        "coordinates": [
          -63.51659952481731,
          -31.56707775110054
        ]
      }
    },
    {
      "type": "Feature",
      "properties": {
        "extinto": "PATRICIA  ELIZABET  CABALLERO",
        "nacimiento": "1966-08-20 00:00:00",
        "defuncion": "2023-03-04 00:00:00"
      },
      "geometry": {
        "type": "Point",
        "coordinates": [
          -63.51659952481731,
          -31.56707775110054
        ]
      }
    },
    {
      "type": "Feature",
      "properties": {
        "extinto": "DELLACCECA PABLO MANUEL",
        "nacimiento": "1988-07-28 00:00:00",
        "defuncion": "2003-07-15 00:00:00"
      },
      "geometry": {
        "type": "Point",
        "coordinates": [
          -63.51660559663642,
          -31.566906446541914
        ]
      }
    },
    {
      "type": "Feature",
      "properties": {
        "extinto": "WILFRIDO MARTIN GOMEZ",
        "nacimiento": "1950-05-10 00:00:00",
        "defuncion": "2019-02-14 00:00:00"
      },
      "geometry": {
        "type": "Point",
        "coordinates": [
          -63.51659244890595,
          -31.566987741651616
        ]
      }
    },
    {
      "type": "Feature",
      "properties": {
        "extinto": "MOISES DIEGO GOMEZ",
        "nacimiento": "1919-02-09 00:00:00",
        "defuncion": "1989-09-10 00:00:00"
      },
      "geometry": {
        "type": "Point",
        "coordinates": [
          -63.51659244890595,
          -31.566987741651616
        ]
      }
    },
    {
      "type": "Feature",
      "properties": {
        "extinto": "MARIA IGNACIA TECERA",
        "nacimiento": "1927-05-11 00:00:00",
        "defuncion": "1988-09-03 00:00:00"
      },
      "geometry": {
        "type": "Point",
        "coordinates": [
          -63.51659244890595,
          -31.566987741651616
        ]
      }
    },
    {
      "type": "Feature",
      "properties": {
        "extinto": "FRUCTUOSO EDUARDO MEYER",
        "nacimiento": "1954-04-08 00:00:00",
        "defuncion": "2022-06-26 00:00:00"
      },
      "geometry": {
        "type": "Point",
        "coordinates": [
          -63.51665317294063,
          -31.566947596419933
        ]
      }
    },
    {
      "type": "Feature",
      "properties": {
        "extinto": "CHIAPPERO ADOLFO SANTIAGO",
        "nacimiento": "1941-12-24 00:00:00",
        "defuncion": "2004-06-12 00:00:00"
      },
      "geometry": {
        "type": "Point",
        "coordinates": [
          -63.516651294938086,
          -31.566959209750657
        ]
      }
    },
    {
      "type": "Feature",
      "properties": {
        "extinto": "CORRENTINA PEREYRA",
        "nacimiento": "1917-05-13 00:00:00",
        "defuncion": "2015-12-13 00:00:00"
      },
      "geometry": {
        "type": "Point",
        "coordinates": [
          -63.516651294938086,
          -31.566959209750657
        ]
      }
    },
    {
      "type": "Feature",
      "properties": {
        "extinto": "MATILDE ERNESTINA HERMANN",
        "nacimiento": "1921-05-29 00:00:00",
        "defuncion": "2021-10-08 00:00:00"
      },
      "geometry": {
        "type": "Point",
        "coordinates": [
          -63.516647538931686,
          -31.566982436411976
        ]
      }
    },
    {
      "type": "Feature",
      "properties": {
        "extinto": "NILO ADALBERTO BETTEGA",
        "nacimiento": "1948-05-27 00:00:00",
        "defuncion": "1974-10-25 00:00:00"
      },
      "geometry": {
        "type": "Point",
        "coordinates": [
          -63.516647538931686,
          -31.566982436411976
        ]
      }
    },
    {
      "type": "Feature",
      "properties": {
        "extinto": "NILO BETTEGA",
        "nacimiento": "1914-07-17 00:00:00",
        "defuncion": "1982-09-29 00:00:00"
      },
      "geometry": {
        "type": "Point",
        "coordinates": [
          -63.516647538931686,
          -31.566982436411976
        ]
      }
    },
    {
      "type": "Feature",
      "properties": {
        "extinto": "VICTORIA ANTONIA MARIA OLIVIERI",
        "nacimiento": "1927-03-23 00:00:00",
        "defuncion": "1989-10-09 00:00:00"
      },
      "geometry": {
        "type": "Point",
        "coordinates": [
          -63.51668656050103,
          -31.56689237458088
        ]
      }
    },
    {
      "type": "Feature",
      "properties": {
        "extinto": "NESTOR ATILIO GARINO",
        "nacimiento": "1928-04-06 00:00:00",
        "defuncion": "2022-06-04 00:00:00"
      },
      "geometry": {
        "type": "Point",
        "coordinates": [
          -63.51668656050103,
          -31.56689237458088
        ]
      }
    },
    {
      "type": "Feature",
      "properties": {
        "extinto": "OSCAR ATILIO GARINO",
        "nacimiento": "1955-09-21 00:00:00",
        "defuncion": "2021-10-04 00:00:00"
      },
      "geometry": {
        "type": "Point",
        "coordinates": [
          -63.5166828045058,
          -31.56691560124335
        ]
      }
    },
    {
      "type": "Feature",
      "properties": {
        "extinto": "ALDO VALENTIN CROTTO",
        "nacimiento": "1950-09-29 00:00:00",
        "defuncion": "2021-05-03 00:00:00"
      },
      "geometry": {
        "type": "Point",
        "coordinates": [
          -63.51667904850881,
          -31.566938827905652
        ]
      }
    },
    {
      "type": "Feature",
      "properties": {
        "extinto": "ALMA VALENTINA BARRA CROTTO",
        "nacimiento": "2004-05-12 00:00:00",
        "defuncion": "2020-09-06 00:00:00"
      },
      "geometry": {
        "type": "Point",
        "coordinates": [
          -63.51667717050964,
          -31.566950441236727
        ]
      }
    },
    {
      "type": "Feature",
      "properties": {
        "extinto": "JUAN CARMEN ARGUELLO",
        "nacimiento": "1933-07-16 00:00:00",
        "defuncion": "2020-05-09 00:00:00"
      },
      "geometry": {
        "type": "Point",
        "coordinates": [
          -63.516675292510044,
          -31.56696205456778
        ]
      }
    },
    {
      "type": "Feature",
      "properties": {
        "extinto": "JESUS MARIA GALBUSERA",
        "nacimiento": "1933-06-25 00:00:00",
        "defuncion": "2020-07-28 00:00:00"
      },
      "geometry": {
        "type": "Point",
        "coordinates": [
          -63.51667153650947,
          -31.566985281229734
        ]
      }
    },
    {
      "type": "Feature",
      "properties": {
        "extinto": "VILMA ANTONIA BELTRAMO",
        "nacimiento": "2000-10-10 00:00:00",
        "defuncion": "2001-10-10 00:00:00"
      },
      "geometry": {
        "type": "Point",
        "coordinates": [
          -63.516669658508526,
          -31.56699689456064
        ]
      }
    },
    {
      "type": "Feature",
      "properties": {
        "extinto": "RICARDO HECTOR GIRAUDO",
        "nacimiento": "1954-01-25 00:00:00",
        "defuncion": "2008-06-03 00:00:00"
      },
      "geometry": {
        "type": "Point",
        "coordinates": [
          -63.516669658508526,
          -31.56699689456064
        ]
      }
    },
    {
      "type": "Feature",
      "properties": {
        "extinto": "VICENTA ANTONIA VERDUNA",
        "nacimiento": "1940-06-13 00:00:00",
        "defuncion": "2019-12-09 00:00:00"
      },
      "geometry": {
        "type": "Point",
        "coordinates": [
          -63.51636682061162,
          -31.56646966624799
        ]
      }
    },
    {
      "type": "Feature",
      "properties": {
        "extinto": "LELIS DEL CARMEN GIGENA",
        "nacimiento": "1943-03-02 00:00:00",
        "defuncion": "2019-10-03 00:00:00"
      },
      "geometry": {
        "type": "Point",
        "coordinates": [
          -63.516387210375335,
          -31.566513192172206
        ]
      }
    },
    {
      "type": "Feature",
      "properties": {
        "extinto": "ZANELLA VICTOR",
        "nacimiento": "1928-09-18 00:00:00",
        "defuncion": "2009-01-31 00:00:00"
      },
      "geometry": {
        "type": "Point",
        "coordinates": [
          -63.516339238001514,
          -31.566466506460756
        ]
      }
    },
    {
      "type": "Feature",
      "properties": {
        "extinto": "GIANOTTI MARIA LIDIA",
        "nacimiento": "1932-08-05 00:00:00",
        "defuncion": "2016-10-18 00:00:00"
      },
      "geometry": {
        "type": "Point",
        "coordinates": [
          -63.516339238001514,
          -31.566466506460756
        ]
      }
    },
    {
      "type": "Feature",
      "properties": {
        "extinto": "AMELIA ISABEL SALORT",
        "nacimiento": "1959-10-25 00:00:00",
        "defuncion": "2021-11-06 00:00:00"
      },
      "geometry": {
        "type": "Point",
        "coordinates": [
          -63.51637191805074,
          -31.566480547729412
        ]
      }
    },
    {
      "type": "Feature",
      "properties": {
        "extinto": "ENRIQUE FRANCISCO SCARONI",
        "nacimiento": "1949-02-05 00:00:00",
        "defuncion": "2020-12-01 00:00:00"
      },
      "geometry": {
        "type": "Point",
        "coordinates": [
          -63.5163821129326,
          -31.566502310691515
        ]
      }
    },
    {
      "type": "Feature",
      "properties": {
        "extinto": "SUTER ELVIO ROBERTO",
        "nacimiento": "1924-12-20 00:00:00",
        "defuncion": "2002-01-10 00:00:00"
      },
      "geometry": {
        "type": "Point",
        "coordinates": [
          -63.51636472519232,
          -31.566520913871127
        ]
      }
    },
    {
      "type": "Feature",
      "properties": {
        "extinto": "VICTORIA BRACAMONTE",
        "nacimiento": "1932-11-25 00:00:00",
        "defuncion": "2023-09-05 00:00:00"
      },
      "geometry": {
        "type": "Point",
        "coordinates": [
          -63.51636472519232,
          -31.566520913871127
        ]
      }
    },
    {
      "type": "Feature",
      "properties": {
        "extinto": "LUIS DELMIRO ZANELLA",
        "nacimiento": "1944-12-03 00:00:00",
        "defuncion": "2018-10-17 00:00:00"
      },
      "geometry": {
        "type": "Point",
        "coordinates": [
          -63.51629065833226,
          -31.566366724465116
        ]
      }
    },
    {
      "type": "Feature",
      "properties": {
        "extinto": "DALMA YAMILE CAVALLI",
        "nacimiento": "1995-03-23 00:00:00",
        "defuncion": "2021-06-30 00:00:00"
      },
      "geometry": {
        "type": "Point",
        "coordinates": [
          -63.5162957557568,
          -31.566377605949896
        ]
      }
    },
    {
      "type": "Feature",
      "properties": {
        "extinto": "LUIS ENRIQUE VANAY",
        "nacimiento": "1936-10-16 00:00:00",
        "defuncion": "1999-09-28 00:00:00"
      },
      "geometry": {
        "type": "Point",
        "coordinates": [
          -63.5163059506095,
          -31.56639936891873
        ]
      }
    },
    {
      "type": "Feature",
      "properties": {
        "extinto": "IRMA VALENTINA LUDUEÑA",
        "nacimiento": "1939-06-23 00:00:00",
        "defuncion": "2002-07-30 00:00:00"
      },
      "geometry": {
        "type": "Point",
        "coordinates": [
          -63.5163059506095,
          -31.56639936891873
        ]
      }
    },
    {
      "type": "Feature",
      "properties": {
        "extinto": "DIEGO FERNANDO ALBERT",
        "nacimiento": "1980-05-23 00:00:00",
        "defuncion": "2009-08-29 00:00:00"
      },
      "geometry": {
        "type": "Point",
        "coordinates": [
          -63.5163059506095,
          -31.56639936891873
        ]
      }
    },
    {
      "type": "Feature",
      "properties": {
        "extinto": "ELSA OLGA DELGADO",
        "nacimiento": "1940-09-20 00:00:00",
        "defuncion": "2021-06-23 00:00:00"
      },
      "geometry": {
        "type": "Point",
        "coordinates": [
          -63.51631104803766,
          -31.566410250402793
        ]
      }
    },
    {
      "type": "Feature",
      "properties": {
        "extinto": "MARIA ROSARIO DELGADO",
        "nacimiento": "1939-08-20 00:00:00",
        "defuncion": "2021-12-01 00:00:00"
      },
      "geometry": {
        "type": "Point",
        "coordinates": [
          -63.51631104803766,
          -31.566410250402793
        ]
      }
    },
    {
      "type": "Feature",
      "properties": {
        "extinto": "VILLARREAL MERCEDEZ",
        "nacimiento": "1912-10-10 00:00:00",
        "defuncion": "2005-04-26 00:00:00"
      },
      "geometry": {
        "type": "Point",
        "coordinates": [
          -63.51631614546703,
          -31.56642113188663
        ]
      }
    },
    {
      "type": "Feature",
      "properties": {
        "extinto": "LUQUE ANGEL MARIANO",
        "nacimiento": "1920-10-10 00:00:00",
        "defuncion": "1976-05-12 00:00:00"
      },
      "geometry": {
        "type": "Point",
        "coordinates": [
          -63.51631614546703,
          -31.56642113188663
        ]
      }
    },
    {
      "type": "Feature",
      "properties": {
        "extinto": "LUDUEÑA TEODOLINA",
        "nacimiento": "1912-10-10 00:00:00",
        "defuncion": "1998-07-03 00:00:00"
      },
      "geometry": {
        "type": "Point",
        "coordinates": [
          -63.51631614546703,
          -31.56642113188663
        ]
      }
    },
    {
      "type": "Feature",
      "properties": {
        "extinto": "LUQUE GRACIELA DEL ROSARIO",
        "nacimiento": "1912-10-10 00:00:00",
        "defuncion": "2003-01-23 00:00:00"
      },
      "geometry": {
        "type": "Point",
        "coordinates": [
          -63.51631614546703,
          -31.56642113188663
        ]
      }
    },
    {
      "type": "Feature",
      "properties": {
        "extinto": "MIRTA NOEMI DEL VALLE CEAGLIO",
        "nacimiento": "1952-10-15 00:00:00",
        "defuncion": "2020-11-15 00:00:00"
      },
      "geometry": {
        "type": "Point",
        "coordinates": [
          -63.516321242897575,
          -31.566432013370235
        ]
      }
    },
    {
      "type": "Feature",
      "properties": {
        "extinto": "MIRIAN DEL VALLE SARABIA",
        "nacimiento": "1962-09-20 00:00:00",
        "defuncion": "2020-08-31 00:00:00"
      },
      "geometry": {
        "type": "Point",
        "coordinates": [
          -63.51632634032933,
          -31.5664428948536
        ]
      }
    },
    {
      "type": "Feature",
      "properties": {
        "extinto": "CAUDANA ELVIO JUAN",
        "nacimiento": "1946-08-11 00:00:00",
        "defuncion": "2016-08-23 00:00:00"
      },
      "geometry": {
        "type": "Point",
        "coordinates": [
          -63.51633143776227,
          -31.566453776336733
        ]
      }
    },
    {
      "type": "Feature",
      "properties": {
        "extinto": "JORGE NORBERTO BRARDA",
        "nacimiento": "1962-05-21 00:00:00",
        "defuncion": "2019-02-23 00:00:00"
      },
      "geometry": {
        "type": "Point",
        "coordinates": [
          -63.51631824091146,
          -31.56636988426324
        ]
      }
    },
    {
      "type": "Feature",
      "properties": {
        "extinto": "FERNANDEZ CECILIA",
        "nacimiento": "1967-03-09 00:00:00",
        "defuncion": "2017-08-06 00:00:00"
      },
      "geometry": {
        "type": "Point",
        "coordinates": [
          -63.51632333833939,
          -31.56638076574687
        ]
      }
    },
    {
      "type": "Feature",
      "properties": {
        "extinto": "JUAN CARLOS FERNANDEZ",
        "nacimiento": "1932-05-23 00:00:00",
        "defuncion": "2022-10-17 00:00:00"
      },
      "geometry": {
        "type": "Point",
        "coordinates": [
          -63.51632333833939,
          -31.56638076574687
        ]
      }
    },
    {
      "type": "Feature",
      "properties": {
        "extinto": "SILVA MATEO",
        "nacimiento": "1914-09-29 00:00:00",
        "defuncion": "2002-05-26 00:00:00"
      },
      "geometry": {
        "type": "Point",
        "coordinates": [
          -63.5163284357685,
          -31.566391647230258
        ]
      }
    },
    {
      "type": "Feature",
      "properties": {
        "extinto": "GOMEZ MARIA ELVIRA",
        "nacimiento": "1911-05-15 00:00:00",
        "defuncion": "2002-11-09 00:00:00"
      },
      "geometry": {
        "type": "Point",
        "coordinates": [
          -63.5163284357685,
          -31.566391647230258
        ]
      }
    },
    {
      "type": "Feature",
      "properties": {
        "extinto": "EMA TABORDA",
        "nacimiento": "1932-02-27 00:00:00",
        "defuncion": "2020-02-16 00:00:00"
      },
      "geometry": {
        "type": "Point",
        "coordinates": [
          -63.516333533198825,
          -31.56640252871342
        ]
      }
    },
    {
      "type": "Feature",
      "properties": {
        "extinto": "JUAN EDUARDO CASTELLANO",
        "nacimiento": "1927-12-08 00:00:00",
        "defuncion": "2020-06-23 00:00:00"
      },
      "geometry": {
        "type": "Point",
        "coordinates": [
          -63.516333533198825,
          -31.56640252871342
        ]
      }
    },
    {
      "type": "Feature",
      "properties": {
        "extinto": "TOLOZA HUGO ALFREDO",
        "nacimiento": "1945-10-10 00:00:00",
        "defuncion": "1993-01-19 00:00:00"
      },
      "geometry": {
        "type": "Point",
        "coordinates": [
          -63.51633863063034,
          -31.566413410196347
        ]
      }
    },
    {
      "type": "Feature",
      "properties": {
        "extinto": "ANGELA ESTER DE SAN ROMAN LUQUE",
        "nacimiento": "1948-07-22 00:00:00",
        "defuncion": "2024-05-21 00:00:00"
      },
      "geometry": {
        "type": "Point",
        "coordinates": [
          -63.51633863063034,
          -31.566413410196347
        ]
      }
    },
    {
      "type": "Feature",
      "properties": {
        "extinto": "MARIANA ANDREA ROBLEDO",
        "nacimiento": "1972-09-13 00:00:00",
        "defuncion": "2020-08-03 00:00:00"
      },
      "geometry": {
        "type": "Point",
        "coordinates": [
          -63.51634372806305,
          -31.566424291679045
        ]
      }
    },
    {
      "type": "Feature",
      "properties": {
        "extinto": "LIENDO ABRAHAN LUIS",
        "nacimiento": "1918-02-16 00:00:00",
        "defuncion": "2002-11-17 00:00:00"
      },
      "geometry": {
        "type": "Point",
        "coordinates": [
          -63.51558713458793,
          -31.566844112526432
        ]
      }
    },
    {
      "type": "Feature",
      "properties": {
        "extinto": "AGUSTIN PINOS",
        "nacimiento": "1927-03-06 00:00:00",
        "defuncion": "2015-04-27 00:00:00"
      },
      "geometry": {
        "type": "Point",
        "coordinates": [
          -63.51558713458793,
          -31.566844112526432
        ]
      }
    },
    {
      "type": "Feature",
      "properties": {
        "extinto": "AURELIA MARIA LAURENTI",
        "nacimiento": "1930-11-17 00:00:00",
        "defuncion": "2009-04-25 00:00:00"
      },
      "geometry": {
        "type": "Point",
        "coordinates": [
          -63.51558713458793,
          -31.566844112526432
        ]
      }
    },
    {
      "type": "Feature",
      "properties": {
        "extinto": "LUCCHESI ERNESTO",
        "nacimiento": "1913-07-06 00:00:00",
        "defuncion": "1988-07-05 00:00:00"
      },
      "geometry": {
        "type": "Point",
        "coordinates": [
          -63.516206621207004,
          -31.566419686660304
        ]
      }
    },
    {
      "type": "Feature",
      "properties": {
        "extinto": "MANZOTTI CELITA LUISA",
        "nacimiento": "1926-01-22 00:00:00",
        "defuncion": "2016-02-09 00:00:00"
      },
      "geometry": {
        "type": "Point",
        "coordinates": [
          -63.516206621207004,
          -31.566419686660304
        ]
      }
    },
    {
      "type": "Feature",
      "properties": {
        "extinto": "ERNESTO ENRIQUE LUCCHESI",
        "nacimiento": "1953-12-01 00:00:00",
        "defuncion": "2020-07-31 00:00:00"
      },
      "geometry": {
        "type": "Point",
        "coordinates": [
          -63.516206621207004,
          -31.566419686660304
        ]
      }
    },
    {
      "type": "Feature",
      "properties": {
        "extinto": "MACHADO MARIA TERESA",
        "nacimiento": "1938-03-06 00:00:00",
        "defuncion": "2012-04-26 00:00:00"
      },
      "geometry": {
        "type": "Point",
        "coordinates": [
          -63.516226049016055,
          -31.56645067370349
        ]
      }
    },
    {
      "type": "Feature",
      "properties": {
        "extinto": "PEDRO JOSE MACHADO",
        "nacimiento": "1944-05-12 00:00:00",
        "defuncion": "2019-05-02 00:00:00"
      },
      "geometry": {
        "type": "Point",
        "coordinates": [
          -63.516226049016055,
          -31.56645067370349
        ]
      }
    },
    {
      "type": "Feature",
      "properties": {
        "extinto": "MACHADO RAMON ALFREDO",
        "nacimiento": "1945-10-10 00:00:00",
        "defuncion": "2004-08-05 00:00:00"
      },
      "geometry": {
        "type": "Point",
        "coordinates": [
          -63.516232529579824,
          -31.56646100168294
        ]
      }
    },
    {
      "type": "Feature",
      "properties": {
        "extinto": "HECTOR ALDO QUEVEDO",
        "nacimiento": "1949-03-28 00:00:00",
        "defuncion": "2017-01-24 00:00:00"
      },
      "geometry": {
        "type": "Point",
        "coordinates": [
          -63.516239006479296,
          -31.566471334631064
        ]
      }
    },
    {
      "type": "Feature",
      "properties": {
        "extinto": "ESCEQUIEL MONCADA",
        "nacimiento": "2014-05-08 00:00:00",
        "defuncion": "2014-05-08 00:00:00"
      },
      "geometry": {
        "type": "Point",
        "coordinates": [
          -63.51625196059829,
          -31.56649199381688
        ]
      }
    },
    {
      "type": "Feature",
      "properties": {
        "extinto": "JOSE  ANGEL  LUDUEÑA",
        "nacimiento": "1955-04-26 00:00:00",
        "defuncion": "2024-03-12 00:00:00"
      },
      "geometry": {
        "type": "Point",
        "coordinates": [
          -63.51625843765995,
          -31.566502323409235
        ]
      }
    },
    {
      "type": "Feature",
      "properties": {
        "extinto": "PASCUAL  GERONIMO  BRANDAN",
        "nacimiento": "1941-05-17 00:00:00",
        "defuncion": "2001-09-03 00:00:00"
      },
      "geometry": {
        "type": "Point",
        "coordinates": [
          -63.51626491472305,
          -31.566512653001222
        ]
      }
    },
    {
      "type": "Feature",
      "properties": {
        "extinto": "QUINTEROS HUGO DANTE",
        "nacimiento": "1949-09-24 00:00:00",
        "defuncion": "2016-10-30 00:00:00"
      },
      "geometry": {
        "type": "Point",
        "coordinates": [
          -63.516271391787576,
          -31.566522982592858
        ]
      }
    },
    {
      "type": "Feature",
      "properties": {
        "extinto": "FERREYRA CARLOS ELADIO",
        "nacimiento": "1915-03-03 00:00:00",
        "defuncion": "1978-12-06 00:00:00"
      },
      "geometry": {
        "type": "Point",
        "coordinates": [
          -63.516277868853585,
          -31.566533312184134
        ]
      }
    },
    {
      "type": "Feature",
      "properties": {
        "extinto": "PERALTA AMELIA DEL ROSARIO",
        "nacimiento": "1917-12-29 00:00:00",
        "defuncion": "1994-06-15 00:00:00"
      },
      "geometry": {
        "type": "Point",
        "coordinates": [
          -63.516277868853585,
          -31.566533312184134
        ]
      }
    },
    {
      "type": "Feature",
      "properties": {
        "extinto": "FERREYRA RAMON ANGEL",
        "nacimiento": "1944-04-14 00:00:00",
        "defuncion": "1964-06-07 00:00:00"
      },
      "geometry": {
        "type": "Point",
        "coordinates": [
          -63.516277868853585,
          -31.566533312184134
        ]
      }
    },
    {
      "type": "Feature",
      "properties": {
        "extinto": "EDUARDO SEGUNDO ARCE",
        "nacimiento": "1939-10-13 00:00:00",
        "defuncion": "2009-07-07 00:00:00"
      },
      "geometry": {
        "type": "Point",
        "coordinates": [
          -63.51629082298985,
          -31.566553971365597
        ]
      }
    },
    {
      "type": "Feature",
      "properties": {
        "extinto": "ABILIA REINA VACA",
        "nacimiento": "1945-01-06 00:00:00",
        "defuncion": "2018-02-24 00:00:00"
      },
      "geometry": {
        "type": "Point",
        "coordinates": [
          -63.51629082298985,
          -31.566553971365597
        ]
      }
    },
    {
      "type": "Feature",
      "properties": {
        "extinto": "ENRIQUE O MANZOTTI",
        "nacimiento": "1933-01-02 00:00:00",
        "defuncion": "1977-01-07 00:00:00"
      },
      "geometry": {
        "type": "Point",
        "coordinates": [
          -63.516234443016984,
          -31.566420204686647
        ]
      }
    },
    {
      "type": "Feature",
      "properties": {
        "extinto": "MANZOTTI ENRIQUE EDUARDO",
        "nacimiento": "1960-01-02 00:00:00",
        "defuncion": "2012-12-11 00:00:00"
      },
      "geometry": {
        "type": "Point",
        "coordinates": [
          -63.516234443016984,
          -31.566420204686647
        ]
      }
    },
    {
      "type": "Feature",
      "properties": {
        "extinto": "CUGAT RODOLFO DEL VALLE",
        "nacimiento": "1956-02-06 00:00:00",
        "defuncion": "1989-06-14 00:00:00"
      },
      "geometry": {
        "type": "Point",
        "coordinates": [
          -63.516240920071645,
          -31.56643053428008
        ]
      }
    },
    {
      "type": "Feature",
      "properties": {
        "extinto": "QUINTEROS HECTOR NICOLAS",
        "nacimiento": "1942-01-29 00:00:00",
        "defuncion": "2005-01-14 00:00:00"
      },
      "geometry": {
        "type": "Point",
        "coordinates": [
          -63.51624739728787,
          -31.566440860518497
        ]
      }
    },
    {
      "type": "Feature",
      "properties": {
        "extinto": "LUDUEÑA JULIO",
        "nacimiento": "1939-07-27 00:00:00",
        "defuncion": "2000-04-06 00:00:00"
      },
      "geometry": {
        "type": "Point",
        "coordinates": [
          -63.516260351244284,
          -31.56646152305822
        ]
      }
    },
    {
      "type": "Feature",
      "properties": {
        "extinto": "BERTONI DANTE MARIA",
        "nacimiento": "1910-07-29 00:00:00",
        "defuncion": "1993-01-02 00:00:00"
      },
      "geometry": {
        "type": "Point",
        "coordinates": [
          -63.516279782429855,
          -31.56649251183312
        ]
      }
    },
    {
      "type": "Feature",
      "properties": {
        "extinto": "CISTERNA BLANCA NIEVE",
        "nacimiento": "1922-03-12 00:00:00",
        "defuncion": "2010-05-31 00:00:00"
      },
      "geometry": {
        "type": "Point",
        "coordinates": [
          -63.516279782429855,
          -31.56649251183312
        ]
      }
    },
    {
      "type": "Feature",
      "properties": {
        "extinto": "CEPEDA MIGUEL ANGEL",
        "nacimiento": "1934-10-09 00:00:00",
        "defuncion": "2003-04-18 00:00:00"
      },
      "geometry": {
        "type": "Point",
        "coordinates": [
          -63.51629273656079,
          -31.566513171014584
        ]
      }
    },
    {
      "type": "Feature",
      "properties": {
        "extinto": "LUISA  ZULMA  ANDRES",
        "nacimiento": "1945-11-01 00:00:00",
        "defuncion": "2024-05-25 00:00:00"
      },
      "geometry": {
        "type": "Point",
        "coordinates": [
          -63.51629273656079,
          -31.566513171014584
        ]
      }
    },
    {
      "type": "Feature",
      "properties": {
        "extinto": "RUBEN FERNANDO ANIBALE",
        "nacimiento": "1961-07-09 00:00:00",
        "defuncion": "2022-04-24 00:00:00"
      },
      "geometry": {
        "type": "Point",
        "coordinates": [
          -63.516299213628415,
          -31.566523500604763
        ]
      }
    },
    {
      "type": "Feature",
      "properties": {
        "extinto": "ANTONIO FLORENCIO LUQUE",
        "nacimiento": "1944-01-07 00:00:00",
        "defuncion": "2018-08-14 00:00:00"
      },
      "geometry": {
        "type": "Point",
        "coordinates": [
          -63.51630569069748,
          -31.566533830194594
        ]
      }
    },
    {
      "type": "Feature",
      "properties": {
        "extinto": "CISNEROS MIGUEL ALEJANDRO",
        "nacimiento": "1974-11-12 00:00:00",
        "defuncion": "2013-12-02 00:00:00"
      },
      "geometry": {
        "type": "Point",
        "coordinates": [
          -63.516312167767964,
          -31.56654415978406
        ]
      }
    },
    {
      "type": "Feature",
      "properties": {
        "extinto": "TERESA MARIA MANZOTTI",
        "nacimiento": "1927-08-15 00:00:00",
        "defuncion": "2004-03-25 00:00:00"
      },
      "geometry": {
        "type": "Point",
        "coordinates": [
          -63.51624931071601,
          -31.566400063521876
        ]
      }
    },
    {
      "type": "Feature",
      "properties": {
        "extinto": "MANZOTTI ENRIQUE",
        "nacimiento": "1900-05-10 00:00:00",
        "defuncion": "1940-07-21 00:00:00"
      },
      "geometry": {
        "type": "Point",
        "coordinates": [
          -63.51624931071601,
          -31.566400063521876
        ]
      }
    },
    {
      "type": "Feature",
      "properties": {
        "extinto": "MOMBRINO MANZOTTI",
        "nacimiento": "1901-05-05 00:00:00",
        "defuncion": "1969-05-28 00:00:00"
      },
      "geometry": {
        "type": "Point",
        "coordinates": [
          -63.51624931071601,
          -31.566400063521876
        ]
      }
    },
    {
      "type": "Feature",
      "properties": {
        "extinto": "ADELA REGNICOLI",
        "nacimiento": "1902-10-06 00:00:00",
        "defuncion": "1969-10-26 00:00:00"
      },
      "geometry": {
        "type": "Point",
        "coordinates": [
          -63.51624931071601,
          -31.566400063521876
        ]
      }
    },
    {
      "type": "Feature",
      "properties": {
        "extinto": "RAMON PALAZON ESTEVES",
        "nacimiento": "1900-01-19 00:00:00",
        "defuncion": "1973-11-13 00:00:00"
      },
      "geometry": {
        "type": "Point",
        "coordinates": [
          -63.51625578777088,
          -31.566410393114587
        ]
      }
    },
    {
      "type": "Feature",
      "properties": {
        "extinto": "JOSEFA DELTEL DE PALAZON",
        "nacimiento": "1900-01-24 00:00:00",
        "defuncion": "1976-07-27 00:00:00"
      },
      "geometry": {
        "type": "Point",
        "coordinates": [
          -63.51625578777088,
          -31.566410393114587
        ]
      }
    },
    {
      "type": "Feature",
      "properties": {
        "extinto": "LUIS PALAZON ESTEVES",
        "nacimiento": "1900-11-10 00:00:00",
        "defuncion": "1977-07-10 00:00:00"
      },
      "geometry": {
        "type": "Point",
        "coordinates": [
          -63.51625578777088,
          -31.566410393114587
        ]
      }
    },
    {
      "type": "Feature",
      "properties": {
        "extinto": "LIDIA ESTER PALAZON DE FORT",
        "nacimiento": "1924-04-25 00:00:00",
        "defuncion": "2005-08-18 00:00:00"
      },
      "geometry": {
        "type": "Point",
        "coordinates": [
          -63.51625578777088,
          -31.566410393114587
        ]
      }
    },
    {
      "type": "Feature",
      "properties": {
        "extinto": "CONSUELO PALAZON",
        "nacimiento": "1928-09-29 00:00:00",
        "defuncion": "2009-10-18 00:00:00"
      },
      "geometry": {
        "type": "Point",
        "coordinates": [
          -63.51625578777088,
          -31.566410393114587
        ]
      }
    },
    {
      "type": "Feature",
      "properties": {
        "extinto": "PALAZON DANIEL FERNANDO",
        "nacimiento": "1954-11-05 00:00:00",
        "defuncion": "2017-01-31 00:00:00"
      },
      "geometry": {
        "type": "Point",
        "coordinates": [
          -63.516262264827176,
          -31.566420722706937
        ]
      }
    },
    {
      "type": "Feature",
      "properties": {
        "extinto": "RAMON ALFREDO PALAZON",
        "nacimiento": "1926-11-10 00:00:00",
        "defuncion": "2006-04-06 00:00:00"
      },
      "geometry": {
        "type": "Point",
        "coordinates": [
          -63.516262264827176,
          -31.566420722706937
        ]
      }
    },
    {
      "type": "Feature",
      "properties": {
        "extinto": "NILDE MARIA TERESA RAIMONDETTO",
        "nacimiento": "1929-04-30 00:00:00",
        "defuncion": "2016-07-26 00:00:00"
      },
      "geometry": {
        "type": "Point",
        "coordinates": [
          -63.516262264827176,
          -31.566420722706937
        ]
      }
    },
    {
      "type": "Feature",
      "properties": {
        "extinto": "CONTI ANGELA FRANCISCA",
        "nacimiento": "1932-03-20 00:00:00",
        "defuncion": "2016-08-29 00:00:00"
      },
      "geometry": {
        "type": "Point",
        "coordinates": [
          -63.516268741884936,
          -31.56643105229892
        ]
      }
    },
    {
      "type": "Feature",
      "properties": {
        "extinto": "ELPIDIO CISTERNA",
        "nacimiento": "1930-03-16 00:00:00",
        "defuncion": "2022-10-07 00:00:00"
      },
      "geometry": {
        "type": "Point",
        "coordinates": [
          -63.516268741884936,
          -31.56643105229892
        ]
      }
    },
    {
      "type": "Feature",
      "properties": {
        "extinto": "NAVARRO MARIA ANGELINA",
        "nacimiento": "1915-11-26 00:00:00",
        "defuncion": "2005-09-04 00:00:00"
      },
      "geometry": {
        "type": "Point",
        "coordinates": [
          -63.51627521894411,
          -31.566441381890552
        ]
      }
    },
    {
      "type": "Feature",
      "properties": {
        "extinto": "LISONI JOSE MIGUEL",
        "nacimiento": "1930-02-20 00:00:00",
        "defuncion": "2009-11-09 00:00:00"
      },
      "geometry": {
        "type": "Point",
        "coordinates": [
          -63.51627521894411,
          -31.566441381890552
        ]
      }
    },
    {
      "type": "Feature",
      "properties": {
        "extinto": "FRANCISCO JOSE MIGUEZ MARTINEZ",
        "nacimiento": "1936-02-13 00:00:00",
        "defuncion": "2018-03-06 00:00:00"
      },
      "geometry": {
        "type": "Point",
        "coordinates": [
          -63.516281696004754,
          -31.56645171148182
        ]
      }
    },
    {
      "type": "Feature",
      "properties": {
        "extinto": "EDITH BONGIOVANNI",
        "nacimiento": "1933-06-01 00:00:00",
        "defuncion": "2024-01-17 00:00:00"
      },
      "geometry": {
        "type": "Point",
        "coordinates": [
          -63.516281696004754,
          -31.56645171148182
        ]
      }
    },
    {
      "type": "Feature",
      "properties": {
        "extinto": "GOMEZ MERCEDES CERERA",
        "nacimiento": "1927-11-06 00:00:00",
        "defuncion": "2008-09-24 00:00:00"
      },
      "geometry": {
        "type": "Point",
        "coordinates": [
          -63.5162946501303,
          -31.56647237066328
        ]
      }
    },
    {
      "type": "Feature",
      "properties": {
        "extinto": "MILANESSO SALVADOR ADEMAR",
        "nacimiento": "1960-12-20 00:00:00",
        "defuncion": "2016-01-27 00:00:00"
      },
      "geometry": {
        "type": "Point",
        "coordinates": [
          -63.516301127195256,
          -31.566482700253463
        ]
      }
    },
    {
      "type": "Feature",
      "properties": {
        "extinto": "BUSTAMANTE ERNESTO FRANCISACO",
        "nacimiento": "1929-02-20 00:00:00",
        "defuncion": "2003-09-12 00:00:00"
      },
      "geometry": {
        "type": "Point",
        "coordinates": [
          -63.516307604261634,
          -31.566493029843297
        ]
      }
    },
    {
      "type": "Feature",
      "properties": {
        "extinto": "ALMADA DIDIMO ALBERTO",
        "nacimiento": "1948-11-02 00:00:00",
        "defuncion": "2015-04-16 00:00:00"
      },
      "geometry": {
        "type": "Point",
        "coordinates": [
          -63.51631408132947,
          -31.56650335943276
        ]
      }
    },
    {
      "type": "Feature",
      "properties": {
        "extinto": "JORGE ALBERTO MANZOTTI",
        "nacimiento": "1947-11-18 00:00:00",
        "defuncion": "2011-08-23 00:00:00"
      },
      "geometry": {
        "type": "Point",
        "coordinates": [
          -63.51632055839873,
          -31.566513689021868
        ]
      }
    },
    {
      "type": "Feature",
      "properties": {
        "extinto": "HECTOR HUGO MANZOTTI",
        "nacimiento": "1944-12-06 00:00:00",
        "defuncion": "2018-04-04 00:00:00"
      },
      "geometry": {
        "type": "Point",
        "coordinates": [
          -63.51632055839873,
          -31.566513689021868
        ]
      }
    },
    {
      "type": "Feature",
      "properties": {
        "extinto": "ARTURO CESAR FERREYRA",
        "nacimiento": "1926-07-05 00:00:00",
        "defuncion": "2003-10-25 00:00:00"
      },
      "geometry": {
        "type": "Point",
        "coordinates": [
          -63.51632703546944,
          -31.56652401861061
        ]
      }
    },
    {
      "type": "Feature",
      "properties": {
        "extinto": "GRAS RAMONA RITA",
        "nacimiento": "1900-05-10 00:00:00",
        "defuncion": "2004-06-27 00:00:00"
      },
      "geometry": {
        "type": "Point",
        "coordinates": [
          -63.51632703546944,
          -31.56652401861061
        ]
      }
    },
    {
      "type": "Feature",
      "properties": {
        "extinto": "LASCANO ERNESTINA",
        "nacimiento": "1927-07-19 00:00:00",
        "defuncion": "2015-12-01 00:00:00"
      },
      "geometry": {
        "type": "Point",
        "coordinates": [
          -63.51632703546944,
          -31.56652401861061
        ]
      }
    },
    {
      "type": "Feature",
      "properties": {
        "extinto": "ALMADA FEDERICO ESTEBAN",
        "nacimiento": "1907-08-03 00:00:00",
        "defuncion": "2000-08-30 00:00:00"
      },
      "geometry": {
        "type": "Point",
        "coordinates": [
          -63.516333512541586,
          -31.566534348198996
        ]
      }
    },
    {
      "type": "Feature",
      "properties": {
        "extinto": "MONCADA EUSEBIA",
        "nacimiento": "1914-08-14 00:00:00",
        "defuncion": "2000-08-20 00:00:00"
      },
      "geometry": {
        "type": "Point",
        "coordinates": [
          -63.516333512541586,
          -31.566534348198996
        ]
      }
    },
    {
      "type": "Feature",
      "properties": {
        "extinto": "ALMADA GABRIEL DARIO",
        "nacimiento": "1970-09-25 00:00:00",
        "defuncion": "1970-09-26 00:00:00"
      },
      "geometry": {
        "type": "Point",
        "coordinates": [
          -63.516333512541586,
          -31.566534348198996
        ]
      }
    },
    {
      "type": "Feature",
      "properties": {
        "extinto": "MARGARITA MAGDALENA BROCELLI",
        "nacimiento": "1923-06-11 00:00:00",
        "defuncion": "2011-04-03 00:00:00"
      },
      "geometry": {
        "type": "Point",
        "coordinates": [
          -63.51608232749866,
          -31.566401409003436
        ]
      }
    },
    {
      "type": "Feature",
      "properties": {
        "extinto": "PEDRO CACIORGNA",
        "nacimiento": "1918-04-25 00:00:00",
        "defuncion": "1990-10-15 00:00:00"
      },
      "geometry": {
        "type": "Point",
        "coordinates": [
          -63.51608232749866,
          -31.566401409003436
        ]
      }
    },
    {
      "type": "Feature",
      "properties": {
        "extinto": "ERMETI ARMANDO NOVELLI",
        "nacimiento": "1924-05-27 00:00:00",
        "defuncion": "2018-06-24 00:00:00"
      },
      "geometry": {
        "type": "Point",
        "coordinates": [
          -63.516174834732546,
          -31.56637991788124
        ]
      }
    },
    {
      "type": "Feature",
      "properties": {
        "extinto": "CARLOS EMILIO LOPEZ",
        "nacimiento": "1949-05-25 00:00:00",
        "defuncion": "2021-07-26 00:00:00"
      },
      "geometry": {
        "type": "Point",
        "coordinates": [
          -63.516201265362824,
          -31.566373777548385
        ]
      }
    },
    {
      "type": "Feature",
      "properties": {
        "extinto": "JUAN MICAHELA MARGARITA",
        "nacimiento": "1925-09-25 00:00:00",
        "defuncion": "2012-10-13 00:00:00"
      },
      "geometry": {
        "type": "Point",
        "coordinates": [
          -63.51621448067666,
          -31.566370707379917
        ]
      }
    },
    {
      "type": "Feature",
      "properties": {
        "extinto": "DEIDERI JOSE ISIDORO",
        "nacimiento": "1925-05-15 00:00:00",
        "defuncion": "1999-06-27 00:00:00"
      },
      "geometry": {
        "type": "Point",
        "coordinates": [
          -63.51621448067666,
          -31.566370707379917
        ]
      }
    },
    {
      "type": "Feature",
      "properties": {
        "extinto": "ROBERTO OMAR SOSA",
        "nacimiento": "1945-02-04 00:00:00",
        "defuncion": "2018-05-10 00:00:00"
      },
      "geometry": {
        "type": "Point",
        "coordinates": [
          -63.51587619081482,
          -31.566450316611604
        ]
      }
    },
    {
      "type": "Feature",
      "properties": {
        "extinto": "ANA PANERO DE SOSA",
        "nacimiento": "1910-11-11 00:00:00",
        "defuncion": "1966-12-30 00:00:00"
      },
      "geometry": {
        "type": "Point",
        "coordinates": [
          -63.515889387619026,
          -31.566447182820205
        ]
      }
    },
    {
      "type": "Feature",
      "properties": {
        "extinto": "SEVERO SOSA",
        "nacimiento": "1903-04-30 00:00:00",
        "defuncion": "1976-06-13 00:00:00"
      },
      "geometry": {
        "type": "Point",
        "coordinates": [
          -63.515889387619026,
          -31.566447182820205
        ]
      }
    },
    {
      "type": "Feature",
      "properties": {
        "extinto": "MAXIMO SOSA",
        "nacimiento": "1943-11-20 00:00:00",
        "defuncion": "1965-06-22 00:00:00"
      },
      "geometry": {
        "type": "Point",
        "coordinates": [
          -63.515889387619026,
          -31.566447182820205
        ]
      }
    },
    {
      "type": "Feature",
      "properties": {
        "extinto": "ROBERTO  RUIZ",
        "nacimiento": "1957-06-15 00:00:00",
        "defuncion": "2023-11-02 00:00:00"
      },
      "geometry": {
        "type": "Point",
        "coordinates": [
          -63.51596184119847,
          -31.566451460826354
        ]
      }
    },
    {
      "type": "Feature",
      "properties": {
        "extinto": "SANTINO BENJAMIN GARCIA",
        "nacimiento": "2013-03-23 00:00:00",
        "defuncion": "2021-07-15 00:00:00"
      },
      "geometry": {
        "type": "Point",
        "coordinates": [
          -63.516034505260485,
          -31.566412628974785
        ]
      }
    },
    {
      "type": "Feature",
      "properties": {
        "extinto": "MEDINA SANDRA BEATRIZ",
        "nacimiento": "1977-11-07 00:00:00",
        "defuncion": "2017-01-05 00:00:00"
      },
      "geometry": {
        "type": "Point",
        "coordinates": [
          -63.516047697767924,
          -31.566409487708004
        ]
      }
    },
    {
      "type": "Feature",
      "properties": {
        "extinto": "CARABANTE GLORIA ANA",
        "nacimiento": "1941-07-15 00:00:00",
        "defuncion": "2013-09-09 00:00:00"
      },
      "geometry": {
        "type": "Point",
        "coordinates": [
          -63.51606089027447,
          -31.56640634643986
        ]
      }
    },
    {
      "type": "Feature",
      "properties": {
        "extinto": "TEJEDA LAURENCIO HECTOR",
        "nacimiento": "2016-12-28 00:00:00",
        "defuncion": "2016-12-28 00:00:00"
      },
      "geometry": {
        "type": "Point",
        "coordinates": [
          -63.51606089027447,
          -31.56640634643986
        ]
      }
    },
    {
      "type": "Feature",
      "properties": {
        "extinto": "EDUARDO DANIEL CACIORGNA",
        "nacimiento": "2017-07-20 00:00:00",
        "defuncion": "2017-07-20 00:00:00"
      },
      "geometry": {
        "type": "Point",
        "coordinates": [
          -63.51606738129668,
          -31.56642633071358
        ]
      }
    },
    {
      "type": "Feature",
      "properties": {
        "extinto": "NAVARRO JOSE MARIA",
        "nacimiento": "1932-09-28 00:00:00",
        "defuncion": "2017-04-16 00:00:00"
      },
      "geometry": {
        "type": "Point",
        "coordinates": [
          -63.51572109894647,
          -31.566506036710603
        ]
      }
    },
    {
      "type": "Feature",
      "properties": {
        "extinto": "CATALINA  CARMEN  ARNALDI",
        "nacimiento": "1936-09-29 00:00:00",
        "defuncion": "2024-05-05 00:00:00"
      },
      "geometry": {
        "type": "Point",
        "coordinates": [
          -63.51572109894647,
          -31.566506036710603
        ]
      }
    },
    {
      "type": "Feature",
      "properties": {
        "extinto": "CARLOS RAMON ROSSI",
        "nacimiento": "1955-03-26 00:00:00",
        "defuncion": "2020-10-06 00:00:00"
      },
      "geometry": {
        "type": "Point",
        "coordinates": [
          -63.51577412695966,
          -31.56649429464489
        ]
      }
    },
    {
      "type": "Feature",
      "properties": {
        "extinto": "DE MICHELE GLADYS REMA",
        "nacimiento": "1942-11-23 00:00:00",
        "defuncion": "1999-06-04 00:00:00"
      },
      "geometry": {
        "type": "Point",
        "coordinates": [
          -63.5156731898727,
          -31.566490959502584
        ]
      }
    },
    {
      "type": "Feature",
      "properties": {
        "extinto": "MARGARIA OLMAR CLEMENCIO",
        "nacimiento": "1943-04-30 00:00:00",
        "defuncion": "2011-11-20 00:00:00"
      },
      "geometry": {
        "type": "Point",
        "coordinates": [
          -63.5156731898727,
          -31.566490959502584
        ]
      }
    },
    {
      "type": "Feature",
      "properties": {
        "extinto": "PABLA  ISABEL  LUDUEÑA",
        "nacimiento": "1945-07-15 00:00:00",
        "defuncion": "2024-06-04 00:00:00"
      },
      "geometry": {
        "type": "Point",
        "coordinates": [
          -63.51536616875873,
          -31.566526921131576
        ]
      }
    },
    {
      "type": "Feature",
      "properties": {
        "extinto": "JUSTA CLEMENTINA GARCIA",
        "nacimiento": "1924-08-15 00:00:00",
        "defuncion": "2009-05-29 00:00:00"
      },
      "geometry": {
        "type": "Point",
        "coordinates": [
          -63.51524697695537,
          -31.56653572952915
        ]
      }
    },
    {
      "type": "Feature",
      "properties": {
        "extinto": "GRACIELA ALBERT",
        "nacimiento": "1952-01-01 00:00:00",
        "defuncion": "1952-10-18 00:00:00"
      },
      "geometry": {
        "type": "Point",
        "coordinates": [
          -63.51524697695537,
          -31.56653572952915
        ]
      }
    },
    {
      "type": "Feature",
      "properties": {
        "extinto": "FRANCISCO JUAN ALBERT",
        "nacimiento": "1921-03-24 00:00:00",
        "defuncion": "2001-11-06 00:00:00"
      },
      "geometry": {
        "type": "Point",
        "coordinates": [
          -63.51524697695537,
          -31.56653572952915
        ]
      }
    },
    {
      "type": "Feature",
      "properties": {
        "extinto": "BERTORELLO NIEVE",
        "nacimiento": "1925-11-30 00:00:00",
        "defuncion": "2006-08-03 00:00:00"
      },
      "geometry": {
        "type": "Point",
        "coordinates": [
          -63.51533459270565,
          -31.566800322678024
        ]
      }
    },
    {
      "type": "Feature",
      "properties": {
        "extinto": "JOSE VICTORIO CAVALLO",
        "nacimiento": "2009-08-24 00:00:00",
        "defuncion": "2009-08-24 00:00:00"
      },
      "geometry": {
        "type": "Point",
        "coordinates": [
          -63.51533459270565,
          -31.566800322678024
        ]
      }
    },
    {
      "type": "Feature",
      "properties": {
        "extinto": "MININ JOSE ANTONIO",
        "nacimiento": "1925-12-09 00:00:00",
        "defuncion": "2009-11-26 00:00:00"
      },
      "geometry": {
        "type": "Point",
        "coordinates": [
          -63.51538623531723,
          -31.566783063655244
        ]
      }
    },
    {
      "type": "Feature",
      "properties": {
        "extinto": "MININ LUIS ANTONIO",
        "nacimiento": "1954-05-18 00:00:00",
        "defuncion": "2006-10-24 00:00:00"
      },
      "geometry": {
        "type": "Point",
        "coordinates": [
          -63.51539421083264,
          -31.5667925938594
        ]
      }
    },
    {
      "type": "Feature",
      "properties": {
        "extinto": "MININ MANUEL FRANCISCO",
        "nacimiento": "1958-03-26 00:00:00",
        "defuncion": "2017-09-18 00:00:00"
      },
      "geometry": {
        "type": "Point",
        "coordinates": [
          -63.51539421083264,
          -31.5667925938594
        ]
      }
    },
    {
      "type": "Feature",
      "properties": {
        "extinto": "MININ IRIS ZULMA",
        "nacimiento": "1955-07-18 00:00:00",
        "defuncion": "2003-05-22 00:00:00"
      },
      "geometry": {
        "type": "Point",
        "coordinates": [
          -63.5154021863497,
          -31.566802124063045
        ]
      }
    },
    {
      "type": "Feature",
      "properties": {
        "extinto": "CABRERA ANTONIA VIRGINIA",
        "nacimiento": "1925-01-01 00:00:00",
        "defuncion": "2008-12-01 00:00:00"
      },
      "geometry": {
        "type": "Point",
        "coordinates": [
          -63.51540315366603,
          -31.56688098495025
        ]
      }
    },
    {
      "type": "Feature",
      "properties": {
        "extinto": "CABRERA NORMA GRACIELA",
        "nacimiento": "1946-01-02 00:00:00",
        "defuncion": "2016-06-29 00:00:00"
      },
      "geometry": {
        "type": "Point",
        "coordinates": [
          -63.51540315366603,
          -31.56688098495025
        ]
      }
    },
    {
      "type": "Feature",
      "properties": {
        "extinto": "MAXIMO JOEL ZANELLA",
        "nacimiento": "2009-09-05 00:00:00",
        "defuncion": "2009-09-09 00:00:00"
      },
      "geometry": {
        "type": "Point",
        "coordinates": [
          -63.51541112919163,
          -31.56689051515309
        ]
      }
    },
    {
      "type": "Feature",
      "properties": {
        "extinto": "JORGE  HORACIO  ZANELLA",
        "nacimiento": "1954-04-26 00:00:00",
        "defuncion": "2023-12-20 00:00:00"
      },
      "geometry": {
        "type": "Point",
        "coordinates": [
          -63.51541112919163,
          -31.56689051515309
        ]
      }
    },
    {
      "type": "Feature",
      "properties": {
        "extinto": "PADRE RICARDO ABEL PALAMARCZUK",
        "nacimiento": "1955-03-29 00:00:00",
        "defuncion": "2018-11-20 00:00:00"
      },
      "geometry": {
        "type": "Point",
        "coordinates": [
          -63.51541910471884,
          -31.566900045355432
        ]
      }
    },
    {
      "type": "Feature",
      "properties": {
        "extinto": "BARBERO MAURO QUINTO",
        "nacimiento": "1953-04-04 00:00:00",
        "defuncion": "2005-06-22 00:00:00"
      },
      "geometry": {
        "type": "Point",
        "coordinates": [
          -63.51542708024771,
          -31.566909575557226
        ]
      }
    },
    {
      "type": "Feature",
      "properties": {
        "extinto": "ETELVINA BERTA SALICRU",
        "nacimiento": "1931-07-04 00:00:00",
        "defuncion": "2008-06-11 00:00:00"
      },
      "geometry": {
        "type": "Point",
        "coordinates": [
          -63.51543505217241,
          -31.566919069856922
        ]
      }
    },
    {
      "type": "Feature",
      "properties": {
        "extinto": "BARBERO DELIA ANITA",
        "nacimiento": "1925-07-24 00:00:00",
        "defuncion": "2016-03-21 00:00:00"
      },
      "geometry": {
        "type": "Point",
        "coordinates": [
          -63.51544306871246,
          -31.566928650000023
        ]
      }
    },
    {
      "type": "Feature",
      "properties": {
        "extinto": "OSCAR PICCINO",
        "nacimiento": "1934-10-31 00:00:00",
        "defuncion": "2017-01-25 00:00:00"
      },
      "geometry": {
        "type": "Point",
        "coordinates": [
          -63.51544306871246,
          -31.566928650000023
        ]
      }
    },
    {
      "type": "Feature",
      "properties": {
        "extinto": "MIRTA MARIA ESTHER ORLANDI",
        "nacimiento": "1943-11-08 00:00:00",
        "defuncion": "2022-08-29 00:00:00"
      },
      "geometry": {
        "type": "Point",
        "coordinates": [
          -63.51544306871246,
          -31.566928650000023
        ]
      }
    },
    {
      "type": "Feature",
      "properties": {
        "extinto": "LUDUEÑA VIVIANA DEL VALLE",
        "nacimiento": "1956-10-18 00:00:00",
        "defuncion": "2016-05-22 00:00:00"
      },
      "geometry": {
        "type": "Point",
        "coordinates": [
          -63.51545100684405,
          -31.56693816615943
        ]
      }
    },
    {
      "type": "Feature",
      "properties": {
        "extinto": "GAVIGLIO CLAUDIA BEATRIZ",
        "nacimiento": "1977-04-05 00:00:00",
        "defuncion": "2005-06-02 00:00:00"
      },
      "geometry": {
        "type": "Point",
        "coordinates": [
          -63.51547493345503,
          -31.56696675675688
        ]
      }
    },
    {
      "type": "Feature",
      "properties": {
        "extinto": "VALERIA  ESTER  GAVIGLIO",
        "nacimiento": "1982-11-17 00:00:00",
        "defuncion": "2024-02-07 00:00:00"
      },
      "geometry": {
        "type": "Point",
        "coordinates": [
          -63.51547493345503,
          -31.56696675675688
        ]
      }
    },
    {
      "type": "Feature",
      "properties": {
        "extinto": "JOSE ALBERTO PEIRONE",
        "nacimiento": "1973-11-24 00:00:00",
        "defuncion": "1973-11-24 00:00:00"
      },
      "geometry": {
        "type": "Point",
        "coordinates": [
          -63.51549088453719,
          -31.566985817152528
        ]
      }
    },
    {
      "type": "Feature",
      "properties": {
        "extinto": "VICTOR HUGO PEIRONE",
        "nacimiento": "1941-01-14 00:00:00",
        "defuncion": "2018-01-23 00:00:00"
      },
      "geometry": {
        "type": "Point",
        "coordinates": [
          -63.51549088453719,
          -31.566985817152528
        ]
      }
    },
    {
      "type": "Feature",
      "properties": {
        "extinto": "SUTER DELFO ROBERTO",
        "nacimiento": "1916-07-01 00:00:00",
        "defuncion": "2000-12-14 00:00:00"
      },
      "geometry": {
        "type": "Point",
        "coordinates": [
          -63.51549886008071,
          -31.56699534734957
        ]
      }
    },
    {
      "type": "Feature",
      "properties": {
        "extinto": "ADELAIDA MARGARITA BONANCEA",
        "nacimiento": "1916-04-24 00:00:00",
        "defuncion": "1973-06-08 00:00:00"
      },
      "geometry": {
        "type": "Point",
        "coordinates": [
          -63.51549886008071,
          -31.56699534734957
        ]
      }
    },
    {
      "type": "Feature",
      "properties": {
        "extinto": "PEREZ RAMON ALBERTO",
        "nacimiento": "1950-08-31 00:00:00",
        "defuncion": "2011-11-14 00:00:00"
      },
      "geometry": {
        "type": "Point",
        "coordinates": [
          -63.51542284668182,
          -31.566868903525254
        ]
      }
    },
    {
      "type": "Feature",
      "properties": {
        "extinto": "MIGUEL ANGEL DIAZ",
        "nacimiento": "1938-07-06 00:00:00",
        "defuncion": "2022-10-23 00:00:00"
      },
      "geometry": {
        "type": "Point",
        "coordinates": [
          -63.51543082220838,
          -31.5668784337269
        ]
      }
    },
    {
      "type": "Feature",
      "properties": {
        "extinto": "DEBAR CASIMIRO JAIME",
        "nacimiento": "1945-05-05 00:00:00",
        "defuncion": "2009-05-22 00:00:00"
      },
      "geometry": {
        "type": "Point",
        "coordinates": [
          -63.51544677326632,
          -31.56689749412858
        ]
      }
    },
    {
      "type": "Feature",
      "properties": {
        "extinto": "MARIA ANGELA CRISTINA ALMADA",
        "nacimiento": "1933-12-05 00:00:00",
        "defuncion": "2019-09-22 00:00:00"
      },
      "geometry": {
        "type": "Point",
        "coordinates": [
          -63.51544677326632,
          -31.56689749412858
        ]
      }
    },
    {
      "type": "Feature",
      "properties": {
        "extinto": "ALMADA MIGUEL ANGEL",
        "nacimiento": "2007-09-06 00:00:00",
        "defuncion": "2007-09-06 00:00:00"
      },
      "geometry": {
        "type": "Point",
        "coordinates": [
          -63.515454748797765,
          -31.56690702432862
        ]
      }
    },
    {
      "type": "Feature",
      "properties": {
        "extinto": "BARRIONUEVO ROMINA BELEN",
        "nacimiento": "1984-09-06 00:00:00",
        "defuncion": "2007-07-21 00:00:00"
      },
      "geometry": {
        "type": "Point",
        "coordinates": [
          -63.515454748797765,
          -31.56690702432862
        ]
      }
    },
    {
      "type": "Feature",
      "properties": {
        "extinto": "BRANDON DIAZ",
        "nacimiento": "2014-05-21 00:00:00",
        "defuncion": "2014-06-26 00:00:00"
      },
      "geometry": {
        "type": "Point",
        "coordinates": [
          -63.515454748797765,
          -31.56690702432862
        ]
      }
    },
    {
      "type": "Feature",
      "properties": {
        "extinto": "CALLEJAS HECTOR FABIAN",
        "nacimiento": "1967-08-04 00:00:00",
        "defuncion": "2008-01-20 00:00:00"
      },
      "geometry": {
        "type": "Point",
        "coordinates": [
          -63.515470699865475,
          -31.56692608472713
        ]
      }
    },
    {
      "type": "Feature",
      "properties": {
        "extinto": "PICCOLOTTO NILDA",
        "nacimiento": "1940-10-02 00:00:00",
        "defuncion": "2007-08-08 00:00:00"
      },
      "geometry": {
        "type": "Point",
        "coordinates": [
          -63.51547867540178,
          -31.56693561492559
        ]
      }
    },
    {
      "type": "Feature",
      "properties": {
        "extinto": "LUDUEÑA-LUQUE ANGEL VALENTIN",
        "nacimiento": "2005-09-06 00:00:00",
        "defuncion": "2005-09-08 00:00:00"
      },
      "geometry": {
        "type": "Point",
        "coordinates": [
          -63.51548665093973,
          -31.56694514512351
        ]
      }
    },
    {
      "type": "Feature",
      "properties": {
        "extinto": "ARREDONDO GREGORIO RANULFO",
        "nacimiento": "1925-11-17 00:00:00",
        "defuncion": "2012-01-31 00:00:00"
      },
      "geometry": {
        "type": "Point",
        "coordinates": [
          -63.51549462647928,
          -31.566954675320897
        ]
      }
    },
    {
      "type": "Feature",
      "properties": {
        "extinto": "LUISA ABED",
        "nacimiento": "1929-01-02 00:00:00",
        "defuncion": "2021-07-31 00:00:00"
      },
      "geometry": {
        "type": "Point",
        "coordinates": [
          -63.51549462647928,
          -31.566954675320897
        ]
      }
    },
    {
      "type": "Feature",
      "properties": {
        "extinto": "BUSTILLO VICTOR HUGO",
        "nacimiento": "1949-09-01 00:00:00",
        "defuncion": "2004-07-30 00:00:00"
      },
      "geometry": {
        "type": "Point",
        "coordinates": [
          -63.5155026020205,
          -31.566964205517785
        ]
      }
    },
    {
      "type": "Feature",
      "properties": {
        "extinto": "NN ONTIVERO BUSTILLO",
        "nacimiento": "2021-03-30 00:00:00",
        "defuncion": "2021-03-30 00:00:00"
      },
      "geometry": {
        "type": "Point",
        "coordinates": [
          -63.5155026020205,
          -31.566964205517785
        ]
      }
    },
    {
      "type": "Feature",
      "properties": {
        "extinto": "MATIAS LEANDRO MIGUEL",
        "nacimiento": "1988-09-06 00:00:00",
        "defuncion": "1998-12-12 00:00:00"
      },
      "geometry": {
        "type": "Point",
        "coordinates": [
          -63.515510577563305,
          -31.56697373571412
        ]
      }
    },
    {
      "type": "Feature",
      "properties": {
        "extinto": "DANTE SEBASTIAN MATIAS",
        "nacimiento": "1956-08-29 00:00:00",
        "defuncion": "2009-06-02 00:00:00"
      },
      "geometry": {
        "type": "Point",
        "coordinates": [
          -63.515510577563305,
          -31.56697373571412
        ]
      }
    },
    {
      "type": "Feature",
      "properties": {
        "extinto": "ITALO GERONIMO ORTIZ",
        "nacimiento": "1940-11-10 00:00:00",
        "defuncion": "2020-09-14 00:00:00"
      },
      "geometry": {
        "type": "Point",
        "coordinates": [
          -63.515510577563305,
          -31.56697373571412
        ]
      }
    },
    {
      "type": "Feature",
      "properties": {
        "extinto": "CESAR FRANCISCO GIRAUDO",
        "nacimiento": "1939-03-26 00:00:00",
        "defuncion": "2007-06-27 00:00:00"
      },
      "geometry": {
        "type": "Point",
        "coordinates": [
          -63.51551832682572,
          -31.566983184533147
        ]
      }
    },
    {
      "type": "Feature",
      "properties": {
        "extinto": "PEREZ RAMON ALBERTO",
        "nacimiento": "1950-08-31 00:00:00",
        "defuncion": "2011-11-14 00:00:00"
      },
      "geometry": {
        "type": "Point",
        "coordinates": [
          -63.51544682078114,
          -31.566854195699506
        ]
      }
    },
    {
      "type": "Feature",
      "properties": {
        "extinto": "GALLO OSVALDO PEDRO",
        "nacimiento": "1942-09-27 00:00:00",
        "defuncion": "2002-02-14 00:00:00"
      },
      "geometry": {
        "type": "Point",
        "coordinates": [
          -63.51546277183811,
          -31.566873256099246
        ]
      }
    },
    {
      "type": "Feature",
      "properties": {
        "extinto": "VIRGINIA  ALICIA  DUBINI",
        "nacimiento": "1965-12-20 00:00:00",
        "defuncion": "2024-04-20 00:00:00"
      },
      "geometry": {
        "type": "Point",
        "coordinates": [
          -63.51547074736906,
          -31.566882786298347
        ]
      }
    },
    {
      "type": "Feature",
      "properties": {
        "extinto": "TORAZZA HUGO FRANCISCO",
        "nacimiento": "1944-07-15 00:00:00",
        "defuncion": "2015-12-30 00:00:00"
      },
      "geometry": {
        "type": "Point",
        "coordinates": [
          -63.515478722901626,
          -31.566892316496908
        ]
      }
    },
    {
      "type": "Feature",
      "properties": {
        "extinto": "NAVARRO MAXIMA CRUZ",
        "nacimiento": "1953-02-18 00:00:00",
        "defuncion": "2015-12-10 00:00:00"
      },
      "geometry": {
        "type": "Point",
        "coordinates": [
          -63.515494673971645,
          -31.566911376892442
        ]
      }
    },
    {
      "type": "Feature",
      "properties": {
        "extinto": "GAVIGLIO ITALO EDELMI",
        "nacimiento": "1937-05-31 00:00:00",
        "defuncion": "2004-01-05 00:00:00"
      },
      "geometry": {
        "type": "Point",
        "coordinates": [
          -63.515494673971645,
          -31.566911376892442
        ]
      }
    },
    {
      "type": "Feature",
      "properties": {
        "extinto": "ROBERTO MARCELINO  DUBINI",
        "nacimiento": "1929-06-02 00:00:00",
        "defuncion": "2007-08-02 00:00:00"
      },
      "geometry": {
        "type": "Point",
        "coordinates": [
          -63.515502649509095,
          -31.5669209070894
        ]
      }
    },
    {
      "type": "Feature",
      "properties": {
        "extinto": "EGLES MARIA DOMINGA GIACOSSA",
        "nacimiento": "1936-03-28 00:00:00",
        "defuncion": "2022-03-13 00:00:00"
      },
      "geometry": {
        "type": "Point",
        "coordinates": [
          -63.515502649509095,
          -31.5669209070894
        ]
      }
    },
    {
      "type": "Feature",
      "properties": {
        "extinto": "BRASSIOLO PABLO ESPIRITU",
        "nacimiento": "1931-09-21 00:00:00",
        "defuncion": "2015-03-08 00:00:00"
      },
      "geometry": {
        "type": "Point",
        "coordinates": [
          -63.51551062504817,
          -31.566930437285844
        ]
      }
    },
    {
      "type": "Feature",
      "properties": {
        "extinto": "ALEJO ANTONIO DEGON",
        "nacimiento": "1943-12-10 00:00:00",
        "defuncion": "1999-12-17 00:00:00"
      },
      "geometry": {
        "type": "Point",
        "coordinates": [
          -63.51551860058888,
          -31.566939967481762
        ]
      }
    },
    {
      "type": "Feature",
      "properties": {
        "extinto": "NEIRA ELBA ROSA",
        "nacimiento": "1938-07-31 00:00:00",
        "defuncion": "2015-08-10 00:00:00"
      },
      "geometry": {
        "type": "Point",
        "coordinates": [
          -63.51553455167518,
          -31.566959027872
        ]
      }
    },
    {
      "type": "Feature",
      "properties": {
        "extinto": "BOCARDO ADELMO ANTONIO",
        "nacimiento": "1916-05-15 00:00:00",
        "defuncion": "1989-08-22 00:00:00"
      },
      "geometry": {
        "type": "Point",
        "coordinates": [
          -63.515542527220795,
          -31.56696855806632
        ]
      }
    },
    {
      "type": "Feature",
      "properties": {
        "extinto": "DUBINI ROSALIA MARIA",
        "nacimiento": "1925-06-02 00:00:00",
        "defuncion": "2003-09-11 00:00:00"
      },
      "geometry": {
        "type": "Point",
        "coordinates": [
          -63.515542527220795,
          -31.56696855806632
        ]
      }
    },
    {
      "type": "Feature",
      "properties": {
        "extinto": "RAQUEL DOMINGA RODRIGUEZ",
        "nacimiento": "1940-11-02 00:00:00",
        "defuncion": "2019-12-23 00:00:00"
      },
      "geometry": {
        "type": "Point",
        "coordinates": [
          -63.51548246484449,
          -31.56686117466516
        ]
      }
    },
    {
      "type": "Feature",
      "properties": {
        "extinto": "LUIS ANGEL DEFAGOT",
        "nacimiento": "1936-05-02 00:00:00",
        "defuncion": "2021-04-08 00:00:00"
      },
      "geometry": {
        "type": "Point",
        "coordinates": [
          -63.51548246484449,
          -31.56686117466516
        ]
      }
    },
    {
      "type": "Feature",
      "properties": {
        "extinto": "DANIELE CATALINA ROSA",
        "nacimiento": "1928-12-15 00:00:00",
        "defuncion": "2017-04-21 00:00:00"
      },
      "geometry": {
        "type": "Point",
        "coordinates": [
          -63.51549841590985,
          -31.56688023506038
        ]
      }
    },
    {
      "type": "Feature",
      "properties": {
        "extinto": "CEGLIO ANGEL CRISTOBAL",
        "nacimiento": "2017-04-25 00:00:00",
        "defuncion": "2017-04-25 00:00:00"
      },
      "geometry": {
        "type": "Point",
        "coordinates": [
          -63.51549841590985,
          -31.56688023506038
        ]
      }
    },
    {
      "type": "Feature",
      "properties": {
        "extinto": "RAMALLO DANIEL JESUS",
        "nacimiento": "1948-03-13 00:00:00",
        "defuncion": "2014-12-16 00:00:00"
      },
      "geometry": {
        "type": "Point",
        "coordinates": [
          -63.515514366981755,
          -31.566899295453478
        ]
      }
    },
    {
      "type": "Feature",
      "properties": {
        "extinto": "RAMALLO FERNANDO ADRIAN",
        "nacimiento": "1993-08-10 00:00:00",
        "defuncion": "2014-04-25 00:00:00"
      },
      "geometry": {
        "type": "Point",
        "coordinates": [
          -63.51552234110886,
          -31.566908825115476
        ]
      }
    },
    {
      "type": "Feature",
      "properties": {
        "extinto": "VISTALLI ANGELA DOMINGA",
        "nacimiento": "1924-04-10 00:00:00",
        "defuncion": "2007-09-02 00:00:00"
      },
      "geometry": {
        "type": "Point",
        "coordinates": [
          -63.515530317922824,
          -31.56691835452911
        ]
      }
    },
    {
      "type": "Feature",
      "properties": {
        "extinto": "JULIO CESAR RONCATO",
        "nacimiento": "1920-01-31 00:00:00",
        "defuncion": "1983-02-07 00:00:00"
      },
      "geometry": {
        "type": "Point",
        "coordinates": [
          -63.515530317922824,
          -31.56691835452911
        ]
      }
    },
    {
      "type": "Feature",
      "properties": {
        "extinto": "GABRIEL RONCATO",
        "nacimiento": "1950-10-10 00:00:00",
        "defuncion": "1951-10-10 00:00:00"
      },
      "geometry": {
        "type": "Point",
        "coordinates": [
          -63.515530317922824,
          -31.56691835452911
        ]
      }
    },
    {
      "type": "Feature",
      "properties": {
        "extinto": "VALENTINA DE RONCATO",
        "nacimiento": "2007-09-13 00:00:00",
        "defuncion": "2007-09-13 00:00:00"
      },
      "geometry": {
        "type": "Point",
        "coordinates": [
          -63.515530317922824,
          -31.56691835452911
        ]
      }
    },
    {
      "type": "Feature",
      "properties": {
        "extinto": "JUAN BAUTISTA RONCATO",
        "nacimiento": "2007-09-13 00:00:00",
        "defuncion": "2007-09-13 00:00:00"
      },
      "geometry": {
        "type": "Point",
        "coordinates": [
          -63.515530317922824,
          -31.56691835452911
        ]
      }
    },
    {
      "type": "Feature",
      "properties": {
        "extinto": "DEGON JUAN PEDRO",
        "nacimiento": "1941-08-11 00:00:00",
        "defuncion": "1976-11-29 00:00:00"
      },
      "geometry": {
        "type": "Point",
        "coordinates": [
          -63.51553829360183,
          -31.566927886039124
        ]
      }
    },
    {
      "type": "Feature",
      "properties": {
        "extinto": "DEGON ANTONIO",
        "nacimiento": "1904-11-15 00:00:00",
        "defuncion": "1982-09-17 00:00:00"
      },
      "geometry": {
        "type": "Point",
        "coordinates": [
          -63.51553829360183,
          -31.566927886039124
        ]
      }
    },
    {
      "type": "Feature",
      "properties": {
        "extinto": "TORAZZA MAGDALENA",
        "nacimiento": "1910-05-26 00:00:00",
        "defuncion": "1986-06-15 00:00:00"
      },
      "geometry": {
        "type": "Point",
        "coordinates": [
          -63.51553829360183,
          -31.566927886039124
        ]
      }
    },
    {
      "type": "Feature",
      "properties": {
        "extinto": "ARREDONDO JOSE GERMAN",
        "nacimiento": "1923-10-17 00:00:00",
        "defuncion": "1963-08-01 00:00:00"
      },
      "geometry": {
        "type": "Point",
        "coordinates": [
          -63.515546269145105,
          -31.566937416233277
        ]
      }
    },
    {
      "type": "Feature",
      "properties": {
        "extinto": "JOSEFA ESTER TEJEDA",
        "nacimiento": "1937-11-08 00:00:00",
        "defuncion": "2022-09-14 00:00:00"
      },
      "geometry": {
        "type": "Point",
        "coordinates": [
          -63.515546269145105,
          -31.566937416233277
        ]
      }
    },
    {
      "type": "Feature",
      "properties": {
        "extinto": "DEGON LUIS ANTONIO",
        "nacimiento": "1966-09-25 00:00:00",
        "defuncion": "2003-10-10 00:00:00"
      },
      "geometry": {
        "type": "Point",
        "coordinates": [
          -63.515554244689994,
          -31.56694694642692
        ]
      }
    },
    {
      "type": "Feature",
      "properties": {
        "extinto": "ALICIA CRISTINA VISCONTI",
        "nacimiento": "1956-12-06 00:00:00",
        "defuncion": "2020-10-07 00:00:00"
      },
      "geometry": {
        "type": "Point",
        "coordinates": [
          -63.51556222023654,
          -31.566956476620028
        ]
      }
    },
    {
      "type": "Feature",
      "properties": {
        "extinto": "CARLOS MARTIN BOCCARDO",
        "nacimiento": "1989-08-17 00:00:00",
        "defuncion": "2022-01-01 00:00:00"
      },
      "geometry": {
        "type": "Point",
        "coordinates": [
          -63.51556222023654,
          -31.566956476620028
        ]
      }
    },
    {
      "type": "Feature",
      "properties": {
        "extinto": "DIAZ RAMON ANTONIO",
        "nacimiento": "1931-08-22 00:00:00",
        "defuncion": "2001-07-15 00:00:00"
      },
      "geometry": {
        "type": "Point",
        "coordinates": [
          -63.515641843819225,
          -31.56688201390858
        ]
      }
    },
    {
      "type": "Feature",
      "properties": {
        "extinto": "PETRONA ESTHER DIAZ",
        "nacimiento": "1933-06-29 00:00:00",
        "defuncion": "1997-02-13 00:00:00"
      },
      "geometry": {
        "type": "Point",
        "coordinates": [
          -63.515641843819225,
          -31.56688201390858
        ]
      }
    },
    {
      "type": "Feature",
      "properties": {
        "extinto": "JOSE ROLANDO ALGARBE",
        "nacimiento": "1941-04-28 00:00:00",
        "defuncion": "2021-08-23 00:00:00"
      },
      "geometry": {
        "type": "Point",
        "coordinates": [
          -63.515641843819225,
          -31.56688201390858
        ]
      }
    },
    {
      "type": "Feature",
      "properties": {
        "extinto": "PACHO JOSE",
        "nacimiento": "1922-03-18 00:00:00",
        "defuncion": "2004-06-15 00:00:00"
      },
      "geometry": {
        "type": "Point",
        "coordinates": [
          -63.51565221078344,
          -31.566900761493073
        ]
      }
    },
    {
      "type": "Feature",
      "properties": {
        "extinto": "ALFREDO ZALAZAR",
        "nacimiento": "1950-10-24 00:00:00",
        "defuncion": "2007-12-30 00:00:00"
      },
      "geometry": {
        "type": "Point",
        "coordinates": [
          -63.51565421999511,
          -31.566876996939428
        ]
      }
    },
    {
      "type": "Feature",
      "properties": {
        "extinto": "ZALAZAR ADOLFO ELOI",
        "nacimiento": "1948-11-09 00:00:00",
        "defuncion": "2016-06-07 00:00:00"
      },
      "geometry": {
        "type": "Point",
        "coordinates": [
          -63.51565421999511,
          -31.566876996939428
        ]
      }
    },
    {
      "type": "Feature",
      "properties": {
        "extinto": "ELVA ROSA GOMEZ",
        "nacimiento": "2018-03-19 00:00:00",
        "defuncion": "2018-03-19 00:00:00"
      },
      "geometry": {
        "type": "Point",
        "coordinates": [
          -63.51565421999511,
          -31.566876996939428
        ]
      }
    },
    {
      "type": "Feature",
      "properties": {
        "extinto": "GUELLO FRARIEL",
        "nacimiento": "2003-06-21 00:00:00",
        "defuncion": "2003-06-21 00:00:00"
      },
      "geometry": {
        "type": "Point",
        "coordinates": [
          -63.51567696313769,
          -31.56689072755156
        ]
      }
    },
    {
      "type": "Feature",
      "properties": {
        "extinto": "MARTINA DE LOURDES ARGUELLO",
        "nacimiento": "2006-10-13 00:00:00",
        "defuncion": "2006-10-13 00:00:00"
      },
      "geometry": {
        "type": "Point",
        "coordinates": [
          -63.51567696313769,
          -31.56689072755156
        ]
      }
    },
    {
      "type": "Feature",
      "properties": {
        "extinto": "GARCIA PEDRO",
        "nacimiento": "2012-11-16 00:00:00",
        "defuncion": "2012-11-16 00:00:00"
      },
      "geometry": {
        "type": "Point",
        "coordinates": [
          -63.5156789723429,
          -31.56686696299757
        ]
      }
    },
    {
      "type": "Feature",
      "properties": {
        "extinto": "GARCIA RODOLFO PEDRO",
        "nacimiento": "1955-03-04 00:00:00",
        "defuncion": "2016-10-02 00:00:00"
      },
      "geometry": {
        "type": "Point",
        "coordinates": [
          -63.5156789723429,
          -31.56686696299757
        ]
      }
    },
    {
      "type": "Feature",
      "properties": {
        "extinto": "ZUNILDA BRACAMONTE",
        "nacimiento": "1937-11-17 00:00:00",
        "defuncion": "2007-07-14 00:00:00"
      },
      "geometry": {
        "type": "Point",
        "coordinates": [
          -63.515691348514785,
          -31.566861946024858
        ]
      }
    },
    {
      "type": "Feature",
      "properties": {
        "extinto": "PALAZON JUAN JOSE",
        "nacimiento": "1930-07-03 00:00:00",
        "defuncion": "2014-12-10 00:00:00"
      },
      "geometry": {
        "type": "Point",
        "coordinates": [
          -63.515691348514785,
          -31.566861946024858
        ]
      }
    },
    {
      "type": "Feature",
      "properties": {
        "extinto": "HONG OSCAR E",
        "nacimiento": "1937-10-10 00:00:00",
        "defuncion": "1991-11-14 00:00:00"
      },
      "geometry": {
        "type": "Point",
        "coordinates": [
          -63.51570372468531,
          -31.566856929050957
        ]
      }
    },
    {
      "type": "Feature",
      "properties": {
        "extinto": "GUSTAVO EDELMI HOMGN",
        "nacimiento": "2012-05-23 00:00:00",
        "defuncion": "2012-05-23 00:00:00"
      },
      "geometry": {
        "type": "Point",
        "coordinates": [
          -63.51570372468531,
          -31.566856929050957
        ]
      }
    },
    {
      "type": "Feature",
      "properties": {
        "extinto": "SOSA VICENTE MARIA",
        "nacimiento": "1929-04-05 00:00:00",
        "defuncion": "2003-10-09 00:00:00"
      },
      "geometry": {
        "type": "Point",
        "coordinates": [
          -63.515714091659,
          -31.566875676630403
        ]
      }
    },
    {
      "type": "Feature",
      "properties": {
        "extinto": "ISELA MARINA TROC",
        "nacimiento": "1935-08-05 00:00:00",
        "defuncion": "2022-06-10 00:00:00"
      },
      "geometry": {
        "type": "Point",
        "coordinates": [
          -63.515714091659,
          -31.566875676630403
        ]
      }
    },
    {
      "type": "Feature",
      "properties": {
        "extinto": "YOLANDA ROSA RODRIGUEZ",
        "nacimiento": "1953-01-19 00:00:00",
        "defuncion": "2009-04-13 00:00:00"
      },
      "geometry": {
        "type": "Point",
        "coordinates": [
          -63.5157161008545,
          -31.56685191207586
        ]
      }
    },
    {
      "type": "Feature",
      "properties": {
        "extinto": "JESUS BENJAMIN RODRIGUEZ",
        "nacimiento": "1920-04-21 00:00:00",
        "defuncion": "1998-02-23 00:00:00"
      },
      "geometry": {
        "type": "Point",
        "coordinates": [
          -63.5157161008545,
          -31.56685191207586
        ]
      }
    },
    {
      "type": "Feature",
      "properties": {
        "extinto": "EMILIA YOLANDA AREVALO",
        "nacimiento": "1932-04-28 00:00:00",
        "defuncion": "2020-03-10 00:00:00"
      },
      "geometry": {
        "type": "Point",
        "coordinates": [
          -63.5157161008545,
          -31.56685191207586
        ]
      }
    },
    {
      "type": "Feature",
      "properties": {
        "extinto": "LOPEZ VILMA GLADIS",
        "nacimiento": "1955-02-18 00:00:00",
        "defuncion": "1999-12-17 00:00:00"
      },
      "geometry": {
        "type": "Point",
        "coordinates": [
          -63.5157264678301,
          -31.566870659654303
        ]
      }
    },
    {
      "type": "Feature",
      "properties": {
        "extinto": "CISTERNA CAYETANO ALFREDO",
        "nacimiento": "1926-08-07 00:00:00",
        "defuncion": "1999-11-05 00:00:00"
      },
      "geometry": {
        "type": "Point",
        "coordinates": [
          -63.515728477022364,
          -31.56684689509958
        ]
      }
    },
    {
      "type": "Feature",
      "properties": {
        "extinto": "SOSA TRANSITO MIGUELINA",
        "nacimiento": "1932-08-14 00:00:00",
        "defuncion": "2015-08-03 00:00:00"
      },
      "geometry": {
        "type": "Point",
        "coordinates": [
          -63.515728477022364,
          -31.56684689509958
        ]
      }
    },
    {
      "type": "Feature",
      "properties": {
        "extinto": "GONGORA JORGE GONZALO",
        "nacimiento": "1987-12-02 00:00:00",
        "defuncion": "2001-04-29 00:00:00"
      },
      "geometry": {
        "type": "Point",
        "coordinates": [
          -63.5157408531889,
          -31.566841878122116
        ]
      }
    },
    {
      "type": "Feature",
      "properties": {
        "extinto": "LUIS ALBERTO RAMELLO",
        "nacimiento": "1948-06-11 00:00:00",
        "defuncion": "2020-06-25 00:00:00"
      },
      "geometry": {
        "type": "Point",
        "coordinates": [
          -63.51575122016826,
          -31.566860625698542
        ]
      }
    },
    {
      "type": "Feature",
      "properties": {
        "extinto": "FERNANDO BERTOLEZ",
        "nacimiento": "1971-05-12 00:00:00",
        "defuncion": "2021-09-06 00:00:00"
      },
      "geometry": {
        "type": "Point",
        "coordinates": [
          -63.51575122016826,
          -31.566860625698542
        ]
      }
    },
    {
      "type": "Feature",
      "properties": {
        "extinto": "RAMON JERONIMO BERTOLEZ",
        "nacimiento": "1911-09-30 00:00:00",
        "defuncion": "2018-11-11 00:00:00"
      },
      "geometry": {
        "type": "Point",
        "coordinates": [
          -63.51575322935409,
          -31.56683686114347
        ]
      }
    },
    {
      "type": "Feature",
      "properties": {
        "extinto": "BENDINELLI IDA",
        "nacimiento": "1915-03-03 00:00:00",
        "defuncion": "2003-08-21 00:00:00"
      },
      "geometry": {
        "type": "Point",
        "coordinates": [
          -63.51576359633535,
          -31.566855608718885
        ]
      }
    },
    {
      "type": "Feature",
      "properties": {
        "extinto": "DEL PINO SIMEON",
        "nacimiento": "1911-08-09 00:00:00",
        "defuncion": "1995-02-28 00:00:00"
      },
      "geometry": {
        "type": "Point",
        "coordinates": [
          -63.51576359633535,
          -31.566855608718885
        ]
      }
    },
    {
      "type": "Feature",
      "properties": {
        "extinto": "DEL PINO JOSE JAVIER",
        "nacimiento": "1947-12-11 00:00:00",
        "defuncion": "1947-12-11 00:00:00"
      },
      "geometry": {
        "type": "Point",
        "coordinates": [
          -63.51576359633535,
          -31.566855608718885
        ]
      }
    },
    {
      "type": "Feature",
      "properties": {
        "extinto": "BENDINELLI LEONE",
        "nacimiento": "1937-08-24 00:00:00",
        "defuncion": "1937-08-24 00:00:00"
      },
      "geometry": {
        "type": "Point",
        "coordinates": [
          -63.51576359633535,
          -31.566855608718885
        ]
      }
    },
    {
      "type": "Feature",
      "properties": {
        "extinto": "MARIA PAGANI DE BENDINELLI",
        "nacimiento": "1950-08-22 00:00:00",
        "defuncion": "1955-07-31 00:00:00"
      },
      "geometry": {
        "type": "Point",
        "coordinates": [
          -63.51576359633535,
          -31.566855608718885
        ]
      }
    },
    {
      "type": "Feature",
      "properties": {
        "extinto": "BENDINELLI INES",
        "nacimiento": "1900-08-22 00:00:00",
        "defuncion": "1919-10-19 00:00:00"
      },
      "geometry": {
        "type": "Point",
        "coordinates": [
          -63.51576359633535,
          -31.566855608718885
        ]
      }
    },
    {
      "type": "Feature",
      "properties": {
        "extinto": "NOBREGA EDUARDO SILVERIO",
        "nacimiento": "1959-02-28 00:00:00",
        "defuncion": "2002-09-15 00:00:00"
      },
      "geometry": {
        "type": "Point",
        "coordinates": [
          -63.51576560551793,
          -31.56683184416363
        ]
      }
    },
    {
      "type": "Feature",
      "properties": {
        "extinto": "TERESA AURORA ROLLE",
        "nacimiento": "1940-10-16 00:00:00",
        "defuncion": "2024-06-28 00:00:00"
      },
      "geometry": {
        "type": "Point",
        "coordinates": [
          -63.51576560551793,
          -31.56683184416363
        ]
      }
    },
    {
      "type": "Feature",
      "properties": {
        "extinto": "DEL PINO ANGEL SIMEON",
        "nacimiento": "2009-12-23 00:00:00",
        "defuncion": "2009-12-23 00:00:00"
      },
      "geometry": {
        "type": "Point",
        "coordinates": [
          -63.51577597250108,
          -31.566850591738028
        ]
      }
    },
    {
      "type": "Feature",
      "properties": {
        "extinto": "DEL PINO MARIA LETICIA",
        "nacimiento": "1981-04-11 00:00:00",
        "defuncion": "1981-12-11 00:00:00"
      },
      "geometry": {
        "type": "Point",
        "coordinates": [
          -63.51577597250108,
          -31.566850591738028
        ]
      }
    },
    {
      "type": "Feature",
      "properties": {
        "extinto": "STRA GRACIELA",
        "nacimiento": "1952-04-03 00:00:00",
        "defuncion": "1994-05-13 00:00:00"
      },
      "geometry": {
        "type": "Point",
        "coordinates": [
          -63.51577597250108,
          -31.566850591738028
        ]
      }
    },
    {
      "type": "Feature",
      "properties": {
        "extinto": "PAZ SILVIO ENRIQUE",
        "nacimiento": "1930-07-14 00:00:00",
        "defuncion": "2010-03-21 00:00:00"
      },
      "geometry": {
        "type": "Point",
        "coordinates": [
          -63.51577798168044,
          -31.566826827182602
        ]
      }
    },
    {
      "type": "Feature",
      "properties": {
        "extinto": "VALLEJO ELSA EMILIA",
        "nacimiento": "1927-02-13 00:00:00",
        "defuncion": "2015-06-24 00:00:00"
      },
      "geometry": {
        "type": "Point",
        "coordinates": [
          -63.51577798168044,
          -31.566826827182602
        ]
      }
    },
    {
      "type": "Feature",
      "properties": {
        "extinto": "MARQUEZ MERCEDES CAYETANA",
        "nacimiento": "1924-05-05 00:00:00",
        "defuncion": "2008-05-22 00:00:00"
      },
      "geometry": {
        "type": "Point",
        "coordinates": [
          -63.51578834866548,
          -31.566845574755988
        ]
      }
    },
    {
      "type": "Feature",
      "properties": {
        "extinto": "RENNA SEGUNDO",
        "nacimiento": "1915-04-23 00:00:00",
        "defuncion": "1990-06-25 00:00:00"
      },
      "geometry": {
        "type": "Point",
        "coordinates": [
          -63.51578834866548,
          -31.566845574755988
        ]
      }
    },
    {
      "type": "Feature",
      "properties": {
        "extinto": "AURORA RENNA",
        "nacimiento": "1909-03-20 00:00:00",
        "defuncion": "1983-11-07 00:00:00"
      },
      "geometry": {
        "type": "Point",
        "coordinates": [
          -63.51578834866548,
          -31.566845574755988
        ]
      }
    },
    {
      "type": "Feature",
      "properties": {
        "extinto": "MARIANA BESSONE",
        "nacimiento": "1900-09-08 00:00:00",
        "defuncion": "1968-08-10 00:00:00"
      },
      "geometry": {
        "type": "Point",
        "coordinates": [
          -63.51578834866548,
          -31.566845574755988
        ]
      }
    },
    {
      "type": "Feature",
      "properties": {
        "extinto": "RODRIGUEZ MELITON",
        "nacimiento": "1926-03-11 00:00:00",
        "defuncion": "1984-11-13 00:00:00"
      },
      "geometry": {
        "type": "Point",
        "coordinates": [
          -63.51580695065704,
          -31.566819474176555
        ]
      }
    },
    {
      "type": "Feature",
      "properties": {
        "extinto": "MARTINEZ CARMEN DE MARIOTTA",
        "nacimiento": "1910-12-07 00:00:00",
        "defuncion": "1913-04-14 00:00:00"
      },
      "geometry": {
        "type": "Point",
        "coordinates": [
          -63.51580695065704,
          -31.566819474176555
        ]
      }
    },
    {
      "type": "Feature",
      "properties": {
        "extinto": "RODRIGUEZ MONICA SILVIA",
        "nacimiento": "1955-08-04 00:00:00",
        "defuncion": "1989-08-27 00:00:00"
      },
      "geometry": {
        "type": "Point",
        "coordinates": [
          -63.51580695065704,
          -31.566819474176555
        ]
      }
    },
    {
      "type": "Feature",
      "properties": {
        "extinto": "DOMINGA BEDOGNI DE BELTRAMO",
        "nacimiento": "2006-10-12 00:00:00",
        "defuncion": "2006-10-12 00:00:00"
      },
      "geometry": {
        "type": "Point",
        "coordinates": [
          -63.51581999821158,
          -31.566836951603964
        ]
      }
    },
    {
      "type": "Feature",
      "properties": {
        "extinto": "ROSA BEDOGNI",
        "nacimiento": "2006-10-12 00:00:00",
        "defuncion": "2006-10-12 00:00:00"
      },
      "geometry": {
        "type": "Point",
        "coordinates": [
          -63.51581999821158,
          -31.566836951603964
        ]
      }
    },
    {
      "type": "Feature",
      "properties": {
        "extinto": "PRIMO BELTRAMO",
        "nacimiento": "2006-10-12 00:00:00",
        "defuncion": "2006-10-12 00:00:00"
      },
      "geometry": {
        "type": "Point",
        "coordinates": [
          -63.51581999821158,
          -31.566836951603964
        ]
      }
    },
    {
      "type": "Feature",
      "properties": {
        "extinto": "LEDESMA MARIA ELIDA",
        "nacimiento": "1931-06-23 00:00:00",
        "defuncion": "2007-06-05 00:00:00"
      },
      "geometry": {
        "type": "Point",
        "coordinates": [
          -63.5158184883338,
          -31.566813159963456
        ]
      }
    },
    {
      "type": "Feature",
      "properties": {
        "extinto": "JUAN R ALEJOS",
        "nacimiento": "1960-05-22 00:00:00",
        "defuncion": "1968-06-27 00:00:00"
      },
      "geometry": {
        "type": "Point",
        "coordinates": [
          -63.5158184883338,
          -31.566813159963456
        ]
      }
    },
    {
      "type": "Feature",
      "properties": {
        "extinto": "ALVAREZ HUGO DANIEL",
        "nacimiento": "1937-07-20 00:00:00",
        "defuncion": "2003-12-18 00:00:00"
      },
      "geometry": {
        "type": "Point",
        "coordinates": [
          -63.51583153588957,
          -31.566830637389693
        ]
      }
    },
    {
      "type": "Feature",
      "properties": {
        "extinto": "JOSE ANTONIO CARRERAS",
        "nacimiento": "1944-11-01 00:00:00",
        "defuncion": "2018-08-24 00:00:00"
      },
      "geometry": {
        "type": "Point",
        "coordinates": [
          -63.51583153588957,
          -31.566830637389693
        ]
      }
    },
    {
      "type": "Feature",
      "properties": {
        "extinto": "LORENA ISABEL LUNA",
        "nacimiento": "2006-11-10 00:00:00",
        "defuncion": "2006-11-10 00:00:00"
      },
      "geometry": {
        "type": "Point",
        "coordinates": [
          -63.5158474060255,
          -31.566851921808986
        ]
      }
    },
    {
      "type": "Feature",
      "properties": {
        "extinto": "CASIMIRO SANTOS LUNA",
        "nacimiento": "1946-11-03 00:00:00",
        "defuncion": "2020-10-17 00:00:00"
      },
      "geometry": {
        "type": "Point",
        "coordinates": [
          -63.5158474060255,
          -31.566851921808986
        ]
      }
    },
    {
      "type": "Feature",
      "properties": {
        "extinto": "ARIEL RODOLFO BIANCO",
        "nacimiento": "1973-07-25 00:00:00",
        "defuncion": "2022-09-07 00:00:00"
      },
      "geometry": {
        "type": "Point",
        "coordinates": [
          -63.5158474060255,
          -31.566851921808986
        ]
      }
    },
    {
      "type": "Feature",
      "properties": {
        "extinto": "FEDERICO HECTOR  MARCATO",
        "nacimiento": "1938-08-06 00:00:00",
        "defuncion": "2023-12-07 00:00:00"
      },
      "geometry": {
        "type": "Point",
        "coordinates": [
          -63.515830026008985,
          -31.566806845749312
        ]
      }
    },
    {
      "type": "Feature",
      "properties": {
        "extinto": "AGUIRRE CLAUDIO PETRONILO",
        "nacimiento": "1975-11-16 00:00:00",
        "defuncion": "2004-11-15 00:00:00"
      },
      "geometry": {
        "type": "Point",
        "coordinates": [
          -63.515841563682606,
          -31.566800531534167
        ]
      }
    },
    {
      "type": "Feature",
      "properties": {
        "extinto": "BEDOGNI JUAN JOSE",
        "nacimiento": "1935-04-18 00:00:00",
        "defuncion": "2006-05-04 00:00:00"
      },
      "geometry": {
        "type": "Point",
        "coordinates": [
          -63.51585461124084,
          -31.566818008958055
        ]
      }
    },
    {
      "type": "Feature",
      "properties": {
        "extinto": "JOSE BEDOGNI",
        "nacimiento": "2006-10-11 00:00:00",
        "defuncion": "2006-10-11 00:00:00"
      },
      "geometry": {
        "type": "Point",
        "coordinates": [
          -63.51585461124084,
          -31.566818008958055
        ]
      }
    },
    {
      "type": "Feature",
      "properties": {
        "extinto": "FERREYRA CARLOS BONIFACIO",
        "nacimiento": "1939-10-20 00:00:00",
        "defuncion": "2003-06-05 00:00:00"
      },
      "geometry": {
        "type": "Point",
        "coordinates": [
          -63.515853101354665,
          -31.566794217317977
        ]
      }
    },
    {
      "type": "Feature",
      "properties": {
        "extinto": "BARIZONE ESTEBAN ANGEL",
        "nacimiento": "1913-06-14 00:00:00",
        "defuncion": "1992-10-01 00:00:00"
      },
      "geometry": {
        "type": "Point",
        "coordinates": [
          -63.515866148914135,
          -31.56681169474068
        ]
      }
    },
    {
      "type": "Feature",
      "properties": {
        "extinto": "AGUSTINA LUDUEÑA",
        "nacimiento": "1938-01-13 00:00:00",
        "defuncion": "2022-05-30 00:00:00"
      },
      "geometry": {
        "type": "Point",
        "coordinates": [
          -63.515866148914135,
          -31.56681169474068
        ]
      }
    },
    {
      "type": "Feature",
      "properties": {
        "extinto": "HERRERA JUAN CARLOS",
        "nacimiento": "1923-01-15 00:00:00",
        "defuncion": "1979-06-01 00:00:00"
      },
      "geometry": {
        "type": "Point",
        "coordinates": [
          -63.5158820190546,
          -31.566832979155706
        ]
      }
    },
    {
      "type": "Feature",
      "properties": {
        "extinto": "ORTIZ CEFERINA ANTONIA",
        "nacimiento": "1928-08-26 00:00:00",
        "defuncion": "2017-07-03 00:00:00"
      },
      "geometry": {
        "type": "Point",
        "coordinates": [
          -63.5158820190546,
          -31.566832979155706
        ]
      }
    },
    {
      "type": "Feature",
      "properties": {
        "extinto": "ANTONIO BEDOGNI",
        "nacimiento": "1930-04-30 00:00:00",
        "defuncion": "2006-07-20 00:00:00"
      },
      "geometry": {
        "type": "Point",
        "coordinates": [
          -63.51586463902516,
          -31.566787903100746
        ]
      }
    },
    {
      "type": "Feature",
      "properties": {
        "extinto": "CECILIA RANZIERI",
        "nacimiento": "2006-10-11 00:00:00",
        "defuncion": "2006-10-11 00:00:00"
      },
      "geometry": {
        "type": "Point",
        "coordinates": [
          -63.51586463902516,
          -31.566787903100746
        ]
      }
    },
    {
      "type": "Feature",
      "properties": {
        "extinto": "JAVIER BELTRAMO",
        "nacimiento": "2006-10-11 00:00:00",
        "defuncion": "2006-10-11 00:00:00"
      },
      "geometry": {
        "type": "Point",
        "coordinates": [
          -63.51586463902516,
          -31.566787903100746
        ]
      }
    },
    {
      "type": "Feature",
      "properties": {
        "extinto": "N/N BEDOGNI",
        "nacimiento": "2006-10-11 00:00:00",
        "defuncion": "2006-10-11 00:00:00"
      },
      "geometry": {
        "type": "Point",
        "coordinates": [
          -63.51586463902516,
          -31.566787903100746
        ]
      }
    },
    {
      "type": "Feature",
      "properties": {
        "extinto": "TORAZZA ELIAS OSCAR",
        "nacimiento": "1988-10-10 00:00:00",
        "defuncion": "2003-11-16 00:00:00"
      },
      "geometry": {
        "type": "Point",
        "coordinates": [
          -63.51587768658587,
          -31.566805380522283
        ]
      }
    },
    {
      "type": "Feature",
      "properties": {
        "extinto": "ILDA ROSA CHIALVA",
        "nacimiento": "1927-09-07 00:00:00",
        "defuncion": "2012-05-16 00:00:00"
      },
      "geometry": {
        "type": "Point",
        "coordinates": [
          -63.51589355672785,
          -31.566826664935878
        ]
      }
    },
    {
      "type": "Feature",
      "properties": {
        "extinto": "BERGESIO JUAN CARLOS",
        "nacimiento": "2015-02-23 00:00:00",
        "defuncion": "2015-02-23 00:00:00"
      },
      "geometry": {
        "type": "Point",
        "coordinates": [
          -63.51589355672785,
          -31.566826664935878
        ]
      }
    },
    {
      "type": "Feature",
      "properties": {
        "extinto": "BEDOGNI RENATO GUILLERMO",
        "nacimiento": "1938-05-16 00:00:00",
        "defuncion": "2002-09-29 00:00:00"
      },
      "geometry": {
        "type": "Point",
        "coordinates": [
          -63.51587617669409,
          -31.56678158888249
        ]
      }
    },
    {
      "type": "Feature",
      "properties": {
        "extinto": "DEIDAMIA ANGELICA PAZ",
        "nacimiento": "1942-08-12 00:00:00",
        "defuncion": "2022-01-27 00:00:00"
      },
      "geometry": {
        "type": "Point",
        "coordinates": [
          -63.51587617669409,
          -31.56678158888249
        ]
      }
    },
    {
      "type": "Feature",
      "properties": {
        "extinto": "NN - ORONADO DELGADO ORIANA AYLEN",
        "nacimiento": "2004-08-24 00:00:00",
        "defuncion": "2004-08-24 00:00:00"
      },
      "geometry": {
        "type": "Point",
        "coordinates": [
          -63.51588771436147,
          -31.566775274663204
        ]
      }
    },
    {
      "type": "Feature",
      "properties": {
        "extinto": "LIDIA  ROSA  AGUIRRE",
        "nacimiento": "1943-04-15 00:00:00",
        "defuncion": "2024-03-30 00:00:00"
      },
      "geometry": {
        "type": "Point",
        "coordinates": [
          -63.51588771436147,
          -31.566775274663204
        ]
      }
    },
    {
      "type": "Feature",
      "properties": {
        "extinto": "FRANCISCO ROLDAN",
        "nacimiento": "1916-10-04 00:00:00",
        "defuncion": "2003-04-11 00:00:00"
      },
      "geometry": {
        "type": "Point",
        "coordinates": [
          -63.51590076192464,
          -31.566792752082392
        ]
      }
    },
    {
      "type": "Feature",
      "properties": {
        "extinto": "BRAULIA ALMADA",
        "nacimiento": "1923-04-26 00:00:00",
        "defuncion": "2020-09-24 00:00:00"
      },
      "geometry": {
        "type": "Point",
        "coordinates": [
          -63.51590076192464,
          -31.566792752082392
        ]
      }
    },
    {
      "type": "Feature",
      "properties": {
        "extinto": "FERRERO JUAN BAUTISTA",
        "nacimiento": "1916-03-02 00:00:00",
        "defuncion": "1956-09-08 00:00:00"
      },
      "geometry": {
        "type": "Point",
        "coordinates": [
          -63.51589925054669,
          -31.566768960488268
        ]
      }
    },
    {
      "type": "Feature",
      "properties": {
        "extinto": "LUDUEÑA ROSA LIDIA",
        "nacimiento": "1927-12-23 00:00:00",
        "defuncion": "2014-05-06 00:00:00"
      },
      "geometry": {
        "type": "Point",
        "coordinates": [
          -63.51589925054669,
          -31.566768960488268
        ]
      }
    },
    {
      "type": "Feature",
      "properties": {
        "extinto": "VILCHI TEOTIMO",
        "nacimiento": "1919-12-26 00:00:00",
        "defuncion": "2000-11-01 00:00:00"
      },
      "geometry": {
        "type": "Point",
        "coordinates": [
          -63.51592816973818,
          -31.566807722270212
        ]
      }
    },
    {
      "type": "Feature",
      "properties": {
        "extinto": "ALMADA MARIA ESTHER",
        "nacimiento": "1925-10-13 00:00:00",
        "defuncion": "2014-08-15 00:00:00"
      },
      "geometry": {
        "type": "Point",
        "coordinates": [
          -63.51592816973818,
          -31.566807722270212
        ]
      }
    },
    {
      "type": "Feature",
      "properties": {
        "extinto": "GIOVINE YOLANDA ,MARIA",
        "nacimiento": "1932-02-29 00:00:00",
        "defuncion": "2003-06-19 00:00:00"
      },
      "geometry": {
        "type": "Point",
        "coordinates": [
          -63.51599117746174,
          -31.566718583788813
        ]
      }
    },
    {
      "type": "Feature",
      "properties": {
        "extinto": "JOSE MARIA MARTINEZ",
        "nacimiento": "1927-09-03 00:00:00",
        "defuncion": "2019-01-15 00:00:00"
      },
      "geometry": {
        "type": "Point",
        "coordinates": [
          -63.51599117746174,
          -31.566718583788813
        ]
      }
    },
    {
      "type": "Feature",
      "properties": {
        "extinto": "CARLOS HUGO AGUERO",
        "nacimiento": "1950-08-06 00:00:00",
        "defuncion": "2008-11-27 00:00:00"
      },
      "geometry": {
        "type": "Point",
        "coordinates": [
          -63.51601449944995,
          -31.56676001843995
        ]
      }
    },
    {
      "type": "Feature",
      "properties": {
        "extinto": "ATILIO JOSE ASSOLINI",
        "nacimiento": "1953-06-01 00:00:00",
        "defuncion": "2017-10-30 00:00:00"
      },
      "geometry": {
        "type": "Point",
        "coordinates": [
          -63.51600351125927,
          -31.566713490927715
        ]
      }
    },
    {
      "type": "Feature",
      "properties": {
        "extinto": "ARREGUI ARTURO ADALBERTO",
        "nacimiento": "1945-09-30 00:00:00",
        "defuncion": "2009-01-27 00:00:00"
      },
      "geometry": {
        "type": "Point",
        "coordinates": [
          -63.516014035028334,
          -31.56673217434899
        ]
      }
    },
    {
      "type": "Feature",
      "properties": {
        "extinto": "CEAGLIO JUAN JOAQUIN",
        "nacimiento": "1907-08-21 00:00:00",
        "defuncion": "1977-10-07 00:00:00"
      },
      "geometry": {
        "type": "Point",
        "coordinates": [
          -63.516026831775264,
          -31.566754925470697
        ]
      }
    },
    {
      "type": "Feature",
      "properties": {
        "extinto": "CEAGLIO JOSEFA",
        "nacimiento": "1926-04-14 00:00:00",
        "defuncion": "2000-11-27 00:00:00"
      },
      "geometry": {
        "type": "Point",
        "coordinates": [
          -63.516026831775264,
          -31.566754925470697
        ]
      }
    },
    {
      "type": "Feature",
      "properties": {
        "extinto": "MARGARITA CIAGLIO",
        "nacimiento": "1920-11-09 00:00:00",
        "defuncion": "2006-09-25 00:00:00"
      },
      "geometry": {
        "type": "Point",
        "coordinates": [
          -63.516026831775264,
          -31.566754925470697
        ]
      }
    },
    {
      "type": "Feature",
      "properties": {
        "extinto": "BRASSIOLO HECTOR LUIS",
        "nacimiento": "1935-07-21 00:00:00",
        "defuncion": "2010-09-05 00:00:00"
      },
      "geometry": {
        "type": "Point",
        "coordinates": [
          -63.51603916557556,
          -31.566749832606174
        ]
      }
    },
    {
      "type": "Feature",
      "properties": {
        "extinto": "SOSA ANGELINA",
        "nacimiento": "1946-01-25 00:00:00",
        "defuncion": "2010-12-14 00:00:00"
      },
      "geometry": {
        "type": "Point",
        "coordinates": [
          -63.51603916557556,
          -31.566749832606174
        ]
      }
    },
    {
      "type": "Feature",
      "properties": {
        "extinto": "SERRANO PEDROP B",
        "nacimiento": "1960-01-01 00:00:00",
        "defuncion": "1962-06-28 00:00:00"
      },
      "geometry": {
        "type": "Point",
        "coordinates": [
          -63.51602817885028,
          -31.566703305202008
        ]
      }
    },
    {
      "type": "Feature",
      "properties": {
        "extinto": "FONSECA PETRONILA",
        "nacimiento": "1959-04-26 00:00:00",
        "defuncion": "1969-02-02 00:00:00"
      },
      "geometry": {
        "type": "Point",
        "coordinates": [
          -63.51602817885028,
          -31.566703305202008
        ]
      }
    },
    {
      "type": "Feature",
      "properties": {
        "extinto": "MENICHETTI LIDIA",
        "nacimiento": "1926-02-13 00:00:00",
        "defuncion": "1963-08-09 00:00:00"
      },
      "geometry": {
        "type": "Point",
        "coordinates": [
          -63.51602817885028,
          -31.566703305202008
        ]
      }
    },
    {
      "type": "Feature",
      "properties": {
        "extinto": "CAFFARENA ROSA ESTER",
        "nacimiento": "1945-04-30 00:00:00",
        "defuncion": "2010-10-27 00:00:00"
      },
      "geometry": {
        "type": "Point",
        "coordinates": [
          -63.51603870262308,
          -31.566721988621218
        ]
      }
    },
    {
      "type": "Feature",
      "properties": {
        "extinto": "CACERES RICARDO RAUL",
        "nacimiento": "1965-11-10 00:00:00",
        "defuncion": "2015-02-17 00:00:00"
      },
      "geometry": {
        "type": "Point",
        "coordinates": [
          -63.51603870262308,
          -31.566721988621218
        ]
      }
    },
    {
      "type": "Feature",
      "properties": {
        "extinto": "GOMEZ BENANCIO ARMANDO",
        "nacimiento": "1950-03-24 00:00:00",
        "defuncion": "2012-11-16 00:00:00"
      },
      "geometry": {
        "type": "Point",
        "coordinates": [
          -63.51605149937451,
          -31.566744739740443
        ]
      }
    },
    {
      "type": "Feature",
      "properties": {
        "extinto": "BUDASSI VICTORIO",
        "nacimiento": "1920-08-17 00:00:00",
        "defuncion": "2004-10-06 00:00:00"
      },
      "geometry": {
        "type": "Point",
        "coordinates": [
          -63.51604050651358,
          -31.566698220365485
        ]
      }
    },
    {
      "type": "Feature",
      "properties": {
        "extinto": "PETRONILA DORA SERRANO",
        "nacimiento": "1930-10-23 00:00:00",
        "defuncion": "2022-08-06 00:00:00"
      },
      "geometry": {
        "type": "Point",
        "coordinates": [
          -63.51604050651358,
          -31.566698220365485
        ]
      }
    },
    {
      "type": "Feature",
      "properties": {
        "extinto": "ALBA BEATRIZ TABORDA",
        "nacimiento": "1940-08-13 00:00:00",
        "defuncion": "2003-05-27 00:00:00"
      },
      "geometry": {
        "type": "Point",
        "coordinates": [
          -63.5160510364184,
          -31.566716895755576
        ]
      }
    },
    {
      "type": "Feature",
      "properties": {
        "extinto": "SERRANO RAMON ROGELIO",
        "nacimiento": "1969-03-17 00:00:00",
        "defuncion": "2018-07-21 00:00:00"
      },
      "geometry": {
        "type": "Point",
        "coordinates": [
          -63.5160510364184,
          -31.566716895755576
        ]
      }
    },
    {
      "type": "Feature",
      "properties": {
        "extinto": "NOVELLI RODOLFO",
        "nacimiento": "1921-05-05 00:00:00",
        "defuncion": "2001-11-22 00:00:00"
      },
      "geometry": {
        "type": "Point",
        "coordinates": [
          -63.516063833172105,
          -31.566739646873554
        ]
      }
    },
    {
      "type": "Feature",
      "properties": {
        "extinto": "ALVAREZ MAGDALENA DE JESUS",
        "nacimiento": "1927-12-25 00:00:00",
        "defuncion": "2003-07-29 00:00:00"
      },
      "geometry": {
        "type": "Point",
        "coordinates": [
          -63.516063833172105,
          -31.566739646873554
        ]
      }
    },
    {
      "type": "Feature",
      "properties": {
        "extinto": "JULIO VICTORIO DAPRA",
        "nacimiento": "1928-01-02 00:00:00",
        "defuncion": "1997-01-15 00:00:00"
      },
      "geometry": {
        "type": "Point",
        "coordinates": [
          -63.51605283543525,
          -31.56669311877544
        ]
      }
    },
    {
      "type": "Feature",
      "properties": {
        "extinto": "NORIS DEL CARMEN DAPRA",
        "nacimiento": "1953-12-31 00:00:00",
        "defuncion": "2015-10-16 00:00:00"
      },
      "geometry": {
        "type": "Point",
        "coordinates": [
          -63.51605283543525,
          -31.56669311877544
        ]
      }
    },
    {
      "type": "Feature",
      "properties": {
        "extinto": "MARIS IRIS DAPRA",
        "nacimiento": "1964-02-14 00:00:00",
        "defuncion": "2016-03-14 00:00:00"
      },
      "geometry": {
        "type": "Point",
        "coordinates": [
          -63.51605283543525,
          -31.56669311877544
        ]
      }
    },
    {
      "type": "Feature",
      "properties": {
        "extinto": "FERREYRA SEGUNDO",
        "nacimiento": "1929-06-14 00:00:00",
        "defuncion": "2015-07-04 00:00:00"
      },
      "geometry": {
        "type": "Point",
        "coordinates": [
          -63.51606337021236,
          -31.566711802888744
        ]
      }
    },
    {
      "type": "Feature",
      "properties": {
        "extinto": "SUSANA DEL VALLE SERRANO",
        "nacimiento": "1932-09-29 00:00:00",
        "defuncion": "2019-03-04 00:00:00"
      },
      "geometry": {
        "type": "Point",
        "coordinates": [
          -63.51606337021236,
          -31.566711802888744
        ]
      }
    },
    {
      "type": "Feature",
      "properties": {
        "extinto": "MURUA AMADEO RUBEN",
        "nacimiento": "1948-12-19 00:00:00",
        "defuncion": "2002-10-12 00:00:00"
      },
      "geometry": {
        "type": "Point",
        "coordinates": [
          -63.516065180226626,
          -31.566688026604577
        ]
      }
    },
    {
      "type": "Feature",
      "properties": {
        "extinto": "GERBAUDO RICARDO",
        "nacimiento": "1955-03-27 00:00:00",
        "defuncion": "2006-05-23 00:00:00"
      },
      "geometry": {
        "type": "Point",
        "coordinates": [
          -63.516075704005,
          -31.566706710020753
        ]
      }
    },
    {
      "type": "Feature",
      "properties": {
        "extinto": "MARIA ANGELICA BUSTO",
        "nacimiento": "1923-03-09 00:00:00",
        "defuncion": "2018-05-08 00:00:00"
      },
      "geometry": {
        "type": "Point",
        "coordinates": [
          -63.516075704005,
          -31.566706710020753
        ]
      }
    },
    {
      "type": "Feature",
      "properties": {
        "extinto": "GERBAUDO RAUL",
        "nacimiento": "1948-08-15 00:00:00",
        "defuncion": "2001-01-20 00:00:00"
      },
      "geometry": {
        "type": "Point",
        "coordinates": [
          -63.51608850076322,
          -31.566729461136237
        ]
      }
    },
    {
      "type": "Feature",
      "properties": {
        "extinto": "SARA FELIPE JUSTO",
        "nacimiento": "1928-02-29 00:00:00",
        "defuncion": "2003-01-29 00:00:00"
      },
      "geometry": {
        "type": "Point",
        "coordinates": [
          -63.51607751401604,
          -31.566682933736413
        ]
      }
    },
    {
      "type": "Feature",
      "properties": {
        "extinto": "BELTRAMO URSULA MARIA",
        "nacimiento": "1926-01-10 00:00:00",
        "defuncion": "2016-03-25 00:00:00"
      },
      "geometry": {
        "type": "Point",
        "coordinates": [
          -63.51607751401604,
          -31.566682933736413
        ]
      }
    },
    {
      "type": "Feature",
      "properties": {
        "extinto": "LAURENTI LEONARDO BARTOLOME",
        "nacimiento": "1943-10-25 00:00:00",
        "defuncion": "2017-11-21 00:00:00"
      },
      "geometry": {
        "type": "Point",
        "coordinates": [
          -63.51608803779625,
          -31.56670161715156
        ]
      }
    },
    {
      "type": "Feature",
      "properties": {
        "extinto": "FELIZ LUIS SUTER",
        "nacimiento": "1919-06-16 00:00:00",
        "defuncion": "2010-07-02 00:00:00"
      },
      "geometry": {
        "type": "Point",
        "coordinates": [
          -63.516100834556745,
          -31.5667243682658
        ]
      }
    },
    {
      "type": "Feature",
      "properties": {
        "extinto": "DAVITE BLANCA ANGELA",
        "nacimiento": "1930-11-29 00:00:00",
        "defuncion": "2015-11-30 00:00:00"
      },
      "geometry": {
        "type": "Point",
        "coordinates": [
          -63.516100834556745,
          -31.5667243682658
        ]
      }
    },
    {
      "type": "Feature",
      "properties": {
        "extinto": "MOLINA MERCEDES RAMONA",
        "nacimiento": "1931-02-08 00:00:00",
        "defuncion": "2001-07-17 00:00:00"
      },
      "geometry": {
        "type": "Point",
        "coordinates": [
          -63.51608984780409,
          -31.566677840867058
        ]
      }
    },
    {
      "type": "Feature",
      "properties": {
        "extinto": "ARNEUDO ANDRES",
        "nacimiento": "1928-12-01 00:00:00",
        "defuncion": "2006-01-17 00:00:00"
      },
      "geometry": {
        "type": "Point",
        "coordinates": [
          -63.51608984780409,
          -31.566677840867058
        ]
      }
    },
    {
      "type": "Feature",
      "properties": {
        "extinto": "FRANCISCO ANDRES SOSA",
        "nacimiento": "1999-01-11 00:00:00",
        "defuncion": "2023-09-06 00:00:00"
      },
      "geometry": {
        "type": "Point",
        "coordinates": [
          -63.51608984780409,
          -31.566677840867058
        ]
      }
    },
    {
      "type": "Feature",
      "properties": {
        "extinto": "PERALTA EDGARDO RENE",
        "nacimiento": "1926-05-13 00:00:00",
        "defuncion": "2005-06-30 00:00:00"
      },
      "geometry": {
        "type": "Point",
        "coordinates": [
          -63.51610037158617,
          -31.56669652428117
        ]
      }
    },
    {
      "type": "Feature",
      "properties": {
        "extinto": "PERALTA ERNESTO",
        "nacimiento": "1924-12-17 00:00:00",
        "defuncion": "2001-09-09 00:00:00"
      },
      "geometry": {
        "type": "Point",
        "coordinates": [
          -63.51611316630651,
          -31.56671926919354
        ]
      }
    },
    {
      "type": "Feature",
      "properties": {
        "extinto": "MATILDE ESTHER DEL VALLE SERRANO",
        "nacimiento": "1927-05-15 00:00:00",
        "defuncion": "2014-02-01 00:00:00"
      },
      "geometry": {
        "type": "Point",
        "coordinates": [
          -63.51611316630651,
          -31.56671926919354
        ]
      }
    },
    {
      "type": "Feature",
      "properties": {
        "extinto": "RODRIGUEZ JOSE LUIS",
        "nacimiento": "1934-09-24 00:00:00",
        "defuncion": "2003-07-11 00:00:00"
      },
      "geometry": {
        "type": "Point",
        "coordinates": [
          -63.516114515376124,
          -31.56666765512482
        ]
      }
    },
    {
      "type": "Feature",
      "properties": {
        "extinto": "RODRIGUEZ MONICA PATRICIA",
        "nacimiento": "1962-01-07 00:00:00",
        "defuncion": "2016-01-08 00:00:00"
      },
      "geometry": {
        "type": "Point",
        "coordinates": [
          -63.516114515376124,
          -31.56666765512482
        ]
      }
    },
    {
      "type": "Feature",
      "properties": {
        "extinto": "MANSILLA CONSOLACION",
        "nacimiento": "1923-12-21 00:00:00",
        "defuncion": "2016-06-01 00:00:00"
      },
      "geometry": {
        "type": "Point",
        "coordinates": [
          -63.51612503916191,
          -31.566686338536893
        ]
      }
    },
    {
      "type": "Feature",
      "properties": {
        "extinto": "JOSE AMADO MANSILLA",
        "nacimiento": "1943-05-19 00:00:00",
        "defuncion": "2018-05-27 00:00:00"
      },
      "geometry": {
        "type": "Point",
        "coordinates": [
          -63.51612503916191,
          -31.566686338536893
        ]
      }
    },
    {
      "type": "Feature",
      "properties": {
        "extinto": "GARELLI MAGDALENA LUCIA",
        "nacimiento": "1924-02-06 00:00:00",
        "defuncion": "2007-08-27 00:00:00"
      },
      "geometry": {
        "type": "Point",
        "coordinates": [
          -63.516137835929214,
          -31.56670908964744
        ]
      }
    },
    {
      "type": "Feature",
      "properties": {
        "extinto": "ACOSTA INES MERCEDEZ",
        "nacimiento": "1963-09-04 00:00:00",
        "defuncion": "2016-08-29 00:00:00"
      },
      "geometry": {
        "type": "Point",
        "coordinates": [
          -63.516137835929214,
          -31.56670908964744
        ]
      }
    },
    {
      "type": "Feature",
      "properties": {
        "extinto": "NEIRA ELBA ROSA",
        "nacimiento": "1919-04-30 00:00:00",
        "defuncion": "2013-06-18 00:00:00"
      },
      "geometry": {
        "type": "Point",
        "coordinates": [
          -63.516139182942766,
          -31.566657469377866
        ]
      }
    },
    {
      "type": "Feature",
      "properties": {
        "extinto": "PERALTA JULIO OCTAVIO",
        "nacimiento": "2013-06-19 00:00:00",
        "defuncion": "2013-06-19 00:00:00"
      },
      "geometry": {
        "type": "Point",
        "coordinates": [
          -63.516139182942766,
          -31.566657469377866
        ]
      }
    },
    {
      "type": "Feature",
      "properties": {
        "extinto": "ANA MARIA PERALTA",
        "nacimiento": "1949-08-08 00:00:00",
        "defuncion": "2018-05-08 00:00:00"
      },
      "geometry": {
        "type": "Point",
        "coordinates": [
          -63.51614970673226,
          -31.566676152787892
        ]
      }
    },
    {
      "type": "Feature",
      "properties": {
        "extinto": "NEIRA ENRIQUE DANIEL",
        "nacimiento": "1943-02-19 00:00:00",
        "defuncion": "2013-03-20 00:00:00"
      },
      "geometry": {
        "type": "Point",
        "coordinates": [
          -63.51616250350407,
          -31.566698903895936
        ]
      }
    },
    {
      "type": "Feature",
      "properties": {
        "extinto": "SORIA RAMON E",
        "nacimiento": "1919-07-16 00:00:00",
        "defuncion": "2001-09-22 00:00:00"
      },
      "geometry": {
        "type": "Point",
        "coordinates": [
          -63.51615151672403,
          -31.566652376502617
        ]
      }
    },
    {
      "type": "Feature",
      "properties": {
        "extinto": "QUINTANILLA ROBERTO MANUEL",
        "nacimiento": "1953-02-22 00:00:00",
        "defuncion": "2006-06-15 00:00:00"
      },
      "geometry": {
        "type": "Point",
        "coordinates": [
          -63.51615151672403,
          -31.566652376502617
        ]
      }
    },
    {
      "type": "Feature",
      "properties": {
        "extinto": "ARCE SEGUNDO SEVERO",
        "nacimiento": "1915-03-12 00:00:00",
        "defuncion": "1988-01-28 00:00:00"
      },
      "geometry": {
        "type": "Point",
        "coordinates": [
          -63.51616204051541,
          -31.56667105991164
        ]
      }
    },
    {
      "type": "Feature",
      "properties": {
        "extinto": "PURA GOMEZ",
        "nacimiento": "1923-04-03 00:00:00",
        "defuncion": "2014-07-22 00:00:00"
      },
      "geometry": {
        "type": "Point",
        "coordinates": [
          -63.51616204051541,
          -31.56667105991164
        ]
      }
    },
    {
      "type": "Feature",
      "properties": {
        "extinto": "TABORDA JUAN LEON",
        "nacimiento": "1937-07-07 00:00:00",
        "defuncion": "2007-04-02 00:00:00"
      },
      "geometry": {
        "type": "Point",
        "coordinates": [
          -63.51617483728947,
          -31.566693811018435
        ]
      }
    },
    {
      "type": "Feature",
      "properties": {
        "extinto": "JUAN CARLOS TABORDA",
        "nacimiento": "1966-03-18 00:00:00",
        "defuncion": "2022-12-30 00:00:00"
      },
      "geometry": {
        "type": "Point",
        "coordinates": [
          -63.51617483728947,
          -31.566693811018435
        ]
      }
    },
    {
      "type": "Feature",
      "properties": {
        "extinto": "NEIRA MARIA BEATRIZ",
        "nacimiento": "1919-04-30 00:00:00",
        "defuncion": "2016-08-09 00:00:00"
      },
      "geometry": {
        "type": "Point",
        "coordinates": [
          -63.516163850503965,
          -31.566647283626196
        ]
      }
    },
    {
      "type": "Feature",
      "properties": {
        "extinto": "LUDUEÑA POLONIA ARSENIA",
        "nacimiento": "1912-05-17 00:00:00",
        "defuncion": "2010-08-23 00:00:00"
      },
      "geometry": {
        "type": "Point",
        "coordinates": [
          -63.516174374297194,
          -31.5666659670342
        ]
      }
    },
    {
      "type": "Feature",
      "properties": {
        "extinto": "MARIA TERESA CAVAGNA",
        "nacimiento": "1942-05-05 00:00:00",
        "defuncion": "2018-05-02 00:00:00"
      },
      "geometry": {
        "type": "Point",
        "coordinates": [
          -63.516174374297194,
          -31.5666659670342
        ]
      }
    },
    {
      "type": "Feature",
      "properties": {
        "extinto": "HECTOR EPIFANIO ZAMORA",
        "nacimiento": "1941-05-27 00:00:00",
        "defuncion": "2024-07-07 00:00:00"
      },
      "geometry": {
        "type": "Point",
        "coordinates": [
          -63.516174374297194,
          -31.5666659670342
        ]
      }
    },
    {
      "type": "Feature",
      "properties": {
        "extinto": "ZANONI CARLOS ALFREDO",
        "nacimiento": "1938-10-22 00:00:00",
        "defuncion": "2002-09-19 00:00:00"
      },
      "geometry": {
        "type": "Point",
        "coordinates": [
          -63.516187171073526,
          -31.566688718139744
        ]
      }
    },
    {
      "type": "Feature",
      "properties": {
        "extinto": "OLIVA JELMA DEL ROSARIO",
        "nacimiento": "1938-10-22 00:00:00",
        "defuncion": "2016-12-10 00:00:00"
      },
      "geometry": {
        "type": "Point",
        "coordinates": [
          -63.516187171073526,
          -31.566688718139744
        ]
      }
    },
    {
      "type": "Feature",
      "properties": {
        "extinto": "PEREZ LUIS DALMACIO",
        "nacimiento": "2010-10-18 00:00:00",
        "defuncion": "2010-10-18 00:00:00"
      },
      "geometry": {
        "type": "Point",
        "coordinates": [
          -63.51617618428255,
          -31.566642190748585
        ]
      }
    },
    {
      "type": "Feature",
      "properties": {
        "extinto": "TERESA MININ",
        "nacimiento": "2010-10-18 00:00:00",
        "defuncion": "2010-10-18 00:00:00"
      },
      "geometry": {
        "type": "Point",
        "coordinates": [
          -63.51617618428255,
          -31.566642190748585
        ]
      }
    },
    {
      "type": "Feature",
      "properties": {
        "extinto": "DERRA ATILIO",
        "nacimiento": "2012-05-08 00:00:00",
        "defuncion": "2012-05-08 00:00:00"
      },
      "geometry": {
        "type": "Point",
        "coordinates": [
          -63.51618670807763,
          -31.56666087415556
        ]
      }
    },
    {
      "type": "Feature",
      "properties": {
        "extinto": "LUDUEÑA MARIA FRANCISCA",
        "nacimiento": "2012-05-08 00:00:00",
        "defuncion": "2012-05-08 00:00:00"
      },
      "geometry": {
        "type": "Point",
        "coordinates": [
          -63.51618670807763,
          -31.56666087415556
        ]
      }
    },
    {
      "type": "Feature",
      "properties": {
        "extinto": "DERRA JORGE",
        "nacimiento": "2012-05-08 00:00:00",
        "defuncion": "2012-05-08 00:00:00"
      },
      "geometry": {
        "type": "Point",
        "coordinates": [
          -63.51618670807763,
          -31.56666087415556
        ]
      }
    },
    {
      "type": "Feature",
      "properties": {
        "extinto": "ROSSI ADELINA ANA",
        "nacimiento": "1935-08-09 00:00:00",
        "defuncion": "2005-05-10 00:00:00"
      },
      "geometry": {
        "type": "Point",
        "coordinates": [
          -63.51619950485622,
          -31.56668362525988
        ]
      }
    },
    {
      "type": "Feature",
      "properties": {
        "extinto": "VIRONI ROBERTO",
        "nacimiento": "1932-11-25 00:00:00",
        "defuncion": "2007-07-23 00:00:00"
      },
      "geometry": {
        "type": "Point",
        "coordinates": [
          -63.51619950485622,
          -31.56668362525988
        ]
      }
    },
    {
      "type": "Feature",
      "properties": {
        "extinto": "PERALTA SECILIA ANITA",
        "nacimiento": "1937-04-15 00:00:00",
        "defuncion": "2011-08-04 00:00:00"
      },
      "geometry": {
        "type": "Point",
        "coordinates": [
          -63.51618851805978,
          -31.566637097869798
        ]
      }
    },
    {
      "type": "Feature",
      "properties": {
        "extinto": "DERRA   GAUDENCIO",
        "nacimiento": "1932-05-29 00:00:00",
        "defuncion": "1998-05-28 00:00:00"
      },
      "geometry": {
        "type": "Point",
        "coordinates": [
          -63.51618851805978,
          -31.566637097869798
        ]
      }
    },
    {
      "type": "Feature",
      "properties": {
        "extinto": "WALTER GAUDENCIO DERRA",
        "nacimiento": "1962-01-09 00:00:00",
        "defuncion": "2022-02-15 00:00:00"
      },
      "geometry": {
        "type": "Point",
        "coordinates": [
          -63.51618851805978,
          -31.566637097869798
        ]
      }
    },
    {
      "type": "Feature",
      "properties": {
        "extinto": "WISMATH JUAN CARLOS",
        "nacimiento": "1938-03-24 00:00:00",
        "defuncion": "2011-12-05 00:00:00"
      },
      "geometry": {
        "type": "Point",
        "coordinates": [
          -63.51619904185671,
          -31.566655781275756
        ]
      }
    },
    {
      "type": "Feature",
      "properties": {
        "extinto": "FANANI SARA ESTHER",
        "nacimiento": "1939-12-23 00:00:00",
        "defuncion": "2008-08-24 00:00:00"
      },
      "geometry": {
        "type": "Point",
        "coordinates": [
          -63.516211838637574,
          -31.56667853237885
        ]
      }
    },
    {
      "type": "Feature",
      "properties": {
        "extinto": "FABIO ARMANDO VELEZ",
        "nacimiento": "1941-11-30 00:00:00",
        "defuncion": "2023-12-28 00:00:00"
      },
      "geometry": {
        "type": "Point",
        "coordinates": [
          -63.51621137185912,
          -31.566650689237893
        ]
      }
    },
    {
      "type": "Feature",
      "properties": {
        "extinto": "SANDRI ONOFRIO",
        "nacimiento": "1900-12-23 00:00:00",
        "defuncion": "1969-05-20 00:00:00"
      },
      "geometry": {
        "type": "Point",
        "coordinates": [
          -63.51622417241755,
          -31.5666734394966
        ]
      }
    },
    {
      "type": "Feature",
      "properties": {
        "extinto": "FARCCARO AUGUSTA",
        "nacimiento": "1900-12-10 00:00:00",
        "defuncion": "1976-04-11 00:00:00"
      },
      "geometry": {
        "type": "Point",
        "coordinates": [
          -63.51622417241755,
          -31.5666734394966
        ]
      }
    },
    {
      "type": "Feature",
      "properties": {
        "extinto": "SANDRI ESTHER MAGDALENA",
        "nacimiento": "1923-09-13 00:00:00",
        "defuncion": "1972-09-30 00:00:00"
      },
      "geometry": {
        "type": "Point",
        "coordinates": [
          -63.51622417241755,
          -31.5666734394966
        ]
      }
    },
    {
      "type": "Feature",
      "properties": {
        "extinto": "N/N  RIVERA/ NAVARRO",
        "nacimiento": "2011-06-23 00:00:00",
        "defuncion": "2011-06-23 00:00:00"
      },
      "geometry": {
        "type": "Point",
        "coordinates": [
          -63.51630380729574,
          -31.56658827803588
        ]
      }
    },
    {
      "type": "Feature",
      "properties": {
        "extinto": "DUILIO CRISTOBAL CARRIZO",
        "nacimiento": "1934-11-26 00:00:00",
        "defuncion": "2023-01-25 00:00:00"
      },
      "geometry": {
        "type": "Point",
        "coordinates": [
          -63.51630380729574,
          -31.56658827803588
        ]
      }
    },
    {
      "type": "Feature",
      "properties": {
        "extinto": "VERCELLONE ENRIQUE",
        "nacimiento": "1916-07-10 00:00:00",
        "defuncion": "1980-02-22 00:00:00"
      },
      "geometry": {
        "type": "Point",
        "coordinates": [
          -63.516319723076855,
          -31.566603916461826
        ]
      }
    },
    {
      "type": "Feature",
      "properties": {
        "extinto": "MARGARITA DOMINGA GRASSO",
        "nacimiento": "1917-05-12 00:00:00",
        "defuncion": "2009-09-08 00:00:00"
      },
      "geometry": {
        "type": "Point",
        "coordinates": [
          -63.516319723076855,
          -31.566603916461826
        ]
      }
    },
    {
      "type": "Feature",
      "properties": {
        "extinto": "BLANCA VERCELLONE",
        "nacimiento": "1948-09-18 00:00:00",
        "defuncion": "1953-08-21 00:00:00"
      },
      "geometry": {
        "type": "Point",
        "coordinates": [
          -63.516319723076855,
          -31.566603916461826
        ]
      }
    },
    {
      "type": "Feature",
      "properties": {
        "extinto": "COLAZO CHELA DEL CARMEN",
        "nacimiento": "1916-08-28 00:00:00",
        "defuncion": "2003-06-27 00:00:00"
      },
      "geometry": {
        "type": "Point",
        "coordinates": [
          -63.51634037035419,
          -31.566588511903657
        ]
      }
    },
    {
      "type": "Feature",
      "properties": {
        "extinto": "COLAZO OLGA AIDA",
        "nacimiento": "1919-04-06 00:00:00",
        "defuncion": "2007-03-05 00:00:00"
      },
      "geometry": {
        "type": "Point",
        "coordinates": [
          -63.51634037035419,
          -31.566588511903657
        ]
      }
    },
    {
      "type": "Feature",
      "properties": {
        "extinto": "LEAL MARCHENA MARIA SOLEDAD",
        "nacimiento": "1978-09-04 00:00:00",
        "defuncion": "1981-08-27 00:00:00"
      },
      "geometry": {
        "type": "Point",
        "coordinates": [
          -63.51632440427431,
          -31.566573008491385
        ]
      }
    },
    {
      "type": "Feature",
      "properties": {
        "extinto": "COLAZO GUSTAVO OSCAR",
        "nacimiento": "1914-03-08 00:00:00",
        "defuncion": "1978-08-05 00:00:00"
      },
      "geometry": {
        "type": "Point",
        "coordinates": [
          -63.51633004671638,
          -31.566596214183154
        ]
      }
    },
    {
      "type": "Feature",
      "properties": {
        "extinto": "YORIO BLANCA ANA",
        "nacimiento": "1928-01-01 00:00:00",
        "defuncion": "2011-11-21 00:00:00"
      },
      "geometry": {
        "type": "Point",
        "coordinates": [
          -63.51633004671638,
          -31.566596214183154
        ]
      }
    },
    {
      "type": "Feature",
      "properties": {
        "extinto": "IVAN ELOY WABISZCZEWICZ",
        "nacimiento": "1986-08-02 00:00:00",
        "defuncion": "2019-04-12 00:00:00"
      },
      "geometry": {
        "type": "Point",
        "coordinates": [
          -63.51633004671638,
          -31.566596214183154
        ]
      }
    },
    {
      "type": "Feature",
      "properties": {
        "extinto": "LOYOLA JOSE ERNESTO",
        "nacimiento": "1957-08-01 00:00:00",
        "defuncion": "2000-08-26 00:00:00"
      },
      "geometry": {
        "type": "Point",
        "coordinates": [
          -63.516334778208076,
          -31.566565171201205
        ]
      }
    },
    {
      "type": "Feature",
      "properties": {
        "extinto": "LOYOLA HECTOR JESUS",
        "nacimiento": "1927-09-20 00:00:00",
        "defuncion": "2005-12-25 00:00:00"
      },
      "geometry": {
        "type": "Point",
        "coordinates": [
          -63.516334778208076,
          -31.566565171201205
        ]
      }
    },
    {
      "type": "Feature",
      "properties": {
        "extinto": "ISABEL DEL CARMEN LOYOLA",
        "nacimiento": "1948-02-21 00:00:00",
        "defuncion": "2011-09-08 00:00:00"
      },
      "geometry": {
        "type": "Point",
        "coordinates": [
          -63.516334778208076,
          -31.566565171201205
        ]
      }
    },
    {
      "type": "Feature",
      "properties": {
        "extinto": "LEAL MARCHENA JOSE MARIA",
        "nacimiento": "1922-05-31 00:00:00",
        "defuncion": "2007-08-02 00:00:00"
      },
      "geometry": {
        "type": "Point",
        "coordinates": [
          -63.51635069399032,
          -31.566580809623336
        ]
      }
    },
    {
      "type": "Feature",
      "properties": {
        "extinto": "MARIA ESTHER CHALLIER",
        "nacimiento": "1927-09-08 00:00:00",
        "defuncion": "2019-08-13 00:00:00"
      },
      "geometry": {
        "type": "Point",
        "coordinates": [
          -63.51635069399032,
          -31.566580809623336
        ]
      }
    },
    {
      "type": "Feature",
      "properties": {
        "extinto": "BRASSIOLO HECTOR LUIS",
        "nacimiento": "1935-07-21 00:00:00",
        "defuncion": "2010-09-05 00:00:00"
      },
      "geometry": {
        "type": "Point",
        "coordinates": [
          -63.51634510184213,
          -31.56655746892133
        ]
      }
    },
    {
      "type": "Feature",
      "properties": {
        "extinto": "VILMA DOMINGA GARDA",
        "nacimiento": "1941-10-05 00:00:00",
        "defuncion": "2012-05-13 00:00:00"
      },
      "geometry": {
        "type": "Point",
        "coordinates": [
          -63.51634510184213,
          -31.56655746892133
        ]
      }
    },
    {
      "type": "Feature",
      "properties": {
        "extinto": "JULIO ARGENTINO FRONTERA",
        "nacimiento": "1941-07-09 00:00:00",
        "defuncion": "2019-04-28 00:00:00"
      },
      "geometry": {
        "type": "Point",
        "coordinates": [
          -63.516361017624746,
          -31.566573107342194
        ]
      }
    },
    {
      "type": "Feature",
      "properties": {
        "extinto": "IRMA MARIA GIRAUDO",
        "nacimiento": "1936-11-22 00:00:00",
        "defuncion": "2019-08-05 00:00:00"
      },
      "geometry": {
        "type": "Point",
        "coordinates": [
          -63.516361017624746,
          -31.566573107342194
        ]
      }
    },
    {
      "type": "Feature",
      "properties": {
        "extinto": "VAZQUEZ JOSE CIPRIANO",
        "nacimiento": "1914-09-23 00:00:00",
        "defuncion": "1982-07-08 00:00:00"
      },
      "geometry": {
        "type": "Point",
        "coordinates": [
          -63.51635542547446,
          -31.56654976664062
        ]
      }
    },
    {
      "type": "Feature",
      "properties": {
        "extinto": "PERONA VITALINA",
        "nacimiento": "1923-08-19 00:00:00",
        "defuncion": "2010-11-14 00:00:00"
      },
      "geometry": {
        "type": "Point",
        "coordinates": [
          -63.51635542547446,
          -31.56654976664062
        ]
      }
    },
    {
      "type": "Feature",
      "properties": {
        "extinto": "MARIANI RICARDO ANTONIO",
        "nacimiento": "1915-07-31 00:00:00",
        "defuncion": "1974-05-23 00:00:00"
      },
      "geometry": {
        "type": "Point",
        "coordinates": [
          -63.516371341257454,
          -31.56656540506021
        ]
      }
    },
    {
      "type": "Feature",
      "properties": {
        "extinto": "EMELINA RODRIGUEZ",
        "nacimiento": "1922-05-15 00:00:00",
        "defuncion": "2017-07-25 00:00:00"
      },
      "geometry": {
        "type": "Point",
        "coordinates": [
          -63.516371341257454,
          -31.56656540506021
        ]
      }
    },
    {
      "type": "Feature",
      "properties": {
        "extinto": "ALVAREZ MARIA LOLA",
        "nacimiento": "1907-08-11 00:00:00",
        "defuncion": "2001-02-03 00:00:00"
      },
      "geometry": {
        "type": "Point",
        "coordinates": [
          -63.51570481782278,
          -31.56655392966742
        ]
      }
    },
    {
      "type": "Feature",
      "properties": {
        "extinto": "GIACAGLIA HECTOR FEDERICO",
        "nacimiento": "1934-01-31 00:00:00",
        "defuncion": "2011-04-02 00:00:00"
      },
      "geometry": {
        "type": "Point",
        "coordinates": [
          -63.51570481782278,
          -31.56655392966742
        ]
      }
    },
    {
      "type": "Feature",
      "properties": {
        "extinto": "FRANCISCO CACIORGNA",
        "nacimiento": "2015-05-13 00:00:00",
        "defuncion": "2015-05-13 00:00:00"
      },
      "geometry": {
        "type": "Point",
        "coordinates": [
          -63.51572536302599,
          -31.566618306909582
        ]
      }
    },
    {
      "type": "Feature",
      "properties": {
        "extinto": "RAMONA CATALINA LOZA",
        "nacimiento": "1914-08-09 00:00:00",
        "defuncion": "2009-08-14 00:00:00"
      },
      "geometry": {
        "type": "Point",
        "coordinates": [
          -63.515733136894156,
          -31.566642665864993
        ]
      }
    },
    {
      "type": "Feature",
      "properties": {
        "extinto": "CEBALLOS JOSE ALBERTO",
        "nacimiento": "1953-02-22 00:00:00",
        "defuncion": "2015-11-07 00:00:00"
      },
      "geometry": {
        "type": "Point",
        "coordinates": [
          -63.515718027806756,
          -31.56655083847194
        ]
      }
    },
    {
      "type": "Feature",
      "properties": {
        "extinto": "ALEJOS HECTOR DIONISIO",
        "nacimiento": "1943-01-26 00:00:00",
        "defuncion": "2015-09-01 00:00:00"
      },
      "geometry": {
        "type": "Point",
        "coordinates": [
          -63.515724413877095,
          -31.566570848866597
        ]
      }
    },
    {
      "type": "Feature",
      "properties": {
        "extinto": "ALEJOS JUAN",
        "nacimiento": "1921-09-18 00:00:00",
        "defuncion": "1968-07-14 00:00:00"
      },
      "geometry": {
        "type": "Point",
        "coordinates": [
          -63.515724413877095,
          -31.566570848866597
        ]
      }
    },
    {
      "type": "Feature",
      "properties": {
        "extinto": "PEREZ HECTOR DOMINGO",
        "nacimiento": "1932-01-10 00:00:00",
        "defuncion": "2003-08-21 00:00:00"
      },
      "geometry": {
        "type": "Point",
        "coordinates": [
          -63.515732186301655,
          -31.566595207486237
        ]
      }
    },
    {
      "type": "Feature",
      "properties": {
        "extinto": "BALICKI RODOLFO ABEL",
        "nacimiento": "1941-12-02 00:00:00",
        "defuncion": "2012-05-10 00:00:00"
      },
      "geometry": {
        "type": "Point",
        "coordinates": [
          -63.515738571978595,
          -31.566615216627934
        ]
      }
    },
    {
      "type": "Feature",
      "properties": {
        "extinto": "GONZALEZ MAIA MARIA SELENE",
        "nacimiento": "2006-11-02 00:00:00",
        "defuncion": "2006-11-15 00:00:00"
      },
      "geometry": {
        "type": "Point",
        "coordinates": [
          -63.51574634584993,
          -31.566639575582517
        ]
      }
    },
    {
      "type": "Feature",
      "properties": {
        "extinto": "BUSTOS LAZARO",
        "nacimiento": "1922-12-17 00:00:00",
        "defuncion": "1985-06-17 00:00:00"
      },
      "geometry": {
        "type": "Point",
        "coordinates": [
          -63.51575273153304,
          -31.566659584723322
        ]
      }
    },
    {
      "type": "Feature",
      "properties": {
        "extinto": "PERALTA BLANCA DORA",
        "nacimiento": "1925-06-24 00:00:00",
        "defuncion": "1991-11-20 00:00:00"
      },
      "geometry": {
        "type": "Point",
        "coordinates": [
          -63.51575273153304,
          -31.566659584723322
        ]
      }
    },
    {
      "type": "Feature",
      "properties": {
        "extinto": "BUSTOS ABEL ANGEL",
        "nacimiento": "1949-03-12 00:00:00",
        "defuncion": "1950-01-24 00:00:00"
      },
      "geometry": {
        "type": "Point",
        "coordinates": [
          -63.51575273153304,
          -31.566659584723322
        ]
      }
    },
    {
      "type": "Feature",
      "properties": {
        "extinto": "MARIA SUSANA CALLEJAS",
        "nacimiento": "1959-12-29 00:00:00",
        "defuncion": "2021-08-11 00:00:00"
      },
      "geometry": {
        "type": "Point",
        "coordinates": [
          -63.515731235710426,
          -31.56654774910712
        ]
      }
    },
    {
      "type": "Feature",
      "properties": {
        "extinto": "LUCERO NORBERTO",
        "nacimiento": "1971-01-07 00:00:00",
        "defuncion": "2015-12-04 00:00:00"
      },
      "geometry": {
        "type": "Point",
        "coordinates": [
          -63.515737621383764,
          -31.56656775824905
        ]
      }
    },
    {
      "type": "Feature",
      "properties": {
        "extinto": "GIACCAGLIA TERESITA",
        "nacimiento": "1948-10-16 00:00:00",
        "defuncion": "2016-03-21 00:00:00"
      },
      "geometry": {
        "type": "Point",
        "coordinates": [
          -63.515745395250754,
          -31.566592117203893
        ]
      }
    },
    {
      "type": "Feature",
      "properties": {
        "extinto": "DORA TERESA GOMEZ",
        "nacimiento": "1935-02-03 00:00:00",
        "defuncion": "2021-05-11 00:00:00"
      },
      "geometry": {
        "type": "Point",
        "coordinates": [
          -63.51575178093027,
          -31.56661212634493
        ]
      }
    },
    {
      "type": "Feature",
      "properties": {
        "extinto": "ALFREDO LUCIO PEREZ",
        "nacimiento": "1959-07-13 00:00:00",
        "defuncion": "2022-03-26 00:00:00"
      },
      "geometry": {
        "type": "Point",
        "coordinates": [
          -63.51575178093027,
          -31.56661212634493
        ]
      }
    },
    {
      "type": "Feature",
      "properties": {
        "extinto": "RAMON ALFREDO PEREZ",
        "nacimiento": "1934-10-12 00:00:00",
        "defuncion": "1976-04-14 00:00:00"
      },
      "geometry": {
        "type": "Point",
        "coordinates": [
          -63.51575178093027,
          -31.56661212634493
        ]
      }
    },
    {
      "type": "Feature",
      "properties": {
        "extinto": "PEREZ MARCELO SILVESTRE",
        "nacimiento": "1975-11-19 00:00:00",
        "defuncion": "2010-06-27 00:00:00"
      },
      "geometry": {
        "type": "Point",
        "coordinates": [
          -63.515759554804774,
          -31.56663648529868
        ]
      }
    },
    {
      "type": "Feature",
      "properties": {
        "extinto": "MORAL IDA ANTONIA",
        "nacimiento": "1934-05-25 00:00:00",
        "defuncion": "2007-07-27 00:00:00"
      },
      "geometry": {
        "type": "Point",
        "coordinates": [
          -63.51576594049049,
          -31.566656494438803
        ]
      }
    },
    {
      "type": "Feature",
      "properties": {
        "extinto": "MARCELA BEATRIZ QUINTERO",
        "nacimiento": "1970-12-07 00:00:00",
        "defuncion": "2022-03-20 00:00:00"
      },
      "geometry": {
        "type": "Point",
        "coordinates": [
          -63.51576594049049,
          -31.566656494438803
        ]
      }
    },
    {
      "type": "Feature",
      "properties": {
        "extinto": "JOSE ANTONIO LOPEZ",
        "nacimiento": "1958-09-13 00:00:00",
        "defuncion": "2024-07-17 00:00:00"
      },
      "geometry": {
        "type": "Point",
        "coordinates": [
          -63.51576594049049,
          -31.566656494438803
        ]
      }
    },
    {
      "type": "Feature",
      "properties": {
        "extinto": "RAUL IGNACIO PALACIOS",
        "nacimiento": "1951-11-05 00:00:00",
        "defuncion": "2021-02-19 00:00:00"
      },
      "geometry": {
        "type": "Point",
        "coordinates": [
          -63.51574444465291,
          -31.566544658824935
        ]
      }
    },
    {
      "type": "Feature",
      "properties": {
        "extinto": "BRASSIOLO NANCY EDITH",
        "nacimiento": "1979-05-25 00:00:00",
        "defuncion": "2015-08-09 00:00:00"
      },
      "geometry": {
        "type": "Point",
        "coordinates": [
          -63.515772763758754,
          -31.56663339501348
        ]
      }
    },
    {
      "type": "Feature",
      "properties": {
        "extinto": "ROBERTO ANGEL BRASSIOLO",
        "nacimiento": "1949-01-24 00:00:00",
        "defuncion": "2021-04-09 00:00:00"
      },
      "geometry": {
        "type": "Point",
        "coordinates": [
          -63.515772763758754,
          -31.56663339501348
        ]
      }
    },
    {
      "type": "Feature",
      "properties": {
        "extinto": "NORMA CAROLINA RIVARA",
        "nacimiento": "1950-12-03 00:00:00",
        "defuncion": "2022-01-22 00:00:00"
      },
      "geometry": {
        "type": "Point",
        "coordinates": [
          -63.515772763758754,
          -31.56663339501348
        ]
      }
    },
    {
      "type": "Feature",
      "properties": {
        "extinto": "PERALTA MANUEL",
        "nacimiento": "1932-06-10 00:00:00",
        "defuncion": "2015-07-03 00:00:00"
      },
      "geometry": {
        "type": "Point",
        "coordinates": [
          -63.51577914944704,
          -31.56665340415291
        ]
      }
    },
    {
      "type": "Feature",
      "properties": {
        "extinto": "GIGENA FRANCISCO JAVIER",
        "nacimiento": "2017-05-04 00:00:00",
        "defuncion": "2017-05-04 00:00:00"
      },
      "geometry": {
        "type": "Point",
        "coordinates": [
          -63.51577819883101,
          -31.56660594577483
        ]
      }
    },
    {
      "type": "Feature",
      "properties": {
        "extinto": "DEIDERI GUILLERMO ANTONIO",
        "nacimiento": "1916-04-29 00:00:00",
        "defuncion": "2003-01-17 00:00:00"
      },
      "geometry": {
        "type": "Point",
        "coordinates": [
          -63.51577819883101,
          -31.56660594577483
        ]
      }
    },
    {
      "type": "Feature",
      "properties": {
        "extinto": "GIGENA DE DEIDERI MARIA ROSA",
        "nacimiento": "1924-03-27 00:00:00",
        "defuncion": "1985-04-12 00:00:00"
      },
      "geometry": {
        "type": "Point",
        "coordinates": [
          -63.51577819883101,
          -31.56660594577483
        ]
      }
    },
    {
      "type": "Feature",
      "properties": {
        "extinto": "RAMELLO HUGO ALEJANDRO",
        "nacimiento": "1946-10-29 00:00:00",
        "defuncion": "2017-01-03 00:00:00"
      },
      "geometry": {
        "type": "Point",
        "coordinates": [
          -63.51579235840273,
          -31.56665031386569
        ]
      }
    },
    {
      "type": "Feature",
      "properties": {
        "extinto": "ALMADA JOSE ARTEMIO",
        "nacimiento": "1944-07-01 00:00:00",
        "defuncion": "2009-05-04 00:00:00"
      },
      "geometry": {
        "type": "Point",
        "coordinates": [
          -63.515770862535184,
          -31.56653847825647
        ]
      }
    },
    {
      "type": "Feature",
      "properties": {
        "extinto": "MAZZA CHAPARRO MARCELO",
        "nacimiento": "2014-09-18 00:00:00",
        "defuncion": "2014-09-18 00:00:00"
      },
      "geometry": {
        "type": "Point",
        "coordinates": [
          -63.51579140778007,
          -31.566602855487755
        ]
      }
    },
    {
      "type": "Feature",
      "properties": {
        "extinto": "MAZZA VEGA RAMON",
        "nacimiento": "1954-11-18 00:00:00",
        "defuncion": "2014-09-12 00:00:00"
      },
      "geometry": {
        "type": "Point",
        "coordinates": [
          -63.51579140778007,
          -31.566602855487755
        ]
      }
    },
    {
      "type": "Feature",
      "properties": {
        "extinto": "JULIO RENE PAVON",
        "nacimiento": "1948-07-18 00:00:00",
        "defuncion": "2021-12-18 00:00:00"
      },
      "geometry": {
        "type": "Point",
        "coordinates": [
          -63.515799181664,
          -31.566627214439013
        ]
      }
    },
    {
      "type": "Feature",
      "properties": {
        "extinto": "MARIA  ELOISA  SORIA",
        "nacimiento": "1917-12-05 00:00:00",
        "defuncion": "1987-04-11 00:00:00"
      },
      "geometry": {
        "type": "Point",
        "coordinates": [
          -63.515799181664,
          -31.566627214439013
        ]
      }
    },
    {
      "type": "Feature",
      "properties": {
        "extinto": "RAMON  ANTONIO  QUINTEROS",
        "nacimiento": "1908-09-12 00:00:00",
        "defuncion": "1982-10-12 00:00:00"
      },
      "geometry": {
        "type": "Point",
        "coordinates": [
          -63.515799181664,
          -31.566627214439013
        ]
      }
    },
    {
      "type": "Feature",
      "properties": {
        "extinto": "FRANCISCO ALBERTO BUSTILLO",
        "nacimiento": "1966-12-28 00:00:00",
        "defuncion": "2018-06-05 00:00:00"
      },
      "geometry": {
        "type": "Point",
        "coordinates": [
          -63.51579045715872,
          -31.566555397109436
        ]
      }
    },
    {
      "type": "Feature",
      "properties": {
        "extinto": "CHIAPPERO ANA ISABEL",
        "nacimiento": "1918-10-19 00:00:00",
        "defuncion": "2003-09-04 00:00:00"
      },
      "geometry": {
        "type": "Point",
        "coordinates": [
          -63.51580461672821,
          -31.566599765199303
        ]
      }
    },
    {
      "type": "Feature",
      "properties": {
        "extinto": "MAMERTO ERNESTO FERNANDEZ",
        "nacimiento": "1913-03-11 00:00:00",
        "defuncion": "1986-12-14 00:00:00"
      },
      "geometry": {
        "type": "Point",
        "coordinates": [
          -63.51580461672821,
          -31.566599765199303
        ]
      }
    },
    {
      "type": "Feature",
      "properties": {
        "extinto": "MARTINA BELEN DAVICINO",
        "nacimiento": "2017-08-15 00:00:00",
        "defuncion": "2017-08-15 00:00:00"
      },
      "geometry": {
        "type": "Point",
        "coordinates": [
          -63.51581239061531,
          -31.56662412414974
        ]
      }
    },
    {
      "type": "Feature",
      "properties": {
        "extinto": "BEDOGNI ADA ZONIA DEL VALLE",
        "nacimiento": "1965-09-15 00:00:00",
        "defuncion": "2017-01-08 00:00:00"
      },
      "geometry": {
        "type": "Point",
        "coordinates": [
          -63.515818776311384,
          -31.566644133287145
        ]
      }
    },
    {
      "type": "Feature",
      "properties": {
        "extinto": "GIANOTTI TERESA LUCIA",
        "nacimiento": "1924-01-01 00:00:00",
        "defuncion": "2004-07-14 00:00:00"
      },
      "geometry": {
        "type": "Point",
        "coordinates": [
          -63.51580366610023,
          -31.566552306821162
        ]
      }
    },
    {
      "type": "Feature",
      "properties": {
        "extinto": "ANDRADES DONACIANO COSME",
        "nacimiento": "1929-05-25 00:00:00",
        "defuncion": "2007-01-16 00:00:00"
      },
      "geometry": {
        "type": "Point",
        "coordinates": [
          -63.51580366610023,
          -31.566552306821162
        ]
      }
    },
    {
      "type": "Feature",
      "properties": {
        "extinto": "MARIANI ALFREDO RITO",
        "nacimiento": "1914-05-23 00:00:00",
        "defuncion": "2002-03-28 00:00:00"
      },
      "geometry": {
        "type": "Point",
        "coordinates": [
          -63.51584519421651,
          -31.566637952703196
        ]
      }
    },
    {
      "type": "Feature",
      "properties": {
        "extinto": "SARMINTO ADA FIDELMINA",
        "nacimiento": "1936-09-11 00:00:00",
        "defuncion": "2010-03-28 00:00:00"
      },
      "geometry": {
        "type": "Point",
        "coordinates": [
          -63.51584519421651,
          -31.566637952703196
        ]
      }
    },
    {
      "type": "Feature",
      "properties": {
        "extinto": "TAMAGNINI VICTOR HUGO",
        "nacimiento": "1954-04-20 00:00:00",
        "defuncion": "2017-06-03 00:00:00"
      },
      "geometry": {
        "type": "Point",
        "coordinates": [
          -63.51582369828908,
          -31.56652611710329
        ]
      }
    },
    {
      "type": "Feature",
      "properties": {
        "extinto": "OSCAR RAMON ROMERO",
        "nacimiento": "1961-10-02 00:00:00",
        "defuncion": "2018-06-08 00:00:00"
      },
      "geometry": {
        "type": "Point",
        "coordinates": [
          -63.515837857869634,
          -31.566570485189562
        ]
      }
    },
    {
      "type": "Feature",
      "properties": {
        "extinto": "MARIANA DEL VALLE QUINTEROS",
        "nacimiento": "1982-05-29 00:00:00",
        "defuncion": "2021-08-27 00:00:00"
      },
      "geometry": {
        "type": "Point",
        "coordinates": [
          -63.515858403167705,
          -31.56663486240917
        ]
      }
    },
    {
      "type": "Feature",
      "properties": {
        "extinto": "FONTANA VICENTE SANTIAGO",
        "nacimiento": "1940-04-19 00:00:00",
        "defuncion": "2015-04-03 00:00:00"
      },
      "geometry": {
        "type": "Point",
        "coordinates": [
          -63.515851066811635,
          -31.56656739489637
        ]
      }
    },
    {
      "type": "Feature",
      "properties": {
        "extinto": "TABORDA ANA LILIAN",
        "nacimiento": "1945-06-24 00:00:00",
        "defuncion": "2010-09-03 00:00:00"
      },
      "geometry": {
        "type": "Point",
        "coordinates": [
          -63.51586522641163,
          -31.566611762979097
        ]
      }
    },
    {
      "type": "Feature",
      "properties": {
        "extinto": "GONZALEZ ENRIQUE",
        "nacimiento": "1922-07-15 00:00:00",
        "defuncion": "1995-07-27 00:00:00"
      },
      "geometry": {
        "type": "Point",
        "coordinates": [
          -63.51585011616073,
          -31.566519936518564
        ]
      }
    },
    {
      "type": "Feature",
      "properties": {
        "extinto": "SOSA MARIA BERNARDINA",
        "nacimiento": "1931-05-20 00:00:00",
        "defuncion": "1992-12-15 00:00:00"
      },
      "geometry": {
        "type": "Point",
        "coordinates": [
          -63.51585011616073,
          -31.566519936518564
        ]
      }
    },
    {
      "type": "Feature",
      "properties": {
        "extinto": "VICTOR  HUGO  GONZALEZ",
        "nacimiento": "1957-03-24 00:00:00",
        "defuncion": "2023-04-08 00:00:00"
      },
      "geometry": {
        "type": "Point",
        "coordinates": [
          -63.51585011616073,
          -31.566519936518564
        ]
      }
    },
    {
      "type": "Feature",
      "properties": {
        "extinto": "PAULINA MARGARITA ONTIVERO",
        "nacimiento": "1942-04-30 00:00:00",
        "defuncion": "2020-07-15 00:00:00"
      },
      "geometry": {
        "type": "Point",
        "coordinates": [
          -63.51585650185739,
          -31.566539945654398
        ]
      }
    },
    {
      "type": "Feature",
      "properties": {
        "extinto": "JOSE ALBERTO GERBINO",
        "nacimiento": "1942-06-10 00:00:00",
        "defuncion": "2021-05-17 00:00:00"
      },
      "geometry": {
        "type": "Point",
        "coordinates": [
          -63.51585650185739,
          -31.566539945654398
        ]
      }
    },
    {
      "type": "Feature",
      "properties": {
        "extinto": "PABLO RICARDO NEIRA",
        "nacimiento": "1962-10-26 00:00:00",
        "defuncion": "1994-05-03 00:00:00"
      },
      "geometry": {
        "type": "Point",
        "coordinates": [
          -63.51586427575275,
          -31.566564304601815
        ]
      }
    },
    {
      "type": "Feature",
      "properties": {
        "extinto": "RLPIDIO FRONTERA",
        "nacimiento": "1933-03-23 00:00:00",
        "defuncion": "2016-05-20 00:00:00"
      },
      "geometry": {
        "type": "Point",
        "coordinates": [
          -63.51587066145561,
          -31.56658431373675
        ]
      }
    },
    {
      "type": "Feature",
      "properties": {
        "extinto": "FRONTERA RAMON VICTOR",
        "nacimiento": "1967-07-14 00:00:00",
        "defuncion": "2012-12-25 00:00:00"
      },
      "geometry": {
        "type": "Point",
        "coordinates": [
          -63.515878435358466,
          -31.566608672683042
        ]
      }
    },
    {
      "type": "Feature",
      "properties": {
        "extinto": "CASTILLO MARIA LUISA",
        "nacimiento": "1949-06-11 00:00:00",
        "defuncion": "2007-12-04 00:00:00"
      },
      "geometry": {
        "type": "Point",
        "coordinates": [
          -63.5158848210675,
          -31.566628681817058
        ]
      }
    },
    {
      "type": "Feature",
      "properties": {
        "extinto": "VILMA  EDITH  MANDILE",
        "nacimiento": "1973-04-09 00:00:00",
        "defuncion": "2023-10-23 00:00:00"
      },
      "geometry": {
        "type": "Point",
        "coordinates": [
          -63.51586332509518,
          -31.566516846224168
        ]
      }
    },
    {
      "type": "Feature",
      "properties": {
        "extinto": "MARTA JOSEFINA NAVARRO",
        "nacimiento": "2018-07-02 00:00:00",
        "defuncion": "2018-07-02 00:00:00"
      },
      "geometry": {
        "type": "Point",
        "coordinates": [
          -63.51587748469294,
          -31.566561214305906
        ]
      }
    },
    {
      "type": "Feature",
      "properties": {
        "extinto": "TOMAS ALEJANDRO JUNCOS",
        "nacimiento": "1950-03-07 00:00:00",
        "defuncion": "2020-01-18 00:00:00"
      },
      "geometry": {
        "type": "Point",
        "coordinates": [
          -63.51587748469294,
          -31.566561214305906
        ]
      }
    },
    {
      "type": "Feature",
      "properties": {
        "extinto": "TORRES FAUSTINA",
        "nacimiento": "1940-09-05 00:00:00",
        "defuncion": "2012-05-01 00:00:00"
      },
      "geometry": {
        "type": "Point",
        "coordinates": [
          -63.515883870398405,
          -31.566581223440167
        ]
      }
    },
    {
      "type": "Feature",
      "properties": {
        "extinto": "ANGEL FERNANDO RAMIREZ",
        "nacimiento": "1933-07-09 00:00:00",
        "defuncion": "2008-08-31 00:00:00"
      },
      "geometry": {
        "type": "Point",
        "coordinates": [
          -63.515883870398405,
          -31.566581223440167
        ]
      }
    },
    {
      "type": "Feature",
      "properties": {
        "extinto": "JUSTO ISOLINO ALGARBE",
        "nacimiento": "1929-07-28 00:00:00",
        "defuncion": "2001-08-28 00:00:00"
      },
      "geometry": {
        "type": "Point",
        "coordinates": [
          -63.515883870398405,
          -31.566581223440167
        ]
      }
    },
    {
      "type": "Feature",
      "properties": {
        "extinto": "GOMEZ RAMON O",
        "nacimiento": "1957-09-12 00:00:00",
        "defuncion": "2001-10-16 00:00:00"
      },
      "geometry": {
        "type": "Point",
        "coordinates": [
          -63.51589803001605,
          -31.566625591518974
        ]
      }
    },
    {
      "type": "Feature",
      "properties": {
        "extinto": "GOMEZ ELEUTERIO OSCAR",
        "nacimiento": "1932-11-26 00:00:00",
        "defuncion": "1990-12-04 00:00:00"
      },
      "geometry": {
        "type": "Point",
        "coordinates": [
          -63.51589803001605,
          -31.566625591518974
        ]
      }
    },
    {
      "type": "Feature",
      "properties": {
        "extinto": "MARIA ROSA CASTILLO",
        "nacimiento": "1935-10-20 00:00:00",
        "defuncion": "2010-06-12 00:00:00"
      },
      "geometry": {
        "type": "Point",
        "coordinates": [
          -63.51589803001605,
          -31.566625591518974
        ]
      }
    },
    {
      "type": "Feature",
      "properties": {
        "extinto": "CABRERA LUISA ARMINDA",
        "nacimiento": "1938-05-30 00:00:00",
        "defuncion": "2001-05-27 00:00:00"
      },
      "geometry": {
        "type": "Point",
        "coordinates": [
          -63.515876534028756,
          -31.566513755928423
        ]
      }
    },
    {
      "type": "Feature",
      "properties": {
        "extinto": "LIENDO EFRAIN ALBERTO",
        "nacimiento": "2012-11-27 00:00:00",
        "defuncion": "2012-11-27 00:00:00"
      },
      "geometry": {
        "type": "Point",
        "coordinates": [
          -63.51589069363229,
          -31.56655812400865
        ]
      }
    },
    {
      "type": "Feature",
      "properties": {
        "extinto": "MARIA  ESTER  MOLINA",
        "nacimiento": "1936-01-16 00:00:00",
        "defuncion": "2024-06-14 00:00:00"
      },
      "geometry": {
        "type": "Point",
        "coordinates": [
          -63.5159112389637,
          -31.56662250121953
        ]
      }
    },
    {
      "type": "Feature",
      "properties": {
        "extinto": "ARMONICO MARIANA",
        "nacimiento": "1949-06-13 00:00:00",
        "defuncion": "2014-03-23 00:00:00"
      },
      "geometry": {
        "type": "Point",
        "coordinates": [
          -63.51591806219367,
          -31.56659940178675
        ]
      }
    },
    {
      "type": "Feature",
      "properties": {
        "extinto": "BOSSIO PABLO MIGUEL MAURICIO",
        "nacimiento": "1929-09-09 00:00:00",
        "defuncion": "2007-06-05 00:00:00"
      },
      "geometry": {
        "type": "Point",
        "coordinates": [
          -63.515924447910486,
          -31.56661941091873
        ]
      }
    },
    {
      "type": "Feature",
      "properties": {
        "extinto": "PRESOTTI ELSA EMILIA",
        "nacimiento": "1934-01-06 00:00:00",
        "defuncion": "2017-06-04 00:00:00"
      },
      "geometry": {
        "type": "Point",
        "coordinates": [
          -63.515924447910486,
          -31.56661941091873
        ]
      }
    },
    {
      "type": "Feature",
      "properties": {
        "extinto": "NORMA ROSA PERALTA",
        "nacimiento": "1945-02-05 00:00:00",
        "defuncion": "2010-04-28 00:00:00"
      },
      "geometry": {
        "type": "Point",
        "coordinates": [
          -63.51593765685637,
          -31.566616320616564
        ]
      }
    },
    {
      "type": "Feature",
      "properties": {
        "extinto": "ALGARBE RAUL EDUARDO",
        "nacimiento": "1956-08-11 00:00:00",
        "defuncion": "2008-06-03 00:00:00"
      },
      "geometry": {
        "type": "Point",
        "coordinates": [
          -63.51592254294779,
          -31.56652448790051
        ]
      }
    },
    {
      "type": "Feature",
      "properties": {
        "extinto": "FARIAS BERNABELA ROSA",
        "nacimiento": "1935-06-11 00:00:00",
        "defuncion": "2008-09-08 00:00:00"
      },
      "geometry": {
        "type": "Point",
        "coordinates": [
          -63.515943529380706,
          -31.566545762806026
        ]
      }
    },
    {
      "type": "Feature",
      "properties": {
        "extinto": "ALGARBE JOSE JESUS",
        "nacimiento": "1912-03-10 00:00:00",
        "defuncion": "1998-01-17 00:00:00"
      },
      "geometry": {
        "type": "Point",
        "coordinates": [
          -63.515943529380706,
          -31.566545762806026
        ]
      }
    },
    {
      "type": "Feature",
      "properties": {
        "extinto": "CEAGLIO NATALIO",
        "nacimiento": "1905-12-25 00:00:00",
        "defuncion": "2001-07-18 00:00:00"
      },
      "geometry": {
        "type": "Point",
        "coordinates": [
          -63.51596407474545,
          -31.566610140008176
        ]
      }
    },
    {
      "type": "Feature",
      "properties": {
        "extinto": "HONG MARGARITA",
        "nacimiento": "1910-09-25 00:00:00",
        "defuncion": "1991-08-27 00:00:00"
      },
      "geometry": {
        "type": "Point",
        "coordinates": [
          -63.51596407474545,
          -31.566610140008176
        ]
      }
    },
    {
      "type": "Feature",
      "properties": {
        "extinto": "CEAGLIO ITALO ARMANDO",
        "nacimiento": "1939-10-06 00:00:00",
        "defuncion": "2013-12-12 00:00:00"
      },
      "geometry": {
        "type": "Point",
        "coordinates": [
          -63.51596407474545,
          -31.566610140008176
        ]
      }
    },
    {
      "type": "Feature",
      "properties": {
        "extinto": "BARATELLI CELESTINO",
        "nacimiento": "1903-09-22 00:00:00",
        "defuncion": "1971-04-07 00:00:00"
      },
      "geometry": {
        "type": "Point",
        "coordinates": [
          -63.51597728368867,
          -31.56660704970194
        ]
      }
    },
    {
      "type": "Feature",
      "properties": {
        "extinto": "CUQUEJO MARIA ISABEL",
        "nacimiento": "1904-10-26 00:00:00",
        "defuncion": "2003-12-23 00:00:00"
      },
      "geometry": {
        "type": "Point",
        "coordinates": [
          -63.51597728368867,
          -31.56660704970194
        ]
      }
    },
    {
      "type": "Feature",
      "properties": {
        "extinto": "BARATELLI JUANITA ROSA",
        "nacimiento": "1941-06-24 00:00:00",
        "defuncion": "2015-11-09 00:00:00"
      },
      "geometry": {
        "type": "Point",
        "coordinates": [
          -63.51597728368867,
          -31.56660704970194
        ]
      }
    },
    {
      "type": "Feature",
      "properties": {
        "extinto": "QRISOTOMO LEIRIA",
        "nacimiento": "2014-08-10 00:00:00",
        "defuncion": "2014-08-11 00:00:00"
      },
      "geometry": {
        "type": "Point",
        "coordinates": [
          -63.515976332973146,
          -31.566559591326076
        ]
      }
    },
    {
      "type": "Feature",
      "properties": {
        "extinto": "MAREIA ANTONIA FERREYRA DE LEIRIA",
        "nacimiento": "1911-06-13 00:00:00",
        "defuncion": "1966-07-20 00:00:00"
      },
      "geometry": {
        "type": "Point",
        "coordinates": [
          -63.515976332973146,
          -31.566559591326076
        ]
      }
    },
    {
      "type": "Feature",
      "properties": {
        "extinto": "TOMASA FUENTE DE LEIRIA",
        "nacimiento": "2014-08-11 00:00:00",
        "defuncion": "2014-08-11 00:00:00"
      },
      "geometry": {
        "type": "Point",
        "coordinates": [
          -63.515976332973146,
          -31.566559591326076
        ]
      }
    },
    {
      "type": "Feature",
      "properties": {
        "extinto": "YRINEO LEIRIA",
        "nacimiento": "1908-02-03 00:00:00",
        "defuncion": "1982-10-10 00:00:00"
      },
      "geometry": {
        "type": "Point",
        "coordinates": [
          -63.515976332973146,
          -31.566559591326076
        ]
      }
    },
    {
      "type": "Feature",
      "properties": {
        "extinto": "IRIS LUCIA TARQUINO",
        "nacimiento": "1935-04-18 00:00:00",
        "defuncion": "2022-03-22 00:00:00"
      },
      "geometry": {
        "type": "Point",
        "coordinates": [
          -63.515990492631,
          -31.566603959394367
        ]
      }
    },
    {
      "type": "Feature",
      "properties": {
        "extinto": "PABLO  SEBASTIAN  BATTAINO",
        "nacimiento": "1978-04-10 00:00:00",
        "defuncion": "2020-03-02 00:00:00"
      },
      "geometry": {
        "type": "Point",
        "coordinates": [
          -63.515990492631,
          -31.566603959394367
        ]
      }
    },
    {
      "type": "Feature",
      "properties": {
        "extinto": "PRADO ANTONIO",
        "nacimiento": "1929-05-24 00:00:00",
        "defuncion": "2003-11-21 00:00:00"
      },
      "geometry": {
        "type": "Point",
        "coordinates": [
          -63.51598954190884,
          -31.566556501018628
        ]
      }
    },
    {
      "type": "Feature",
      "properties": {
        "extinto": "FERREYRA JUAN LISANDRO",
        "nacimiento": "1933-03-24 00:00:00",
        "defuncion": "2005-01-01 00:00:00"
      },
      "geometry": {
        "type": "Point",
        "coordinates": [
          -63.51598954190884,
          -31.566556501018628
        ]
      }
    },
    {
      "type": "Feature",
      "properties": {
        "extinto": "RITO SOLIS",
        "nacimiento": "2016-12-21 00:00:00",
        "defuncion": "2016-12-21 00:00:00"
      },
      "geometry": {
        "type": "Point",
        "coordinates": [
          -63.51598220546539,
          -31.56648903351347
        ]
      }
    },
    {
      "type": "Feature",
      "properties": {
        "extinto": "EMILIO NAJLE",
        "nacimiento": "2016-12-21 00:00:00",
        "defuncion": "2016-12-21 00:00:00"
      },
      "geometry": {
        "type": "Point",
        "coordinates": [
          -63.51598220546539,
          -31.56648903351347
        ]
      }
    },
    {
      "type": "Feature",
      "properties": {
        "extinto": "MARIA MAGDALENA PEREYRA",
        "nacimiento": "2016-12-21 00:00:00",
        "defuncion": "2016-12-21 00:00:00"
      },
      "geometry": {
        "type": "Point",
        "coordinates": [
          -63.51598220546539,
          -31.56648903351347
        ]
      }
    },
    {
      "type": "Feature",
      "properties": {
        "extinto": "SOLIS AZUCENA DEL CARMEN",
        "nacimiento": "1925-03-20 00:00:00",
        "defuncion": "2016-12-15 00:00:00"
      },
      "geometry": {
        "type": "Point",
        "coordinates": [
          -63.51598220546539,
          -31.56648903351347
        ]
      }
    },
    {
      "type": "Feature",
      "properties": {
        "extinto": "SANCHEZ AZUCENA",
        "nacimiento": "1932-06-22 00:00:00",
        "defuncion": "2016-12-01 00:00:00"
      },
      "geometry": {
        "type": "Point",
        "coordinates": [
          -63.51599636511488,
          -31.566533401581697
        ]
      }
    },
    {
      "type": "Feature",
      "properties": {
        "extinto": "DIAZ MARIA LUISA",
        "nacimiento": "1937-06-20 00:00:00",
        "defuncion": "2002-09-19 00:00:00"
      },
      "geometry": {
        "type": "Point",
        "coordinates": [
          -63.516016910512974,
          -31.56659777877512
        ]
      }
    },
    {
      "type": "Feature",
      "properties": {
        "extinto": "RANULFO CELSO GOMEZ",
        "nacimiento": "1939-03-01 00:00:00",
        "defuncion": "2019-04-30 00:00:00"
      },
      "geometry": {
        "type": "Point",
        "coordinates": [
          -63.51599541439097,
          -31.56648594320552
        ]
      }
    },
    {
      "type": "Feature",
      "properties": {
        "extinto": "JOSE ANTONIO DALTO",
        "nacimiento": "2012-05-23 00:00:00",
        "defuncion": "2012-05-23 00:00:00"
      },
      "geometry": {
        "type": "Point",
        "coordinates": [
          -63.516009574046194,
          -31.566530311272214
        ]
      }
    },
    {
      "type": "Feature",
      "properties": {
        "extinto": "PALLOTTO ELMA NOEMI",
        "nacimiento": "1942-02-28 00:00:00",
        "defuncion": "2012-12-23 00:00:00"
      },
      "geometry": {
        "type": "Point",
        "coordinates": [
          -63.516009574046194,
          -31.566530311272214
        ]
      }
    },
    {
      "type": "Feature",
      "properties": {
        "extinto": "AUDISIO NESTOR",
        "nacimiento": "1931-10-09 00:00:00",
        "defuncion": "2014-08-27 00:00:00"
      },
      "geometry": {
        "type": "Point",
        "coordinates": [
          -63.51601595977753,
          -31.566550320399674
        ]
      }
    },
    {
      "type": "Feature",
      "properties": {
        "extinto": "LUIS MIGUEL AUDISIO",
        "nacimiento": "1901-09-17 00:00:00",
        "defuncion": "1962-12-06 00:00:00"
      },
      "geometry": {
        "type": "Point",
        "coordinates": [
          -63.51601595977753,
          -31.566550320399674
        ]
      }
    },
    {
      "type": "Feature",
      "properties": {
        "extinto": "JUANA BASILE",
        "nacimiento": "1907-04-15 00:00:00",
        "defuncion": "1972-06-03 00:00:00"
      },
      "geometry": {
        "type": "Point",
        "coordinates": [
          -63.51601595977753,
          -31.566550320399674
        ]
      }
    },
    {
      "type": "Feature",
      "properties": {
        "extinto": "GARINO TERESITA DEL VALLE",
        "nacimiento": "1960-09-27 00:00:00",
        "defuncion": "2013-08-04 00:00:00"
      },
      "geometry": {
        "type": "Point",
        "coordinates": [
          -63.516023733715095,
          -31.5665746793369
        ]
      }
    },
    {
      "type": "Feature",
      "properties": {
        "extinto": "IRMA ELIVE ABBA DE GARINO",
        "nacimiento": "1932-05-18 00:00:00",
        "defuncion": "2008-08-21 00:00:00"
      },
      "geometry": {
        "type": "Point",
        "coordinates": [
          -63.51603011945262,
          -31.566594688463457
        ]
      }
    },
    {
      "type": "Feature",
      "properties": {
        "extinto": "GARINO NELSOR",
        "nacimiento": "1929-12-15 00:00:00",
        "defuncion": "2017-04-15 00:00:00"
      },
      "geometry": {
        "type": "Point",
        "coordinates": [
          -63.51603011945262,
          -31.566594688463457
        ]
      }
    },
    {
      "type": "Feature",
      "properties": {
        "extinto": "LUCARELLI MARIA LUISA",
        "nacimiento": "1935-10-10 00:00:00",
        "defuncion": "1981-06-15 00:00:00"
      },
      "geometry": {
        "type": "Point",
        "coordinates": [
          -63.516036942651276,
          -31.566571589024562
        ]
      }
    },
    {
      "type": "Feature",
      "properties": {
        "extinto": "CASTELLANO ALBERTO",
        "nacimiento": "1940-10-10 00:00:00",
        "defuncion": "1964-06-02 00:00:00"
      },
      "geometry": {
        "type": "Point",
        "coordinates": [
          -63.516036942651276,
          -31.566571589024562
        ]
      }
    },
    {
      "type": "Feature",
      "properties": {
        "extinto": "PERALTA ADELINA ROSA",
        "nacimiento": "1933-02-26 00:00:00",
        "defuncion": "2007-07-08 00:00:00"
      },
      "geometry": {
        "type": "Point",
        "coordinates": [
          -63.51604332839139,
          -31.566591598150435
        ]
      }
    },
    {
      "type": "Feature",
      "properties": {
        "extinto": "JUAN ANTONIO COLAZO",
        "nacimiento": "1953-09-07 00:00:00",
        "defuncion": "2022-08-28 00:00:00"
      },
      "geometry": {
        "type": "Point",
        "coordinates": [
          -63.51604332839139,
          -31.566591598150435
        ]
      }
    },
    {
      "type": "Feature",
      "properties": {
        "extinto": "MACHADO EMETERIO SAMUEL",
        "nacimiento": "1930-03-03 00:00:00",
        "defuncion": "2004-07-31 00:00:00"
      },
      "geometry": {
        "type": "Point",
        "coordinates": [
          -63.516056537329256,
          -31.566588507836073
        ]
      }
    },
    {
      "type": "Feature",
      "properties": {
        "extinto": "GLADYS MARGARITA MAPELLI",
        "nacimiento": "1949-07-17 00:00:00",
        "defuncion": "2015-12-06 00:00:00"
      },
      "geometry": {
        "type": "Point",
        "coordinates": [
          -63.51606336052096,
          -31.566565408395807
        ]
      }
    },
    {
      "type": "Feature",
      "properties": {
        "extinto": "VICTOR HUGO MAPELLI",
        "nacimiento": "1949-07-17 00:00:00",
        "defuncion": "2022-06-01 00:00:00"
      },
      "geometry": {
        "type": "Point",
        "coordinates": [
          -63.51606336052096,
          -31.566565408395807
        ]
      }
    },
    {
      "type": "Feature",
      "properties": {
        "extinto": "MARGONARI MIRIAN ANTONIA",
        "nacimiento": "1931-01-17 00:00:00",
        "defuncion": "2003-08-25 00:00:00"
      },
      "geometry": {
        "type": "Point",
        "coordinates": [
          -63.51606974626623,
          -31.566585417520336
        ]
      }
    },
    {
      "type": "Feature",
      "properties": {
        "extinto": "CASTELLANO ANGEL ALBERTO",
        "nacimiento": "1929-09-25 00:00:00",
        "defuncion": "2004-06-02 00:00:00"
      },
      "geometry": {
        "type": "Point",
        "coordinates": [
          -63.51606974626623,
          -31.566585417520336
        ]
      }
    },
    {
      "type": "Feature",
      "properties": {
        "extinto": "RENE OSCAR FERRERO",
        "nacimiento": "1959-07-31 00:00:00",
        "defuncion": "2014-08-30 00:00:00"
      },
      "geometry": {
        "type": "Point",
        "coordinates": [
          -63.51606974626623,
          -31.566585417520336
        ]
      }
    },
    {
      "type": "Feature",
      "properties": {
        "extinto": "CRAVERO DELFO ANTONIO",
        "nacimiento": "1928-10-20 00:00:00",
        "defuncion": "1999-10-10 00:00:00"
      },
      "geometry": {
        "type": "Point",
        "coordinates": [
          -63.516054635819906,
          -31.56649359108571
        ]
      }
    },
    {
      "type": "Feature",
      "properties": {
        "extinto": "GALLO MARIO DEL VALLE",
        "nacimiento": "1959-05-07 00:00:00",
        "defuncion": "2016-06-10 00:00:00"
      },
      "geometry": {
        "type": "Point",
        "coordinates": [
          -63.51606879550428,
          -31.566537959145478
        ]
      }
    },
    {
      "type": "Feature",
      "properties": {
        "extinto": "OSCAR ANDRES ARNEUDO",
        "nacimiento": "1967-11-29 00:00:00",
        "defuncion": "2018-03-31 00:00:00"
      },
      "geometry": {
        "type": "Point",
        "coordinates": [
          -63.516082955202336,
          -31.566582327203246
        ]
      }
    },
    {
      "type": "Feature",
      "properties": {
        "extinto": "LEDESMA MARIA SUSANA",
        "nacimiento": "1927-02-04 00:00:00",
        "defuncion": "1971-08-03 00:00:00"
      },
      "geometry": {
        "type": "Point",
        "coordinates": [
          -63.51609616413756,
          -31.566579236884817
        ]
      }
    },
    {
      "type": "Feature",
      "properties": {
        "extinto": "ALEJOSHUGO ALBERTO",
        "nacimiento": "1951-11-27 00:00:00",
        "defuncion": "2006-09-08 00:00:00"
      },
      "geometry": {
        "type": "Point",
        "coordinates": [
          -63.51609616413756,
          -31.566579236884817
        ]
      }
    },
    {
      "type": "Feature",
      "properties": {
        "extinto": "TISERA MIGUEL ANGEL",
        "nacimiento": "1985-12-15 00:00:00",
        "defuncion": "2007-09-08 00:00:00"
      },
      "geometry": {
        "type": "Point",
        "coordinates": [
          -63.51609521336232,
          -31.566531778510246
        ]
      }
    },
    {
      "type": "Feature",
      "properties": {
        "extinto": "VILLARRUEL ALEJANDRA",
        "nacimiento": "1949-05-03 00:00:00",
        "defuncion": "2015-07-23 00:00:00"
      },
      "geometry": {
        "type": "Point",
        "coordinates": [
          -63.51609521336232,
          -31.566531778510246
        ]
      }
    },
    {
      "type": "Feature",
      "properties": {
        "extinto": "GABRIELCO ALDO ERNESTO",
        "nacimiento": "1949-08-02 00:00:00",
        "defuncion": "2015-01-28 00:00:00"
      },
      "geometry": {
        "type": "Point",
        "coordinates": [
          -63.51610937307187,
          -31.566576146565005
        ]
      }
    },
    {
      "type": "Feature",
      "properties": {
        "extinto": "RECH-RIOS ISABELLA",
        "nacimiento": "2017-06-15 00:00:00",
        "defuncion": "2017-06-18 00:00:00"
      },
      "geometry": {
        "type": "Point",
        "coordinates": [
          -63.51609426258838,
          -31.566484320135313
        ]
      }
    },
    {
      "type": "Feature",
      "properties": {
        "extinto": "NEGRO PEDRO",
        "nacimiento": "1956-11-21 00:00:00",
        "defuncion": "1982-01-01 00:00:00"
      },
      "geometry": {
        "type": "Point",
        "coordinates": [
          -63.5161020365405,
          -31.56650867906788
        ]
      }
    },
    {
      "type": "Feature",
      "properties": {
        "extinto": "NEGRO GUILLERMO",
        "nacimiento": "1906-07-08 00:00:00",
        "defuncion": "1977-01-09 00:00:00"
      },
      "geometry": {
        "type": "Point",
        "coordinates": [
          -63.5161020365405,
          -31.56650867906788
        ]
      }
    },
    {
      "type": "Feature",
      "properties": {
        "extinto": "MININ JUSTINA",
        "nacimiento": "1905-07-17 00:00:00",
        "defuncion": "1992-09-29 00:00:00"
      },
      "geometry": {
        "type": "Point",
        "coordinates": [
          -63.5161020365405,
          -31.56650867906788
        ]
      }
    },
    {
      "type": "Feature",
      "properties": {
        "extinto": "MORANDO DE NEGRO",
        "nacimiento": "2003-08-20 00:00:00",
        "defuncion": "2003-08-20 00:00:00"
      },
      "geometry": {
        "type": "Point",
        "coordinates": [
          -63.5161020365405,
          -31.56650867906788
        ]
      }
    },
    {
      "type": "Feature",
      "properties": {
        "extinto": "NEGRO ALDO GUILLERMO",
        "nacimiento": "1936-04-20 00:00:00",
        "defuncion": "2015-05-03 00:00:00"
      },
      "geometry": {
        "type": "Point",
        "coordinates": [
          -63.5161020365405,
          -31.56650867906788
        ]
      }
    },
    {
      "type": "Feature",
      "properties": {
        "extinto": "ROGGERO SUSANA",
        "nacimiento": "1934-04-08 00:00:00",
        "defuncion": "2013-07-04 00:00:00"
      },
      "geometry": {
        "type": "Point",
        "coordinates": [
          -63.516122582005295,
          -31.56657305624384
        ]
      }
    },
    {
      "type": "Feature",
      "properties": {
        "extinto": "SASIA CARLOS ANTONIO",
        "nacimiento": "1958-05-08 00:00:00",
        "defuncion": "2015-08-29 00:00:00"
      },
      "geometry": {
        "type": "Point",
        "coordinates": [
          -63.516101085763545,
          -31.566461220692865
        ]
      }
    },
    {
      "type": "Feature",
      "properties": {
        "extinto": "RAMON LEONARDO ARRIETA",
        "nacimiento": "1946-11-05 00:00:00",
        "defuncion": "2015-07-23 00:00:00"
      },
      "geometry": {
        "type": "Point",
        "coordinates": [
          -63.516121631216784,
          -31.566525597869585
        ]
      }
    },
    {
      "type": "Feature",
      "properties": {
        "extinto": "GONZALEZ JUANA COSMA",
        "nacimiento": "1927-09-27 00:00:00",
        "defuncion": "2002-09-15 00:00:00"
      },
      "geometry": {
        "type": "Point",
        "coordinates": [
          -63.516135790937824,
          -31.566569965921325
        ]
      }
    },
    {
      "type": "Feature",
      "properties": {
        "extinto": "RAMON HUGO FERREYRA",
        "nacimiento": "1945-08-25 00:00:00",
        "defuncion": "2022-03-27 00:00:00"
      },
      "geometry": {
        "type": "Point",
        "coordinates": [
          -63.516135790937824,
          -31.566569965921325
        ]
      }
    },
    {
      "type": "Feature",
      "properties": {
        "extinto": "ANA ESTER GOMEZ",
        "nacimiento": "1963-12-01 00:00:00",
        "defuncion": "2022-05-28 00:00:00"
      },
      "geometry": {
        "type": "Point",
        "coordinates": [
          -63.516120680429594,
          -31.566478139494972
        ]
      }
    },
    {
      "type": "Feature",
      "properties": {
        "extinto": "ALBERTO RAMON CONTRINI",
        "nacimiento": "1941-07-08 00:00:00",
        "defuncion": "1993-11-10 00:00:00"
      },
      "geometry": {
        "type": "Point",
        "coordinates": [
          -63.51614261410864,
          -31.566546866477008
        ]
      }
    },
    {
      "type": "Feature",
      "properties": {
        "extinto": "MARIA ESTHER PERALTA",
        "nacimiento": "1946-01-30 00:00:00",
        "defuncion": "1995-02-24 00:00:00"
      },
      "geometry": {
        "type": "Point",
        "coordinates": [
          -63.51614261410864,
          -31.566546866477008
        ]
      }
    },
    {
      "type": "Feature",
      "properties": {
        "extinto": "GERARDO DANIEL CONTRINI",
        "nacimiento": "1968-07-15 00:00:00",
        "defuncion": "2019-04-29 00:00:00"
      },
      "geometry": {
        "type": "Point",
        "coordinates": [
          -63.51614261410864,
          -31.566546866477008
        ]
      }
    },
    {
      "type": "Feature",
      "properties": {
        "extinto": "GOMEZ ANA ROSA",
        "nacimiento": "1934-10-11 00:00:00",
        "defuncion": "2008-07-21 00:00:00"
      },
      "geometry": {
        "type": "Point",
        "coordinates": [
          -63.51614166331046,
          -31.566499408102803
        ]
      }
    },
    {
      "type": "Feature",
      "properties": {
        "extinto": "GOMEZ CARLOS HORACIO",
        "nacimiento": "1916-08-25 00:00:00",
        "defuncion": "2003-11-09 00:00:00"
      },
      "geometry": {
        "type": "Point",
        "coordinates": [
          -63.5161480490677,
          -31.566519417223482
        ]
      }
    },
    {
      "type": "Feature",
      "properties": {
        "extinto": "GOMEZ JOSE MARIA",
        "nacimiento": "1921-11-23 00:00:00",
        "defuncion": "2013-12-09 00:00:00"
      },
      "geometry": {
        "type": "Point",
        "coordinates": [
          -63.5161480490677,
          -31.566519417223482
        ]
      }
    },
    {
      "type": "Feature",
      "properties": {
        "extinto": "ROSA  PAULA  CARANDINO",
        "nacimiento": "1924-01-15 00:00:00",
        "defuncion": "2023-11-20 00:00:00"
      },
      "geometry": {
        "type": "Point",
        "coordinates": [
          -63.5161480490677,
          -31.566519417223482
        ]
      }
    },
    {
      "type": "Feature",
      "properties": {
        "extinto": "DELIA DORA CORDOBA",
        "nacimiento": "1941-11-10 00:00:00",
        "defuncion": "2021-01-16 00:00:00"
      },
      "geometry": {
        "type": "Point",
        "coordinates": [
          -63.51614709826723,
          -31.566471958849164
        ]
      }
    },
    {
      "type": "Feature",
      "properties": {
        "extinto": "BUSANO - MONTENEGRO GABRIEL ALEJANDRO",
        "nacimiento": "2007-03-01 00:00:00",
        "defuncion": "2007-03-01 00:00:00"
      },
      "geometry": {
        "type": "Point",
        "coordinates": [
          -63.51616903196408,
          -31.566540685826553
        ]
      }
    },
    {
      "type": "Feature",
      "properties": {
        "extinto": "FRASSA MARIA ANGELA",
        "nacimiento": "1922-08-01 00:00:00",
        "defuncion": "2003-01-12 00:00:00"
      },
      "geometry": {
        "type": "Point",
        "coordinates": [
          -63.516175417730096,
          -31.566560694945643
        ]
      }
    },
    {
      "type": "Feature",
      "properties": {
        "extinto": "MARSILI JUAN PABLO",
        "nacimiento": "1900-04-03 00:00:00",
        "defuncion": "1945-09-23 00:00:00"
      },
      "geometry": {
        "type": "Point",
        "coordinates": [
          -63.516175417730096,
          -31.566560694945643
        ]
      }
    },
    {
      "type": "Feature",
      "properties": {
        "extinto": "MARSILI JUAN CARLOS",
        "nacimiento": "1952-02-26 00:00:00",
        "defuncion": "2006-08-13 00:00:00"
      },
      "geometry": {
        "type": "Point",
        "coordinates": [
          -63.516175417730096,
          -31.566560694945643
        ]
      }
    },
    {
      "type": "Feature",
      "properties": {
        "extinto": "ENCARNACION ABAD",
        "nacimiento": "1906-07-03 00:00:00",
        "defuncion": "1981-01-13 00:00:00"
      },
      "geometry": {
        "type": "Point",
        "coordinates": [
          -63.51615392142845,
          -31.566448859403984
        ]
      }
    },
    {
      "type": "Feature",
      "properties": {
        "extinto": "PEDRO TUSELL",
        "nacimiento": "1900-07-25 00:00:00",
        "defuncion": "1979-08-10 00:00:00"
      },
      "geometry": {
        "type": "Point",
        "coordinates": [
          -63.51615392142845,
          -31.566448859403984
        ]
      }
    },
    {
      "type": "Feature",
      "properties": {
        "extinto": "RAMON GUILLERMO HERRERA",
        "nacimiento": "1940-07-03 00:00:00",
        "defuncion": "2015-06-06 00:00:00"
      },
      "geometry": {
        "type": "Point",
        "coordinates": [
          -63.51616030718473,
          -31.566468868524215
        ]
      }
    },
    {
      "type": "Feature",
      "properties": {
        "extinto": "VELI LINO SANDRI",
        "nacimiento": "1930-11-08 00:00:00",
        "defuncion": "2018-02-05 00:00:00"
      },
      "geometry": {
        "type": "Point",
        "coordinates": [
          -63.51616808115263,
          -31.56649322745265
        ]
      }
    },
    {
      "type": "Feature",
      "properties": {
        "extinto": "OLGA OFELIA ABUD",
        "nacimiento": "1938-11-22 00:00:00",
        "defuncion": "2022-12-17 00:00:00"
      },
      "geometry": {
        "type": "Point",
        "coordinates": [
          -63.51616808115263,
          -31.56649322745265
        ]
      }
    },
    {
      "type": "Feature",
      "properties": {
        "extinto": "GALLARDO JOSEFA",
        "nacimiento": "1914-03-20 00:00:00",
        "defuncion": "2005-01-04 00:00:00"
      },
      "geometry": {
        "type": "Point",
        "coordinates": [
          -63.516174466915054,
          -31.566513236571957
        ]
      }
    },
    {
      "type": "Feature",
      "properties": {
        "extinto": "ILDA MARIA BERTOTTI",
        "nacimiento": "1934-03-10 00:00:00",
        "defuncion": "2010-06-11 00:00:00"
      },
      "geometry": {
        "type": "Point",
        "coordinates": [
          -63.516182240890444,
          -31.56653759549927
        ]
      }
    },
    {
      "type": "Feature",
      "properties": {
        "extinto": "SASIA ANGEL VICTORIO",
        "nacimiento": "1932-10-01 00:00:00",
        "defuncion": "2013-06-24 00:00:00"
      },
      "geometry": {
        "type": "Point",
        "coordinates": [
          -63.516182240890444,
          -31.56653759549927
        ]
      }
    },
    {
      "type": "Feature",
      "properties": {
        "extinto": "SAAVEDRA LUIS ELSO",
        "nacimiento": "2003-04-17 00:00:00",
        "defuncion": "2003-04-17 00:00:00"
      },
      "geometry": {
        "type": "Point",
        "coordinates": [
          -63.51616713034245,
          -31.566445769078356
        ]
      }
    },
    {
      "type": "Feature",
      "properties": {
        "extinto": "SAAVEDRA LUIS ELSO",
        "nacimiento": "1940-08-04 00:00:00",
        "defuncion": "2003-04-11 00:00:00"
      },
      "geometry": {
        "type": "Point",
        "coordinates": [
          -63.51616713034245,
          -31.566445769078356
        ]
      }
    },
    {
      "type": "Feature",
      "properties": {
        "extinto": "SAAVEDRA AGUSTIN NICOLAS",
        "nacimiento": "2004-09-07 00:00:00",
        "defuncion": "2004-09-12 00:00:00"
      },
      "geometry": {
        "type": "Point",
        "coordinates": [
          -63.516173516101325,
          -31.566465778197912
        ]
      }
    },
    {
      "type": "Feature",
      "properties": {
        "extinto": "GIGENA DANTE JESUS",
        "nacimiento": "1987-07-03 00:00:00",
        "defuncion": "2007-07-21 00:00:00"
      },
      "geometry": {
        "type": "Point",
        "coordinates": [
          -63.51619544981596,
          -31.56653450517064
        ]
      }
    },
    {
      "type": "Feature",
      "properties": {
        "extinto": "ONTIVERO RAMON REVELINDO",
        "nacimiento": "1962-12-05 00:00:00",
        "defuncion": "2004-11-07 00:00:00"
      },
      "geometry": {
        "type": "Point",
        "coordinates": [
          -63.516201835587154,
          -31.566554514288384
        ]
      }
    },
    {
      "type": "Feature",
      "properties": {
        "extinto": "PEREZ HECTOR ROQUE",
        "nacimiento": "1940-02-05 00:00:00",
        "defuncion": "2017-01-12 00:00:00"
      },
      "geometry": {
        "type": "Point",
        "coordinates": [
          -63.51554226627928,
          -31.56658558956856
        ]
      }
    },
    {
      "type": "Feature",
      "properties": {
        "extinto": "ROQUE CLAUDIO PEREZ",
        "nacimiento": "1967-12-29 00:00:00",
        "defuncion": "2019-11-23 00:00:00"
      },
      "geometry": {
        "type": "Point",
        "coordinates": [
          -63.51554226627928,
          -31.56658558956856
        ]
      }
    },
    {
      "type": "Feature",
      "properties": {
        "extinto": "ELDA LUQUE",
        "nacimiento": "1944-05-10 00:00:00",
        "defuncion": "2022-04-30 00:00:00"
      },
      "geometry": {
        "type": "Point",
        "coordinates": [
          -63.51554226627928,
          -31.56658558956856
        ]
      }
    },
    {
      "type": "Feature",
      "properties": {
        "extinto": "PISTAN ELVIRA",
        "nacimiento": "1935-01-28 00:00:00",
        "defuncion": "2009-04-30 00:00:00"
      },
      "geometry": {
        "type": "Point",
        "coordinates": [
          -63.5155667496634,
          -31.566675158650224
        ]
      }
    },
    {
      "type": "Feature",
      "properties": {
        "extinto": "RODRIGUEZ DOMINGO RAMON",
        "nacimiento": "1957-08-12 00:00:00",
        "defuncion": "2009-10-16 00:00:00"
      },
      "geometry": {
        "type": "Point",
        "coordinates": [
          -63.5155667496634,
          -31.566675158650224
        ]
      }
    },
    {
      "type": "Feature",
      "properties": {
        "extinto": "RODRIGUEZ MARIA DEL VALLE",
        "nacimiento": "1960-02-23 00:00:00",
        "defuncion": "2009-10-10 00:00:00"
      },
      "geometry": {
        "type": "Point",
        "coordinates": [
          -63.515572270412925,
          -31.566695355560757
        ]
      }
    },
    {
      "type": "Feature",
      "properties": {
        "extinto": "NIEVA PAOLA VERONICA",
        "nacimiento": "1981-07-10 00:00:00",
        "defuncion": "2012-08-29 00:00:00"
      },
      "geometry": {
        "type": "Point",
        "coordinates": [
          -63.515572270412925,
          -31.566695355560757
        ]
      }
    },
    {
      "type": "Feature",
      "properties": {
        "extinto": "ALDANA DE LOS MILAGROS GONZALEZ",
        "nacimiento": "1999-07-13 00:00:00",
        "defuncion": "2023-11-01 00:00:00"
      },
      "geometry": {
        "type": "Point",
        "coordinates": [
          -63.515572270412925,
          -31.566695355560757
        ]
      }
    },
    {
      "type": "Feature",
      "properties": {
        "extinto": "CHINCHO MARTA SILVIA",
        "nacimiento": "1923-09-06 00:00:00",
        "defuncion": "2012-01-13 00:00:00"
      },
      "geometry": {
        "type": "Point",
        "coordinates": [
          -63.515577791164944,
          -31.56671555247099
        ]
      }
    },
    {
      "type": "Feature",
      "properties": {
        "extinto": "CORIA HORACIO",
        "nacimiento": "1946-10-30 00:00:00",
        "defuncion": "2013-06-14 00:00:00"
      },
      "geometry": {
        "type": "Point",
        "coordinates": [
          -63.515577791164944,
          -31.56671555247099
        ]
      }
    },
    {
      "type": "Feature",
      "properties": {
        "extinto": "ANGELA DEL ROSARIO HEREDIA",
        "nacimiento": "1947-11-11 00:00:00",
        "defuncion": "2021-01-03 00:00:00"
      },
      "geometry": {
        "type": "Point",
        "coordinates": [
          -63.515577791164944,
          -31.56671555247099
        ]
      }
    },
    {
      "type": "Feature",
      "properties": {
        "extinto": "CARLOS  ERNESTO  CAPELLO",
        "nacimiento": "1951-06-12 00:00:00",
        "defuncion": "2023-10-27 00:00:00"
      },
      "geometry": {
        "type": "Point",
        "coordinates": [
          -63.51558008257888,
          -31.566672486942775
        ]
      }
    },
    {
      "type": "Feature",
      "properties": {
        "extinto": "SORIA JULIO HECTOR",
        "nacimiento": "1941-12-09 00:00:00",
        "defuncion": "2012-01-22 00:00:00"
      },
      "geometry": {
        "type": "Point",
        "coordinates": [
          -63.51559112408581,
          -31.56671288076233
        ]
      }
    },
    {
      "type": "Feature",
      "properties": {
        "extinto": "SARMIENTO MARIA ESPERANZA",
        "nacimiento": "1942-11-17 00:00:00",
        "defuncion": "2010-02-16 00:00:00"
      },
      "geometry": {
        "type": "Point",
        "coordinates": [
          -63.515593415493576,
          -31.566669815233947
        ]
      }
    },
    {
      "type": "Feature",
      "properties": {
        "extinto": "HERNAN DAVID BERTOLINI",
        "nacimiento": "1986-12-28 00:00:00",
        "defuncion": "2019-02-08 00:00:00"
      },
      "geometry": {
        "type": "Point",
        "coordinates": [
          -63.515593415493576,
          -31.566669815233947
        ]
      }
    },
    {
      "type": "Feature",
      "properties": {
        "extinto": "SORIA OSVALDO ALFREDO",
        "nacimiento": "1964-07-19 00:00:00",
        "defuncion": "2016-07-07 00:00:00"
      },
      "geometry": {
        "type": "Point",
        "coordinates": [
          -63.51559450673619,
          -31.566622359072724
        ]
      }
    },
    {
      "type": "Feature",
      "properties": {
        "extinto": "EVA ROSA VALLEJO",
        "nacimiento": "1924-09-16 00:00:00",
        "defuncion": "2021-05-31 00:00:00"
      },
      "geometry": {
        "type": "Point",
        "coordinates": [
          -63.51560002748842,
          -31.566642555982206
        ]
      }
    },
    {
      "type": "Feature",
      "properties": {
        "extinto": "ALICIA CRISTINA VILLAFAÑE",
        "nacimiento": "1967-10-13 00:00:00",
        "defuncion": "1989-01-18 00:00:00"
      },
      "geometry": {
        "type": "Point",
        "coordinates": [
          -63.51560002748842,
          -31.566642555982206
        ]
      }
    },
    {
      "type": "Feature",
      "properties": {
        "extinto": "ROSARIO DAMIAN VILLAFAÑE",
        "nacimiento": "1921-02-12 00:00:00",
        "defuncion": "1994-07-08 00:00:00"
      },
      "geometry": {
        "type": "Point",
        "coordinates": [
          -63.51560002748842,
          -31.566642555982206
        ]
      }
    },
    {
      "type": "Feature",
      "properties": {
        "extinto": "LUDUEÑA JOSE LUIS",
        "nacimiento": "1960-09-29 00:00:00",
        "defuncion": "2019-01-12 00:00:00"
      },
      "geometry": {
        "type": "Point",
        "coordinates": [
          -63.515606748407485,
          -31.566667143523723
        ]
      }
    },
    {
      "type": "Feature",
      "properties": {
        "extinto": "DELFIN AMADO BONGIOVANNI",
        "nacimiento": "2018-01-19 00:00:00",
        "defuncion": "2018-01-19 00:00:00"
      },
      "geometry": {
        "type": "Point",
        "coordinates": [
          -63.51561226916513,
          -31.566687340432466
        ]
      }
    },
    {
      "type": "Feature",
      "properties": {
        "extinto": "ELMA YLDA BERNARDI",
        "nacimiento": "1931-01-03 00:00:00",
        "defuncion": "2021-04-05 00:00:00"
      },
      "geometry": {
        "type": "Point",
        "coordinates": [
          -63.51561226916513,
          -31.566687340432466
        ]
      }
    },
    {
      "type": "Feature",
      "properties": {
        "extinto": "MARIA ISABEL MORAL",
        "nacimiento": "1953-05-01 00:00:00",
        "defuncion": "2019-01-06 00:00:00"
      },
      "geometry": {
        "type": "Point",
        "coordinates": [
          -63.51561778992523,
          -31.5667075373409
        ]
      }
    },
    {
      "type": "Feature",
      "properties": {
        "extinto": "FEDERICO  NICOLAS  NAVARRO",
        "nacimiento": "1993-05-07 00:00:00",
        "defuncion": "2023-04-28 00:00:00"
      },
      "geometry": {
        "type": "Point",
        "coordinates": [
          -63.51559559797808,
          -31.566574902911153
        ]
      }
    },
    {
      "type": "Feature",
      "properties": {
        "extinto": "PEDRO  ALBERTO  NAVARRO",
        "nacimiento": "1950-08-23 00:00:00",
        "defuncion": "2023-06-08 00:00:00"
      },
      "geometry": {
        "type": "Point",
        "coordinates": [
          -63.51559559797808,
          -31.566574902911153
        ]
      }
    },
    {
      "type": "Feature",
      "properties": {
        "extinto": "GLADY NOEMI MARIN",
        "nacimiento": "1955-07-14 00:00:00",
        "defuncion": "2023-11-03 00:00:00"
      },
      "geometry": {
        "type": "Point",
        "coordinates": [
          -63.51559559797808,
          -31.566574902911153
        ]
      }
    },
    {
      "type": "Feature",
      "properties": {
        "extinto": "HECTOR MIGUEL SARMIENTO",
        "nacimiento": "1937-03-13 00:00:00",
        "defuncion": "2018-03-07 00:00:00"
      },
      "geometry": {
        "type": "Point",
        "coordinates": [
          -63.515601118727595,
          -31.566595099820763
        ]
      }
    },
    {
      "type": "Feature",
      "properties": {
        "extinto": "PEDRO CORZO",
        "nacimiento": "1930-03-02 00:00:00",
        "defuncion": "2018-04-18 00:00:00"
      },
      "geometry": {
        "type": "Point",
        "coordinates": [
          -63.51561336039828,
          -31.56663988427132
        ]
      }
    },
    {
      "type": "Feature",
      "properties": {
        "extinto": "MARIA ROSA LUQUE",
        "nacimiento": "1935-02-16 00:00:00",
        "defuncion": "2018-11-11 00:00:00"
      },
      "geometry": {
        "type": "Point",
        "coordinates": [
          -63.51561336039828,
          -31.56663988427132
        ]
      }
    },
    {
      "type": "Feature",
      "properties": {
        "extinto": "AVERSA ROBERTO",
        "nacimiento": "1923-08-18 00:00:00",
        "defuncion": "1967-01-25 00:00:00"
      },
      "geometry": {
        "type": "Point",
        "coordinates": [
          -63.51562560208098,
          -31.566684668720285
        ]
      }
    },
    {
      "type": "Feature",
      "properties": {
        "extinto": "ABUD DIBE",
        "nacimiento": "1924-09-12 00:00:00",
        "defuncion": "2016-06-09 00:00:00"
      },
      "geometry": {
        "type": "Point",
        "coordinates": [
          -63.51562560208098,
          -31.566684668720285
        ]
      }
    },
    {
      "type": "Feature",
      "properties": {
        "extinto": "CACERES ALINDA URELIA",
        "nacimiento": "1934-09-25 00:00:00",
        "defuncion": "2017-06-29 00:00:00"
      },
      "geometry": {
        "type": "Point",
        "coordinates": [
          -63.51562117254972,
          -31.566617015650774
        ]
      }
    },
    {
      "type": "Feature",
      "properties": {
        "extinto": "FARIAS RAMON",
        "nacimiento": "1944-08-08 00:00:00",
        "defuncion": "2013-05-31 00:00:00"
      },
      "geometry": {
        "type": "Point",
        "coordinates": [
          -63.51563341423299,
          -31.566661800099144
        ]
      }
    },
    {
      "type": "Feature",
      "properties": {
        "extinto": "JUAN FEDERICO WERNER ALMADA",
        "nacimiento": "2014-07-02 00:00:00",
        "defuncion": "2015-01-12 00:00:00"
      },
      "geometry": {
        "type": "Point",
        "coordinates": [
          -63.51563893499603,
          -31.5666819970067
        ]
      }
    },
    {
      "type": "Feature",
      "properties": {
        "extinto": "ALVAREZ MARIA ALCIRA",
        "nacimiento": "1937-11-05 00:00:00",
        "defuncion": "2011-04-17 00:00:00"
      },
      "geometry": {
        "type": "Point",
        "coordinates": [
          -63.5156444557615,
          -31.566702193913923
        ]
      }
    },
    {
      "type": "Feature",
      "properties": {
        "extinto": "MORAL AMERICO ANTONIO",
        "nacimiento": "1955-05-04 00:00:00",
        "defuncion": "2016-05-12 00:00:00"
      },
      "geometry": {
        "type": "Point",
        "coordinates": [
          -63.5156444557615,
          -31.566702193913923
        ]
      }
    },
    {
      "type": "Feature",
      "properties": {
        "extinto": "ROMILDA DELFINA CAMUSSO",
        "nacimiento": "1935-05-18 00:00:00",
        "defuncion": "2002-07-02 00:00:00"
      },
      "geometry": {
        "type": "Point",
        "coordinates": [
          -63.51562778453299,
          -31.566589756397498
        ]
      }
    },
    {
      "type": "Feature",
      "properties": {
        "extinto": "PERALTA TERESA NOEMI",
        "nacimiento": "1937-05-12 00:00:00",
        "defuncion": "2015-12-12 00:00:00"
      },
      "geometry": {
        "type": "Point",
        "coordinates": [
          -63.51563450545531,
          -31.56661434393773
        ]
      }
    },
    {
      "type": "Feature",
      "properties": {
        "extinto": "URAN JUAN PABLO",
        "nacimiento": "2013-08-10 00:00:00",
        "defuncion": "2013-08-13 00:00:00"
      },
      "geometry": {
        "type": "Point",
        "coordinates": [
          -63.515640026215635,
          -31.56663454084542
        ]
      }
    },
    {
      "type": "Feature",
      "properties": {
        "extinto": "IRCANO RAMON SERVETTO",
        "nacimiento": "1931-05-06 00:00:00",
        "defuncion": "2020-03-31 00:00:00"
      },
      "geometry": {
        "type": "Point",
        "coordinates": [
          -63.51564674714458,
          -31.56665912838478
        ]
      }
    },
    {
      "type": "Feature",
      "properties": {
        "extinto": "MARTA  INES  VIGNOLI",
        "nacimiento": "1935-08-01 00:00:00",
        "defuncion": "2024-05-14 00:00:00"
      },
      "geometry": {
        "type": "Point",
        "coordinates": [
          -63.51564674714458,
          -31.56665912838478
        ]
      }
    },
    {
      "type": "Feature",
      "properties": {
        "extinto": "PONCE DENIZ RAMON",
        "nacimiento": "1939-01-10 00:00:00",
        "defuncion": "2010-05-22 00:00:00"
      },
      "geometry": {
        "type": "Point",
        "coordinates": [
          -63.51565226791029,
          -31.566679325291744
        ]
      }
    },
    {
      "type": "Feature",
      "properties": {
        "extinto": "PONCE SARA TRINIDAD",
        "nacimiento": "1936-06-12 00:00:00",
        "defuncion": "2010-10-22 00:00:00"
      },
      "geometry": {
        "type": "Point",
        "coordinates": [
          -63.51565226791029,
          -31.566679325291744
        ]
      }
    },
    {
      "type": "Feature",
      "properties": {
        "extinto": "SORIA LUIS ENRIQUE",
        "nacimiento": "1939-06-21 00:00:00",
        "defuncion": "2010-01-06 00:00:00"
      },
      "geometry": {
        "type": "Point",
        "coordinates": [
          -63.51565778867848,
          -31.566699522198363
        ]
      }
    },
    {
      "type": "Feature",
      "properties": {
        "extinto": "FERNANDEZ LIDIA ELSA",
        "nacimiento": "1930-03-25 00:00:00",
        "defuncion": "2016-06-14 00:00:00"
      },
      "geometry": {
        "type": "Point",
        "coordinates": [
          -63.51564111743451,
          -31.566587084683807
        ]
      }
    },
    {
      "type": "Feature",
      "properties": {
        "extinto": "JUAN LORENZO",
        "nacimiento": "2018-07-24 00:00:00",
        "defuncion": "2018-07-24 00:00:00"
      },
      "geometry": {
        "type": "Point",
        "coordinates": [
          -63.51564111743451,
          -31.566587084683807
        ]
      }
    },
    {
      "type": "Feature",
      "properties": {
        "extinto": "PUSIOL VICTORIO M",
        "nacimiento": "1918-08-24 00:00:00",
        "defuncion": "2017-09-09 00:00:00"
      },
      "geometry": {
        "type": "Point",
        "coordinates": [
          -63.51564783836012,
          -31.566611672223313
        ]
      }
    },
    {
      "type": "Feature",
      "properties": {
        "extinto": "CATALINA BATTAGLINO",
        "nacimiento": "1929-11-10 00:00:00",
        "defuncion": "2018-10-20 00:00:00"
      },
      "geometry": {
        "type": "Point",
        "coordinates": [
          -63.51564783836012,
          -31.566611672223313
        ]
      }
    },
    {
      "type": "Feature",
      "properties": {
        "extinto": "CRISTIAN JAVIER PEREZ",
        "nacimiento": "2013-10-28 00:00:00",
        "defuncion": "2013-10-28 00:00:00"
      },
      "geometry": {
        "type": "Point",
        "coordinates": [
          -63.51565335912317,
          -31.566631869130404
        ]
      }
    },
    {
      "type": "Feature",
      "properties": {
        "extinto": "JUAN DOMINGO RAMIREZ",
        "nacimiento": "2005-05-23 00:00:00",
        "defuncion": "2005-05-23 00:00:00"
      },
      "geometry": {
        "type": "Point",
        "coordinates": [
          -63.51565335912317,
          -31.566631869130404
        ]
      }
    },
    {
      "type": "Feature",
      "properties": {
        "extinto": "ALBARRACIN MARCELO GASPARIN",
        "nacimiento": "1934-02-26 00:00:00",
        "defuncion": "2012-03-26 00:00:00"
      },
      "geometry": {
        "type": "Point",
        "coordinates": [
          -63.515660080055376,
          -31.56665645666903
        ]
      }
    },
    {
      "type": "Feature",
      "properties": {
        "extinto": "CACERES MARIA AIDA",
        "nacimiento": "1936-10-19 00:00:00",
        "defuncion": "2009-07-31 00:00:00"
      },
      "geometry": {
        "type": "Point",
        "coordinates": [
          -63.515665600823816,
          -31.5666766535754
        ]
      }
    },
    {
      "type": "Feature",
      "properties": {
        "extinto": "RAMOS JUAN CARLOS",
        "nacimiento": "1934-04-29 00:00:00",
        "defuncion": "2015-10-21 00:00:00"
      },
      "geometry": {
        "type": "Point",
        "coordinates": [
          -63.515665600823816,
          -31.5666766535754
        ]
      }
    },
    {
      "type": "Feature",
      "properties": {
        "extinto": "MOYANO HECTOR CALIXTO",
        "nacimiento": "1949-08-18 00:00:00",
        "defuncion": "2009-02-10 00:00:00"
      },
      "geometry": {
        "type": "Point",
        "coordinates": [
          -63.51567112159469,
          -31.56669685048143
        ]
      }
    },
    {
      "type": "Feature",
      "properties": {
        "extinto": "ANTONIA EDITH LUCERO",
        "nacimiento": "1943-02-02 00:00:00",
        "defuncion": "1979-03-18 00:00:00"
      },
      "geometry": {
        "type": "Point",
        "coordinates": [
          -63.51567112159469,
          -31.56669685048143
        ]
      }
    },
    {
      "type": "Feature",
      "properties": {
        "extinto": "MORAL RAUL RICARDO",
        "nacimiento": "1957-07-17 00:00:00",
        "defuncion": "2016-01-01 00:00:00"
      },
      "geometry": {
        "type": "Point",
        "coordinates": [
          -63.51567112159469,
          -31.56669685048143
        ]
      }
    },
    {
      "type": "Feature",
      "properties": {
        "extinto": "CIVARELLO ADELA YOLANDA",
        "nacimiento": "1923-06-23 00:00:00",
        "defuncion": "2017-05-10 00:00:00"
      },
      "geometry": {
        "type": "Point",
        "coordinates": [
          -63.515648929574965,
          -31.5665642160615
        ]
      }
    },
    {
      "type": "Feature",
      "properties": {
        "extinto": "JOSE PALACIUK",
        "nacimiento": "1916-10-06 00:00:00",
        "defuncion": "1994-01-25 00:00:00"
      },
      "geometry": {
        "type": "Point",
        "coordinates": [
          -63.515648929574965,
          -31.5665642160615
        ]
      }
    },
    {
      "type": "Feature",
      "properties": {
        "extinto": "SANCHEZ BRISA ANAHI",
        "nacimiento": "2005-03-15 00:00:00",
        "defuncion": "2009-11-06 00:00:00"
      },
      "geometry": {
        "type": "Point",
        "coordinates": [
          -63.51565445033529,
          -31.566584412968716
        ]
      }
    },
    {
      "type": "Feature",
      "properties": {
        "extinto": "HEREDIA  MARCIAL  EXEQUIEL",
        "nacimiento": "1947-04-20 00:00:00",
        "defuncion": "2013-10-22 00:00:00"
      },
      "geometry": {
        "type": "Point",
        "coordinates": [
          -63.51565445033529,
          -31.566584412968716
        ]
      }
    },
    {
      "type": "Feature",
      "properties": {
        "extinto": "MORAL RAMON AUGUSTO",
        "nacimiento": "1929-08-31 00:00:00",
        "defuncion": "2002-12-26 00:00:00"
      },
      "geometry": {
        "type": "Point",
        "coordinates": [
          -63.5156734129654,
          -31.566653784951885
        ]
      }
    },
    {
      "type": "Feature",
      "properties": {
        "extinto": "MARIA SUSANA MORAL",
        "nacimiento": "1953-05-16 00:00:00",
        "defuncion": "2022-06-06 00:00:00"
      },
      "geometry": {
        "type": "Point",
        "coordinates": [
          -63.515678933736524,
          -31.56667398185766
        ]
      }
    },
    {
      "type": "Feature",
      "properties": {
        "extinto": "LUCERO MARIA ESPERANZA",
        "nacimiento": "1923-01-05 00:00:00",
        "defuncion": "1993-03-06 00:00:00"
      },
      "geometry": {
        "type": "Point",
        "coordinates": [
          -63.51568445451013,
          -31.566694178763097
        ]
      }
    },
    {
      "type": "Feature",
      "properties": {
        "extinto": "LUCERO JUAN PABLO",
        "nacimiento": "1939-05-02 00:00:00",
        "defuncion": "1966-01-24 00:00:00"
      },
      "geometry": {
        "type": "Point",
        "coordinates": [
          -63.51568445451013,
          -31.566694178763097
        ]
      }
    },
    {
      "type": "Feature",
      "properties": {
        "extinto": "MORAL RODRIGO JAVIER",
        "nacimiento": "1978-09-14 00:00:00",
        "defuncion": "1978-10-02 00:00:00"
      },
      "geometry": {
        "type": "Point",
        "coordinates": [
          -63.51568445451013,
          -31.566694178763097
        ]
      }
    },
    {
      "type": "Feature",
      "properties": {
        "extinto": "MORAL ANTONIO",
        "nacimiento": "1905-07-06 00:00:00",
        "defuncion": "1946-08-09 00:00:00"
      },
      "geometry": {
        "type": "Point",
        "coordinates": [
          -63.51568445451013,
          -31.566694178763097
        ]
      }
    },
    {
      "type": "Feature",
      "properties": {
        "extinto": "MACHADO MARIA LUISA",
        "nacimiento": "1905-11-09 00:00:00",
        "defuncion": "1972-09-11 00:00:00"
      },
      "geometry": {
        "type": "Point",
        "coordinates": [
          -63.51568445451013,
          -31.566694178763097
        ]
      }
    },
    {
      "type": "Feature",
      "properties": {
        "extinto": "MORAL AMERICO",
        "nacimiento": "1931-11-15 00:00:00",
        "defuncion": "2002-12-19 00:00:00"
      },
      "geometry": {
        "type": "Point",
        "coordinates": [
          -63.51568445451013,
          -31.566694178763097
        ]
      }
    },
    {
      "type": "Feature",
      "properties": {
        "extinto": "MIGUEL ANGEL ABBA",
        "nacimiento": "1949-06-27 00:00:00",
        "defuncion": "2015-09-16 00:00:00"
      },
      "geometry": {
        "type": "Point",
        "coordinates": [
          -63.51566226247223,
          -31.566561544345625
        ]
      }
    },
    {
      "type": "Feature",
      "properties": {
        "extinto": "CAROLINA TESTA DE BERTOLEZ",
        "nacimiento": "1922-09-23 00:00:00",
        "defuncion": "1994-12-18 00:00:00"
      },
      "geometry": {
        "type": "Point",
        "coordinates": [
          -63.51566778323524,
          -31.566581741252246
        ]
      }
    },
    {
      "type": "Feature",
      "properties": {
        "extinto": "DOMINGO BERTOLEZ",
        "nacimiento": "1946-04-28 00:00:00",
        "defuncion": "1992-12-28 00:00:00"
      },
      "geometry": {
        "type": "Point",
        "coordinates": [
          -63.51566778323524,
          -31.566581741252246
        ]
      }
    },
    {
      "type": "Feature",
      "properties": {
        "extinto": "EDUARDO BERTOLEZ",
        "nacimiento": "1916-10-13 00:00:00",
        "defuncion": "1984-05-06 00:00:00"
      },
      "geometry": {
        "type": "Point",
        "coordinates": [
          -63.51566778323524,
          -31.566581741252246
        ]
      }
    },
    {
      "type": "Feature",
      "properties": {
        "extinto": "CARABANTE HECTOR ANTONIO",
        "nacimiento": "1933-08-05 00:00:00",
        "defuncion": "2004-01-06 00:00:00"
      },
      "geometry": {
        "type": "Point",
        "coordinates": [
          -63.51567450416743,
          -31.566606328790304
        ]
      }
    },
    {
      "type": "Feature",
      "properties": {
        "extinto": "MARIA ERNESTA ROSAS",
        "nacimiento": "1935-07-25 00:00:00",
        "defuncion": "2021-04-14 00:00:00"
      },
      "geometry": {
        "type": "Point",
        "coordinates": [
          -63.51567450416743,
          -31.566606328790304
        ]
      }
    },
    {
      "type": "Feature",
      "properties": {
        "extinto": "ROSAS LIDIA NATIVIDAD",
        "nacimiento": "2012-02-17 00:00:00",
        "defuncion": "2012-02-17 00:00:00"
      },
      "geometry": {
        "type": "Point",
        "coordinates": [
          -63.51568002493586,
          -31.566626525696204
        ]
      }
    },
    {
      "type": "Feature",
      "properties": {
        "extinto": "NIVIO DOMINGO LEGUIZAMON",
        "nacimiento": "1935-12-27 00:00:00",
        "defuncion": "2018-01-28 00:00:00"
      },
      "geometry": {
        "type": "Point",
        "coordinates": [
          -63.51568002493586,
          -31.566626525696204
        ]
      }
    },
    {
      "type": "Feature",
      "properties": {
        "extinto": "MEDRAN FELIZ JOSE RAMON",
        "nacimiento": "1922-07-17 00:00:00",
        "defuncion": "2013-07-06 00:00:00"
      },
      "geometry": {
        "type": "Point",
        "coordinates": [
          -63.51568674587465,
          -31.566651113233373
        ]
      }
    },
    {
      "type": "Feature",
      "properties": {
        "extinto": "BIANCIOTTI NATALIA MAGDALENA",
        "nacimiento": "1924-12-25 00:00:00",
        "defuncion": "2015-10-21 00:00:00"
      },
      "geometry": {
        "type": "Point",
        "coordinates": [
          -63.51568674587465,
          -31.566651113233373
        ]
      }
    },
    {
      "type": "Feature",
      "properties": {
        "extinto": "MARIA CRISTINA MEDRAN",
        "nacimiento": "1950-03-04 00:00:00",
        "defuncion": "2024-07-16 00:00:00"
      },
      "geometry": {
        "type": "Point",
        "coordinates": [
          -63.51568674587465,
          -31.566651113233373
        ]
      }
    },
    {
      "type": "Feature",
      "properties": {
        "extinto": "ELISA MARIELA CAMPODONICO",
        "nacimiento": "1973-09-10 00:00:00",
        "defuncion": "2018-09-21 00:00:00"
      },
      "geometry": {
        "type": "Point",
        "coordinates": [
          -63.51569226664848,
          -31.566671310138542
        ]
      }
    },
    {
      "type": "Feature",
      "properties": {
        "extinto": "GUZMAN MARCELA ALEJANDRA",
        "nacimiento": "1985-01-21 00:00:00",
        "defuncion": "2001-08-20 00:00:00"
      },
      "geometry": {
        "type": "Point",
        "coordinates": [
          -63.51569778742477,
          -31.56669150704339
        ]
      }
    },
    {
      "type": "Feature",
      "properties": {
        "extinto": "MARINA MARISEL GUZMAN",
        "nacimiento": "1981-02-06 00:00:00",
        "defuncion": "2007-02-17 00:00:00"
      },
      "geometry": {
        "type": "Point",
        "coordinates": [
          -63.51569778742477,
          -31.56669150704339
        ]
      }
    },
    {
      "type": "Feature",
      "properties": {
        "extinto": "BERTOLEZ EDUARDO ANGEL",
        "nacimiento": "1960-09-15 00:00:00",
        "defuncion": "2017-01-26 00:00:00"
      },
      "geometry": {
        "type": "Point",
        "coordinates": [
          -63.51568111613442,
          -31.5665790695344
        ]
      }
    },
    {
      "type": "Feature",
      "properties": {
        "extinto": "DIAZ CRISTIAN JONATAN",
        "nacimiento": "1997-06-06 00:00:00",
        "defuncion": "2017-01-21 00:00:00"
      },
      "geometry": {
        "type": "Point",
        "coordinates": [
          -63.51568783706989,
          -31.56660365707173
        ]
      }
    },
    {
      "type": "Feature",
      "properties": {
        "extinto": "GUZMAN RITA RAQUEL",
        "nacimiento": "1973-12-26 00:00:00",
        "defuncion": "1995-05-31 00:00:00"
      },
      "geometry": {
        "type": "Point",
        "coordinates": [
          -63.51570007878309,
          -31.566648441513475
        ]
      }
    },
    {
      "type": "Feature",
      "properties": {
        "extinto": "LUDUEÑA ELVIO ARGENTINO",
        "nacimiento": "1940-07-16 00:00:00",
        "defuncion": "2015-02-21 00:00:00"
      },
      "geometry": {
        "type": "Point",
        "coordinates": [
          -63.515705599559624,
          -31.566668638418054
        ]
      }
    },
    {
      "type": "Feature",
      "properties": {
        "extinto": "PERALTA MARIA EDIT",
        "nacimiento": "2015-12-09 00:00:00",
        "defuncion": "2015-12-09 00:00:00"
      },
      "geometry": {
        "type": "Point",
        "coordinates": [
          -63.51568892826442,
          -31.566556200909723
        ]
      }
    },
    {
      "type": "Feature",
      "properties": {
        "extinto": "PEREZ PETRONA SARA",
        "nacimiento": "1933-12-04 00:00:00",
        "defuncion": "2016-03-03 00:00:00"
      },
      "geometry": {
        "type": "Point",
        "coordinates": [
          -63.51568892826442,
          -31.566556200909723
        ]
      }
    },
    {
      "type": "Feature",
      "properties": {
        "extinto": "JOSE ANGEL RAMALLO",
        "nacimiento": "1921-03-21 00:00:00",
        "defuncion": "1995-06-15 00:00:00"
      },
      "geometry": {
        "type": "Point",
        "coordinates": [
          -63.51569444903285,
          -31.56657639781515
        ]
      }
    },
    {
      "type": "Feature",
      "properties": {
        "extinto": "MARTA PLEITAVINO DE RAMALLO",
        "nacimiento": "1912-03-21 00:00:00",
        "defuncion": "1993-08-17 00:00:00"
      },
      "geometry": {
        "type": "Point",
        "coordinates": [
          -63.51569444903285,
          -31.56657639781515
        ]
      }
    },
    {
      "type": "Feature",
      "properties": {
        "extinto": "LUDEUÑA CANDIDO ERNESTO",
        "nacimiento": "1921-05-01 00:00:00",
        "defuncion": "1976-08-06 00:00:00"
      },
      "geometry": {
        "type": "Point",
        "coordinates": [
          -63.51570669074542,
          -31.566621182256473
        ]
      }
    },
    {
      "type": "Feature",
      "properties": {
        "extinto": "BERTORELLO TERESA",
        "nacimiento": "2017-09-14 00:00:00",
        "defuncion": "2017-09-14 00:00:00"
      },
      "geometry": {
        "type": "Point",
        "coordinates": [
          -63.51570669074542,
          -31.566621182256473
        ]
      }
    },
    {
      "type": "Feature",
      "properties": {
        "extinto": "LUDUEÑA CANDIDO",
        "nacimiento": "1940-04-25 00:00:00",
        "defuncion": "1980-06-21 00:00:00"
      },
      "geometry": {
        "type": "Point",
        "coordinates": [
          -63.515713411690776,
          -31.56664576979219
        ]
      }
    },
    {
      "type": "Feature",
      "properties": {
        "extinto": "ARGUELLO DE LUDUEÑA ROSARIO",
        "nacimiento": "1940-04-25 00:00:00",
        "defuncion": "1982-06-24 00:00:00"
      },
      "geometry": {
        "type": "Point",
        "coordinates": [
          -63.515713411690776,
          -31.56664576979219
        ]
      }
    },
    {
      "type": "Feature",
      "properties": {
        "extinto": "LUDUEÑA RAMON AMERICO",
        "nacimiento": "1940-04-25 00:00:00",
        "defuncion": "1978-07-21 00:00:00"
      },
      "geometry": {
        "type": "Point",
        "coordinates": [
          -63.515713411690776,
          -31.56664576979219
        ]
      }
    },
    {
      "type": "Feature",
      "properties": {
        "extinto": "LUDUEÑA JUSTO GERMAN",
        "nacimiento": "1940-04-25 00:00:00",
        "defuncion": "1978-07-21 00:00:00"
      },
      "geometry": {
        "type": "Point",
        "coordinates": [
          -63.515713411690776,
          -31.56664576979219
        ]
      }
    },
    {
      "type": "Feature",
      "properties": {
        "extinto": "LUDUEÑA GERMAN",
        "nacimiento": "1940-04-25 00:00:00",
        "defuncion": "1980-12-15 00:00:00"
      },
      "geometry": {
        "type": "Point",
        "coordinates": [
          -63.515713411690776,
          -31.56664576979219
        ]
      }
    },
    {
      "type": "Feature",
      "properties": {
        "extinto": "DAVICINO ORLANDO NICANOR",
        "nacimiento": "1925-09-03 00:00:00",
        "defuncion": "1996-09-24 00:00:00"
      },
      "geometry": {
        "type": "Point",
        "coordinates": [
          -63.51572445325169,
          -31.566686163599822
        ]
      }
    },
    {
      "type": "Feature",
      "properties": {
        "extinto": "LUCIA SILVIA MARENGO",
        "nacimiento": "1931-02-06 00:00:00",
        "defuncion": "2021-01-20 00:00:00"
      },
      "geometry": {
        "type": "Point",
        "coordinates": [
          -63.51572445325169,
          -31.566686163599822
        ]
      }
    },
    {
      "type": "Feature",
      "properties": {
        "extinto": "COMPANY JOSE LUIS",
        "nacimiento": "1959-08-06 00:00:00",
        "defuncion": "2014-02-22 00:00:00"
      },
      "geometry": {
        "type": "Point",
        "coordinates": [
          -63.515353846036874,
          -31.566571266284463
        ]
      }
    },
    {
      "type": "Feature",
      "properties": {
        "extinto": "PEDRO BESSONE",
        "nacimiento": "1939-07-04 00:00:00",
        "defuncion": "2020-10-27 00:00:00"
      },
      "geometry": {
        "type": "Point",
        "coordinates": [
          -63.51538231191232,
          -31.56667735858618
        ]
      }
    },
    {
      "type": "Feature",
      "properties": {
        "extinto": "MARIA ELVA MARIOTTA",
        "nacimiento": "1935-04-02 00:00:00",
        "defuncion": "2019-12-21 00:00:00"
      },
      "geometry": {
        "type": "Point",
        "coordinates": [
          -63.51545030261016,
          -31.566670463267695
        ]
      }
    },
    {
      "type": "Feature",
      "properties": {
        "extinto": "MIGUEL GUALDA",
        "nacimiento": "1929-11-14 00:00:00",
        "defuncion": "1984-01-29 00:00:00"
      },
      "geometry": {
        "type": "Point",
        "coordinates": [
          -63.51550556498418,
          -31.56682888673954
        ]
      }
    },
    {
      "type": "Feature",
      "properties": {
        "extinto": "JUANA GALERA",
        "nacimiento": "1931-02-25 00:00:00",
        "defuncion": "2009-03-04 00:00:00"
      },
      "geometry": {
        "type": "Point",
        "coordinates": [
          -63.51550556498418,
          -31.56682888673954
        ]
      }
    },
    {
      "type": "Feature",
      "properties": {
        "extinto": "JOSE ANTONIO FUNES",
        "nacimiento": "1942-03-18 00:00:00",
        "defuncion": "2009-06-22 00:00:00"
      },
      "geometry": {
        "type": "Point",
        "coordinates": [
          -63.5155176969847,
          -31.566862490259826
        ]
      }
    },
    {
      "type": "Feature",
      "properties": {
        "extinto": "RAQUEL HERRERA",
        "nacimiento": "1947-02-09 00:00:00",
        "defuncion": "2024-03-17 00:00:00"
      },
      "geometry": {
        "type": "Point",
        "coordinates": [
          -63.5155176969847,
          -31.566862490259826
        ]
      }
    },
    {
      "type": "Feature",
      "properties": {
        "extinto": "ALVAREZ LORENZO NICOLAS",
        "nacimiento": "1999-12-10 00:00:00",
        "defuncion": "2012-07-07 00:00:00"
      },
      "geometry": {
        "type": "Point",
        "coordinates": [
          -63.51548827088507,
          -31.56671074909774
        ]
      }
    },
    {
      "type": "Feature",
      "properties": {
        "extinto": "RAUL ANDRES ALVAREZ",
        "nacimiento": "1945-02-04 00:00:00",
        "defuncion": "2018-01-17 00:00:00"
      },
      "geometry": {
        "type": "Point",
        "coordinates": [
          -63.5154923148769,
          -31.566721950272157
        ]
      }
    },
    {
      "type": "Feature",
      "properties": {
        "extinto": "LUDUEÑA DANIEL FLORENCIO",
        "nacimiento": "1937-10-27 00:00:00",
        "defuncion": "2004-04-17 00:00:00"
      },
      "geometry": {
        "type": "Point",
        "coordinates": [
          -63.51551657884849,
          -31.56678915731536
        ]
      }
    },
    {
      "type": "Feature",
      "properties": {
        "extinto": "NILDA ROSA LUQUE",
        "nacimiento": "1938-11-09 00:00:00",
        "defuncion": "2015-05-17 00:00:00"
      },
      "geometry": {
        "type": "Point",
        "coordinates": [
          -63.51551657884849,
          -31.56678915731536
        ]
      }
    },
    {
      "type": "Feature",
      "properties": {
        "extinto": "LUDUEÑA JORGE ALBERTO",
        "nacimiento": "1960-10-16 00:00:00",
        "defuncion": "2008-06-14 00:00:00"
      },
      "geometry": {
        "type": "Point",
        "coordinates": [
          -63.51552062284718,
          -31.566800358488656
        ]
      }
    },
    {
      "type": "Feature",
      "properties": {
        "extinto": "ROSA BEATRIZ CLAVERO",
        "nacimiento": "1969-08-17 00:00:00",
        "defuncion": "2021-11-24 00:00:00"
      },
      "geometry": {
        "type": "Point",
        "coordinates": [
          -63.515524666846886,
          -31.56681155966182
        ]
      }
    },
    {
      "type": "Feature",
      "properties": {
        "extinto": "RAMOS ELVA ADELA",
        "nacimiento": "1943-11-25 00:00:00",
        "defuncion": "2011-01-18 00:00:00"
      },
      "geometry": {
        "type": "Point",
        "coordinates": [
          -63.51553275484923,
          -31.566833962007664
        ]
      }
    },
    {
      "type": "Feature",
      "properties": {
        "extinto": "ABEL  OSACAR  BIANCO",
        "nacimiento": "1940-10-02 00:00:00",
        "defuncion": "2001-06-23 00:00:00"
      },
      "geometry": {
        "type": "Point",
        "coordinates": [
          -63.51553275484923,
          -31.566833962007664
        ]
      }
    },
    {
      "type": "Feature",
      "properties": {
        "extinto": "GARCIA RAMON BAUSTISTA",
        "nacimiento": "1939-08-29 00:00:00",
        "defuncion": "2008-09-24 00:00:00"
      },
      "geometry": {
        "type": "Point",
        "coordinates": [
          -63.51553679885189,
          -31.566845163180343
        ]
      }
    },
    {
      "type": "Feature",
      "properties": {
        "extinto": "DORA EDIT PERALTA",
        "nacimiento": "1944-03-16 00:00:00",
        "defuncion": "2010-12-06 00:00:00"
      },
      "geometry": {
        "type": "Point",
        "coordinates": [
          -63.51553679885189,
          -31.566845163180343
        ]
      }
    },
    {
      "type": "Feature",
      "properties": {
        "extinto": "MAÑAY JUSTO ELIAS",
        "nacimiento": "1932-02-04 00:00:00",
        "defuncion": "2014-04-03 00:00:00"
      },
      "geometry": {
        "type": "Point",
        "coordinates": [
          -63.515540842855515,
          -31.566856364352866
        ]
      }
    },
    {
      "type": "Feature",
      "properties": {
        "extinto": "MAÑAY MIRIAM ELENA",
        "nacimiento": "1933-09-29 00:00:00",
        "defuncion": "2017-07-31 00:00:00"
      },
      "geometry": {
        "type": "Point",
        "coordinates": [
          -63.515540842855515,
          -31.566856364352866
        ]
      }
    },
    {
      "type": "Feature",
      "properties": {
        "extinto": "LUDUEÑA JOSE RAMON",
        "nacimiento": "1950-09-26 00:00:00",
        "defuncion": "2012-06-24 00:00:00"
      },
      "geometry": {
        "type": "Point",
        "coordinates": [
          -63.515535680701134,
          -31.56677183023597
        ]
      }
    },
    {
      "type": "Feature",
      "properties": {
        "extinto": "BELTRAMO AVELINO JOSE",
        "nacimiento": "1935-10-10 00:00:00",
        "defuncion": "2009-11-07 00:00:00"
      },
      "geometry": {
        "type": "Point",
        "coordinates": [
          -63.515539724701334,
          -31.566783031408715
        ]
      }
    },
    {
      "type": "Feature",
      "properties": {
        "extinto": "LUDUEÑA ROGELIO",
        "nacimiento": "2009-07-28 00:00:00",
        "defuncion": "2009-07-28 00:00:00"
      },
      "geometry": {
        "type": "Point",
        "coordinates": [
          -63.515543768702535,
          -31.566794232581273
        ]
      }
    },
    {
      "type": "Feature",
      "properties": {
        "extinto": "GERBINO MERCEDEZ",
        "nacimiento": "2009-07-28 00:00:00",
        "defuncion": "2009-07-28 00:00:00"
      },
      "geometry": {
        "type": "Point",
        "coordinates": [
          -63.515543768702535,
          -31.566794232581273
        ]
      }
    },
    {
      "type": "Feature",
      "properties": {
        "extinto": "RAMON ANTONIO CLAVERO",
        "nacimiento": "1931-01-14 00:00:00",
        "defuncion": "2009-03-21 00:00:00"
      },
      "geometry": {
        "type": "Point",
        "coordinates": [
          -63.515543768702535,
          -31.566794232581273
        ]
      }
    },
    {
      "type": "Feature",
      "properties": {
        "extinto": "RAMONA QUINTINA LUDUEÑA",
        "nacimiento": "1925-10-31 00:00:00",
        "defuncion": "2008-10-30 00:00:00"
      },
      "geometry": {
        "type": "Point",
        "coordinates": [
          -63.515543768702535,
          -31.566794232581273
        ]
      }
    },
    {
      "type": "Feature",
      "properties": {
        "extinto": "JOSE NESTOR LUQUE",
        "nacimiento": "1938-02-27 00:00:00",
        "defuncion": "1999-12-22 00:00:00"
      },
      "geometry": {
        "type": "Point",
        "coordinates": [
          -63.51555185670787,
          -31.56681663492593
        ]
      }
    },
    {
      "type": "Feature",
      "properties": {
        "extinto": "LIA ESTER PERALTA",
        "nacimiento": "1942-02-06 00:00:00",
        "defuncion": "2022-09-23 00:00:00"
      },
      "geometry": {
        "type": "Point",
        "coordinates": [
          -63.51555185670787,
          -31.56681663492593
        ]
      }
    },
    {
      "type": "Feature",
      "properties": {
        "extinto": "GIRAUDO ALFREDO JORGE",
        "nacimiento": "1951-08-06 00:00:00",
        "defuncion": "1998-08-26 00:00:00"
      },
      "geometry": {
        "type": "Point",
        "coordinates": [
          -63.51555590071203,
          -31.56682783609802
        ]
      }
    },
    {
      "type": "Feature",
      "properties": {
        "extinto": "PETTINARI RAYMUNDO",
        "nacimiento": "1925-02-18 00:00:00",
        "defuncion": "1998-02-08 00:00:00"
      },
      "geometry": {
        "type": "Point",
        "coordinates": [
          -63.51555994471715,
          -31.566839037269958
        ]
      }
    },
    {
      "type": "Feature",
      "properties": {
        "extinto": "JORGE RAUL ORELLANO",
        "nacimiento": "1959-04-07 00:00:00",
        "defuncion": "2006-04-20 00:00:00"
      },
      "geometry": {
        "type": "Point",
        "coordinates": [
          -63.51556398872326,
          -31.566850238441734
        ]
      }
    },
    {
      "type": "Feature",
      "properties": {
        "extinto": "OLDEVINA MARRONE",
        "nacimiento": "1931-03-12 00:00:00",
        "defuncion": "2015-07-04 00:00:00"
      },
      "geometry": {
        "type": "Point",
        "coordinates": [
          -63.51554669454628,
          -31.566732100809066
        ]
      }
    },
    {
      "type": "Feature",
      "properties": {
        "extinto": "RAFAEL ALBERTO JUAREZ",
        "nacimiento": "1932-10-24 00:00:00",
        "defuncion": "2015-12-28 00:00:00"
      },
      "geometry": {
        "type": "Point",
        "coordinates": [
          -63.51554669454628,
          -31.566732100809066
        ]
      }
    },
    {
      "type": "Feature",
      "properties": {
        "extinto": "CASAS ERNESTO BACILIO",
        "nacimiento": "1933-09-12 00:00:00",
        "defuncion": "2013-05-03 00:00:00"
      },
      "geometry": {
        "type": "Point",
        "coordinates": [
          -63.51555073854601,
          -31.56674330198151
        ]
      }
    },
    {
      "type": "Feature",
      "properties": {
        "extinto": "JUAN ELIO RIVATA",
        "nacimiento": "1948-08-30 00:00:00",
        "defuncion": "2022-02-04 00:00:00"
      },
      "geometry": {
        "type": "Point",
        "coordinates": [
          -63.51555882654843,
          -31.56676570432593
        ]
      }
    },
    {
      "type": "Feature",
      "properties": {
        "extinto": "ARTURO TELMO TISERA",
        "nacimiento": "1903-07-28 00:00:00",
        "defuncion": "1966-11-19 00:00:00"
      },
      "geometry": {
        "type": "Point",
        "coordinates": [
          -63.51555882654843,
          -31.56676570432593
        ]
      }
    },
    {
      "type": "Feature",
      "properties": {
        "extinto": "JUANA DOLORES TISSERA",
        "nacimiento": "1924-04-24 00:00:00",
        "defuncion": "2014-12-20 00:00:00"
      },
      "geometry": {
        "type": "Point",
        "coordinates": [
          -63.51555882654843,
          -31.56676570432593
        ]
      }
    },
    {
      "type": "Feature",
      "properties": {
        "extinto": "MARIA FRANCISCA RODRIGUEZ",
        "nacimiento": "1900-03-08 00:00:00",
        "defuncion": "1980-06-09 00:00:00"
      },
      "geometry": {
        "type": "Point",
        "coordinates": [
          -63.51555882654843,
          -31.56676570432593
        ]
      }
    },
    {
      "type": "Feature",
      "properties": {
        "extinto": "VICTORIO SILVESTRE CIVALLERO",
        "nacimiento": "1918-12-31 00:00:00",
        "defuncion": "1978-08-28 00:00:00"
      },
      "geometry": {
        "type": "Point",
        "coordinates": [
          -63.51555882654843,
          -31.56676570432593
        ]
      }
    },
    {
      "type": "Feature",
      "properties": {
        "extinto": "JUNCOS ESTHER RAMONA",
        "nacimiento": "1943-03-16 00:00:00",
        "defuncion": "2011-04-26 00:00:00"
      },
      "geometry": {
        "type": "Point",
        "coordinates": [
          -63.51556287055112,
          -31.566776905497903
        ]
      }
    },
    {
      "type": "Feature",
      "properties": {
        "extinto": "JUNCOS JUAN DOMINGO",
        "nacimiento": "1951-02-25 00:00:00",
        "defuncion": "2013-05-19 00:00:00"
      },
      "geometry": {
        "type": "Point",
        "coordinates": [
          -63.51556287055112,
          -31.566776905497903
        ]
      }
    },
    {
      "type": "Feature",
      "properties": {
        "extinto": "VAZQUEZ MARIA INES",
        "nacimiento": "1912-04-28 00:00:00",
        "defuncion": "2003-10-02 00:00:00"
      },
      "geometry": {
        "type": "Point",
        "coordinates": [
          -63.515566914554796,
          -31.56678810666972
        ]
      }
    },
    {
      "type": "Feature",
      "properties": {
        "extinto": "RIVERO NELSON JOSE",
        "nacimiento": "1933-09-04 00:00:00",
        "defuncion": "2010-09-08 00:00:00"
      },
      "geometry": {
        "type": "Point",
        "coordinates": [
          -63.51557095855946,
          -31.56679930784137
        ]
      }
    },
    {
      "type": "Feature",
      "properties": {
        "extinto": "RIVERO WALTER NELSON",
        "nacimiento": "1962-08-24 00:00:00",
        "defuncion": "2016-04-07 00:00:00"
      },
      "geometry": {
        "type": "Point",
        "coordinates": [
          -63.51557095855946,
          -31.56679930784137
        ]
      }
    },
    {
      "type": "Feature",
      "properties": {
        "extinto": "JOSE HIPOLITO VEGA",
        "nacimiento": "1919-12-18 00:00:00",
        "defuncion": "2007-09-24 00:00:00"
      },
      "geometry": {
        "type": "Point",
        "coordinates": [
          -63.51557500256509,
          -31.566810509012875
        ]
      }
    },
    {
      "type": "Feature",
      "properties": {
        "extinto": "BUSTOS BLANCA SUSANA",
        "nacimiento": "1922-01-22 00:00:00",
        "defuncion": "2012-06-20 00:00:00"
      },
      "geometry": {
        "type": "Point",
        "coordinates": [
          -63.51557500256509,
          -31.566810509012875
        ]
      }
    },
    {
      "type": "Feature",
      "properties": {
        "extinto": "GUILLERMO TEJEDA",
        "nacimiento": "1945-11-19 00:00:00",
        "defuncion": "2007-03-23 00:00:00"
      },
      "geometry": {
        "type": "Point",
        "coordinates": [
          -63.515579046571716,
          -31.56682171018422
        ]
      }
    },
    {
      "type": "Feature",
      "properties": {
        "extinto": "MARIA DE LOS ANGELES HERRERA",
        "nacimiento": "1990-01-11 00:00:00",
        "defuncion": "2020-10-08 00:00:00"
      },
      "geometry": {
        "type": "Point",
        "coordinates": [
          -63.51488855875666,
          -31.566868622929444
        ]
      }
    },
    {
      "type": "Feature",
      "properties": {
        "extinto": "RAMON ERNESTO HERRERA",
        "nacimiento": "1968-08-31 00:00:00",
        "defuncion": "2023-08-27 00:00:00"
      },
      "geometry": {
        "type": "Point",
        "coordinates": [
          -63.51488855875666,
          -31.566868622929444
        ]
      }
    },
    {
      "type": "Feature",
      "properties": {
        "extinto": "BEATRIZ VIRGINIA RODRIGUEZ",
        "nacimiento": "1954-07-12 00:00:00",
        "defuncion": "2021-06-26 00:00:00"
      },
      "geometry": {
        "type": "Point",
        "coordinates": [
          -63.514892438972616,
          -31.56687986649394
        ]
      }
    },
    {
      "type": "Feature",
      "properties": {
        "extinto": "EDUARDO NICOLAS GAMARRA",
        "nacimiento": "1933-11-08 00:00:00",
        "defuncion": "2021-07-15 00:00:00"
      },
      "geometry": {
        "type": "Point",
        "coordinates": [
          -63.5148963191895,
          -31.566891110058293
        ]
      }
    },
    {
      "type": "Feature",
      "properties": {
        "extinto": "FLORENCIA BAZAN",
        "nacimiento": "1926-04-05 00:00:00",
        "defuncion": "2021-07-18 00:00:00"
      },
      "geometry": {
        "type": "Point",
        "coordinates": [
          -63.5148963191895,
          -31.566891110058293
        ]
      }
    },
    {
      "type": "Feature",
      "properties": {
        "extinto": "ENZO OSCAR TABORDA",
        "nacimiento": "1997-09-02 00:00:00",
        "defuncion": "2022-07-15 00:00:00"
      },
      "geometry": {
        "type": "Point",
        "coordinates": [
          -63.5149079598459,
          -31.566924840750456
        ]
      }
    },
    {
      "type": "Feature",
      "properties": {
        "extinto": "ISIDORO  ALBERTO  COMBA",
        "nacimiento": "1945-03-08 00:00:00",
        "defuncion": "2023-05-17 00:00:00"
      },
      "geometry": {
        "type": "Point",
        "coordinates": [
          -63.514919600510815,
          -31.566958571441297
        ]
      }
    },
    {
      "type": "Feature",
      "properties": {
        "extinto": "NORMA  GRACIELA  PEREZ",
        "nacimiento": "1960-10-21 00:00:00",
        "defuncion": "2023-03-23 00:00:00"
      },
      "geometry": {
        "type": "Point",
        "coordinates": [
          -63.51492348073437,
          -31.56696981500461
        ]
      }
    },
    {
      "type": "Feature",
      "properties": {
        "extinto": "JORGE  OMAR  GALINDEZ",
        "nacimiento": "1948-12-02 00:00:00",
        "defuncion": "2023-05-09 00:00:00"
      },
      "geometry": {
        "type": "Point",
        "coordinates": [
          -63.51491179222576,
          -31.566862745128216
        ]
      }
    },
    {
      "type": "Feature",
      "properties": {
        "extinto": "FRANCO RAUL ZABALA",
        "nacimiento": "1995-04-29 00:00:00",
        "defuncion": "2022-12-12 00:00:00"
      },
      "geometry": {
        "type": "Point",
        "coordinates": [
          -63.51501482757461,
          -31.56683667830698
        ]
      }
    },
    {
      "type": "Feature",
      "properties": {
        "extinto": "ANTONIA BARBARITA  COTTURA",
        "nacimiento": "1947-09-15 00:00:00",
        "defuncion": "2024-03-31 00:00:00"
      },
      "geometry": {
        "type": "Point",
        "coordinates": [
          -63.515018707804266,
          -31.56684792186754
        ]
      }
    },
    {
      "type": "Feature",
      "properties": {
        "extinto": "ILDEBRANDRO  RAMON  NAVARRO",
        "nacimiento": "1936-05-15 00:00:00",
        "defuncion": "2024-06-04 00:00:00"
      },
      "geometry": {
        "type": "Point",
        "coordinates": [
          -63.515030348498975,
          -31.56688165254838
        ]
      }
    },
    {
      "type": "Feature",
      "properties": {
        "extinto": "JUAN CARLOS SANCHEZ",
        "nacimiento": "1958-10-29 00:00:00",
        "defuncion": "2020-10-11 00:00:00"
      },
      "geometry": {
        "type": "Point",
        "coordinates": [
          -63.51504311177782,
          -31.566829522694555
        ]
      }
    },
    {
      "type": "Feature",
      "properties": {
        "extinto": "KEILA  ALDANA  BUSTAMANTE",
        "nacimiento": "2023-02-24 00:00:00",
        "defuncion": "2023-02-24 00:00:00"
      },
      "geometry": {
        "type": "Point",
        "coordinates": [
          -63.515078033906605,
          -31.56693071472648
        ]
      }
    },
    {
      "type": "Feature",
      "properties": {
        "extinto": "MIGUEL  SIGIFREDO  GIORDANO",
        "nacimiento": "1948-07-05 00:00:00",
        "defuncion": "2023-02-25 00:00:00"
      },
      "geometry": {
        "type": "Point",
        "coordinates": [
          -63.515077985935775,
          -31.56685737554187
        ]
      }
    },
    {
      "type": "Feature",
      "properties": {
        "extinto": "FRANCHESCO  MARTIN  NAVARRO",
        "nacimiento": "2023-02-12 00:00:00",
        "defuncion": "2023-02-12 00:00:00"
      },
      "geometry": {
        "type": "Point",
        "coordinates": [
          -63.51508574641293,
          -31.56687986265878
        ]
      }
    },
    {
      "type": "Feature",
      "properties": {
        "extinto": "NAILA MELODY CAMPO",
        "nacimiento": "2023-01-03 00:00:00",
        "defuncion": "2023-01-03 00:00:00"
      },
      "geometry": {
        "type": "Point",
        "coordinates": [
          -63.5150935068939,
          -31.566902349775106
        ]
      }
    },
    {
      "type": "Feature",
      "properties": {
        "extinto": "ARMANDO  EDELVE  SANTIAGO  BRUCELLI",
        "nacimiento": "1943-07-24 00:00:00",
        "defuncion": "2024-02-29 00:00:00"
      },
      "geometry": {
        "type": "Point",
        "coordinates": [
          -63.51494658722955,
          -31.567042150746058
        ]
      }
    },
    {
      "type": "Feature",
      "properties": {
        "extinto": "RAMON SEBASTIAN GALIAN",
        "nacimiento": "1952-01-20 00:00:00",
        "defuncion": "2021-08-17 00:00:00"
      },
      "geometry": {
        "type": "Point",
        "coordinates": [
          -63.51494998193888,
          -31.567053508871172
        ]
      }
    },
    {
      "type": "Feature",
      "properties": {
        "extinto": "LUIS EDUARDO LEGUIZAMON",
        "nacimiento": "1990-11-06 00:00:00",
        "defuncion": "2022-09-01 00:00:00"
      },
      "geometry": {
        "type": "Point",
        "coordinates": [
          -63.5150009026798,
          -31.567223880733547
        ]
      }
    },
    {
      "type": "Feature",
      "properties": {
        "extinto": "OMAR FELICIANO CORREA",
        "nacimiento": "1974-12-30 00:00:00",
        "defuncion": "2022-09-10 00:00:00"
      },
      "geometry": {
        "type": "Point",
        "coordinates": [
          -63.51500400462614,
          -31.567150589645227
        ]
      }
    },
    {
      "type": "Feature",
      "properties": {
        "extinto": "JOSE OMAR LEGUIZAMON",
        "nacimiento": "1968-10-13 00:00:00",
        "defuncion": "2021-09-06 00:00:00"
      },
      "geometry": {
        "type": "Point",
        "coordinates": [
          -63.51505294547383,
          -31.56721247812461
        ]
      }
    },
    {
      "type": "Feature",
      "properties": {
        "extinto": "JUAN BAUTISTA SANCHEZ",
        "nacimiento": "1941-12-21 00:00:00",
        "defuncion": "2021-06-06 00:00:00"
      },
      "geometry": {
        "type": "Point",
        "coordinates": [
          -63.51507641574929,
          -31.567207335764653
        ]
      }
    },
    {
      "type": "Feature",
      "properties": {
        "extinto": "ARDILES FAUSTINO MARIO",
        "nacimiento": "1989-01-17 00:00:00",
        "defuncion": "2005-02-18 00:00:00"
      },
      "geometry": {
        "type": "Point",
        "coordinates": [
          -63.51518389602981,
          -31.567195888582823
        ]
      }
    },
    {
      "type": "Feature",
      "properties": {
        "extinto": "ARDILES MARCOS MANUEL",
        "nacimiento": "2013-04-18 00:00:00",
        "defuncion": "2013-04-18 00:00:00"
      },
      "geometry": {
        "type": "Point",
        "coordinates": [
          -63.51518389602981,
          -31.567195888582823
        ]
      }
    },
    {
      "type": "Feature",
      "properties": {
        "extinto": "MONTAÑA FAUSTINO",
        "nacimiento": "1949-01-18 00:00:00",
        "defuncion": "2017-09-20 00:00:00"
      },
      "geometry": {
        "type": "Point",
        "coordinates": [
          -63.51518389602981,
          -31.567195888582823
        ]
      }
    },
    {
      "type": "Feature",
      "properties": {
        "extinto": "LUQUE NORMA EDIT",
        "nacimiento": "1953-09-26 00:00:00",
        "defuncion": "2000-02-11 00:00:00"
      },
      "geometry": {
        "type": "Point",
        "coordinates": [
          -63.515011701069135,
          -31.567250183862043
        ]
      }
    },
    {
      "type": "Feature",
      "properties": {
        "extinto": "BALDASA ANGELA MARI",
        "nacimiento": "1910-01-02 00:00:00",
        "defuncion": "1989-04-13 00:00:00"
      },
      "geometry": {
        "type": "Point",
        "coordinates": [
          -63.515011701069135,
          -31.567250183862043
        ]
      }
    },
    {
      "type": "Feature",
      "properties": {
        "extinto": "CAON ALDO ALBINO",
        "nacimiento": "1945-06-16 00:00:00",
        "defuncion": "1946-06-16 00:00:00"
      },
      "geometry": {
        "type": "Point",
        "coordinates": [
          -63.515011701069135,
          -31.567250183862043
        ]
      }
    },
    {
      "type": "Feature",
      "properties": {
        "extinto": "CAON HECTOR OSCAR",
        "nacimiento": "1947-07-29 00:00:00",
        "defuncion": "2013-06-22 00:00:00"
      },
      "geometry": {
        "type": "Point",
        "coordinates": [
          -63.515014640838295,
          -31.56726163460872
        ]
      }
    },
    {
      "type": "Feature",
      "properties": {
        "extinto": "FABIAN  OSCAR CAON",
        "nacimiento": "1977-08-31 00:00:00",
        "defuncion": "2024-06-13 00:00:00"
      },
      "geometry": {
        "type": "Point",
        "coordinates": [
          -63.515014640838295,
          -31.56726163460872
        ]
      }
    },
    {
      "type": "Feature",
      "properties": {
        "extinto": "LUCIANA FIDELMINA PERALTA",
        "nacimiento": "1917-06-20 00:00:00",
        "defuncion": "1984-05-28 00:00:00"
      },
      "geometry": {
        "type": "Point",
        "coordinates": [
          -63.515026399922355,
          -31.56730743759445
        ]
      }
    },
    {
      "type": "Feature",
      "properties": {
        "extinto": "PEDRO ELOI GALINDES",
        "nacimiento": "1914-12-04 00:00:00",
        "defuncion": "1985-07-19 00:00:00"
      },
      "geometry": {
        "type": "Point",
        "coordinates": [
          -63.515026399922355,
          -31.56730743759445
        ]
      }
    },
    {
      "type": "Feature",
      "properties": {
        "extinto": "HUMBERTO DEL VALLE VICENTE",
        "nacimiento": "1958-09-24 00:00:00",
        "defuncion": "2024-01-08 00:00:00"
      },
      "geometry": {
        "type": "Point",
        "coordinates": [
          -63.51502933969521,
          -31.56731888834064
        ]
      }
    },
    {
      "type": "Feature",
      "properties": {
        "extinto": "CEBALLOS ERNESTO FERNANDO",
        "nacimiento": "1950-10-20 00:00:00",
        "defuncion": "2008-05-04 00:00:00"
      },
      "geometry": {
        "type": "Point",
        "coordinates": [
          -63.515120024134305,
          -31.567457873554616
        ]
      }
    },
    {
      "type": "Feature",
      "properties": {
        "extinto": "GASPARINI ANGEL AMADO",
        "nacimiento": "1918-02-24 00:00:00",
        "defuncion": "1979-11-09 00:00:00"
      },
      "geometry": {
        "type": "Point",
        "coordinates": [
          -63.51518929941449,
          -31.567234938436766
        ]
      }
    },
    {
      "type": "Feature",
      "properties": {
        "extinto": "GASPARINI BEATRIZ MARIA",
        "nacimiento": "1946-03-13 00:00:00",
        "defuncion": "2014-05-13 00:00:00"
      },
      "geometry": {
        "type": "Point",
        "coordinates": [
          -63.51518929941449,
          -31.567234938436766
        ]
      }
    },
    {
      "type": "Feature",
      "properties": {
        "extinto": "CARFAGNA IDA ROSA",
        "nacimiento": "1917-01-12 00:00:00",
        "defuncion": "2016-09-16 00:00:00"
      },
      "geometry": {
        "type": "Point",
        "coordinates": [
          -63.51518929941449,
          -31.567234938436766
        ]
      }
    },
    {
      "type": "Feature",
      "properties": {
        "extinto": "DARIO JOSE ABEL GASPARINI",
        "nacimiento": "1950-07-27 00:00:00",
        "defuncion": "2020-04-28 00:00:00"
      },
      "geometry": {
        "type": "Point",
        "coordinates": [
          -63.51519160397108,
          -31.567246495323886
        ]
      }
    },
    {
      "type": "Feature",
      "properties": {
        "extinto": "MARIA INES CORDOBA",
        "nacimiento": "1960-01-30 00:00:00",
        "defuncion": "2023-02-08 00:00:00"
      },
      "geometry": {
        "type": "Point",
        "coordinates": [
          -63.51519390852825,
          -31.567258052210924
        ]
      }
    },
    {
      "type": "Feature",
      "properties": {
        "extinto": "LUIS BATAGLIA",
        "nacimiento": "1948-03-25 00:00:00",
        "defuncion": "2024-01-06 00:00:00"
      },
      "geometry": {
        "type": "Point",
        "coordinates": [
          -63.51519390852825,
          -31.567258052210924
        ]
      }
    },
    {
      "type": "Feature",
      "properties": {
        "extinto": "DIEGO NORBERTO VELZI",
        "nacimiento": "1946-10-26 00:00:00",
        "defuncion": "2022-01-05 00:00:00"
      },
      "geometry": {
        "type": "Point",
        "coordinates": [
          -63.51519621308602,
          -31.567269609097906
        ]
      }
    },
    {
      "type": "Feature",
      "properties": {
        "extinto": "TABORDA JOSE RAMON",
        "nacimiento": "1921-10-24 00:00:00",
        "defuncion": "1978-06-01 00:00:00"
      },
      "geometry": {
        "type": "Point",
        "coordinates": [
          -63.51520312676285,
          -31.567304279758414
        ]
      }
    },
    {
      "type": "Feature",
      "properties": {
        "extinto": "GOMEZ MARIA DE LAS MERCEDEZ",
        "nacimiento": "1924-09-18 00:00:00",
        "defuncion": "1999-04-26 00:00:00"
      },
      "geometry": {
        "type": "Point",
        "coordinates": [
          -63.51520312676285,
          -31.567304279758414
        ]
      }
    },
    {
      "type": "Feature",
      "properties": {
        "extinto": "GRACIELA ALICIA TABORDA GOMEZ",
        "nacimiento": "1952-11-01 00:00:00",
        "defuncion": "2006-06-17 00:00:00"
      },
      "geometry": {
        "type": "Point",
        "coordinates": [
          -63.51520312676285,
          -31.567304279758414
        ]
      }
    },
    {
      "type": "Feature",
      "properties": {
        "extinto": "TABORDA GOMEZ SILVIA DEL VALLE",
        "nacimiento": "1948-05-07 00:00:00",
        "defuncion": "2011-08-02 00:00:00"
      },
      "geometry": {
        "type": "Point",
        "coordinates": [
          -63.51520312676285,
          -31.567304279758414
        ]
      }
    },
    {
      "type": "Feature",
      "properties": {
        "extinto": "MARIA JUANA DEL TRANSITO GALLARDO",
        "nacimiento": "1943-07-14 00:00:00",
        "defuncion": "2020-10-08 00:00:00"
      },
      "geometry": {
        "type": "Point",
        "coordinates": [
          -63.51520543132296,
          -31.567315836645115
        ]
      }
    },
    {
      "type": "Feature",
      "properties": {
        "extinto": "VALENTIN  JUAN  LENCINAS",
        "nacimiento": "1930-07-20 00:00:00",
        "defuncion": "1990-01-09 00:00:00"
      },
      "geometry": {
        "type": "Point",
        "coordinates": [
          -63.51520543132296,
          -31.567315836645115
        ]
      }
    },
    {
      "type": "Feature",
      "properties": {
        "extinto": "LUDUEÑA ROBERTA EMILIA",
        "nacimiento": "1904-09-22 00:00:00",
        "defuncion": "1990-02-19 00:00:00"
      },
      "geometry": {
        "type": "Point",
        "coordinates": [
          -63.51520773588364,
          -31.567327393531748
        ]
      }
    },
    {
      "type": "Feature",
      "properties": {
        "extinto": "BELASQUE RAMON IRINEO",
        "nacimiento": "1946-11-03 00:00:00",
        "defuncion": "2017-05-07 00:00:00"
      },
      "geometry": {
        "type": "Point",
        "coordinates": [
          -63.51520773588364,
          -31.567327393531748
        ]
      }
    },
    {
      "type": "Feature",
      "properties": {
        "extinto": "NELIDA BEATRIZ CARRERA",
        "nacimiento": "1957-03-09 00:00:00",
        "defuncion": "2019-07-02 00:00:00"
      },
      "geometry": {
        "type": "Point",
        "coordinates": [
          -63.51521004044495,
          -31.567338950418304
        ]
      }
    },
    {
      "type": "Feature",
      "properties": {
        "extinto": "VELAZQUEZ CORNELIO EDUARDO",
        "nacimiento": "1928-09-16 00:00:00",
        "defuncion": "1979-09-15 00:00:00"
      },
      "geometry": {
        "type": "Point",
        "coordinates": [
          -63.515212345006844,
          -31.56735050730479
        ]
      }
    },
    {
      "type": "Feature",
      "properties": {
        "extinto": "JUANA ERNESTINA VELAZQUEZ",
        "nacimiento": "1923-03-16 00:00:00",
        "defuncion": "2009-04-18 00:00:00"
      },
      "geometry": {
        "type": "Point",
        "coordinates": [
          -63.515212345006844,
          -31.56735050730479
        ]
      }
    },
    {
      "type": "Feature",
      "properties": {
        "extinto": "JUAN CARLOS VELAZQUEZ",
        "nacimiento": "1949-12-06 00:00:00",
        "defuncion": "2022-01-27 00:00:00"
      },
      "geometry": {
        "type": "Point",
        "coordinates": [
          -63.515212345006844,
          -31.56735050730479
        ]
      }
    },
    {
      "type": "Feature",
      "properties": {
        "extinto": "VELAZQUEZ IRINEO LEON",
        "nacimiento": "1890-08-20 00:00:00",
        "defuncion": "1922-02-15 00:00:00"
      },
      "geometry": {
        "type": "Point",
        "coordinates": [
          -63.51521695413238,
          -31.567373621077586
        ]
      }
    },
    {
      "type": "Feature",
      "properties": {
        "extinto": "LUQUE JUAN CARLOS",
        "nacimiento": "1955-04-29 00:00:00",
        "defuncion": "2001-05-05 00:00:00"
      },
      "geometry": {
        "type": "Point",
        "coordinates": [
          -63.51522156326027,
          -31.567396734850092
        ]
      }
    },
    {
      "type": "Feature",
      "properties": {
        "extinto": "LUQUE JUAN",
        "nacimiento": "1931-05-18 00:00:00",
        "defuncion": "2006-07-22 00:00:00"
      },
      "geometry": {
        "type": "Point",
        "coordinates": [
          -63.51522156326027,
          -31.567396734850092
        ]
      }
    },
    {
      "type": "Feature",
      "properties": {
        "extinto": "VELAZQUEZ HAYDEE PETRONA",
        "nacimiento": "1932-06-29 00:00:00",
        "defuncion": "2013-08-07 00:00:00"
      },
      "geometry": {
        "type": "Point",
        "coordinates": [
          -63.51522156326027,
          -31.567396734850092
        ]
      }
    },
    {
      "type": "Feature",
      "properties": {
        "extinto": "VILLARROEL VERONICA",
        "nacimiento": "1972-01-28 00:00:00",
        "defuncion": "2013-08-26 00:00:00"
      },
      "geometry": {
        "type": "Point",
        "coordinates": [
          -63.5152238678251,
          -31.567408291736243
        ]
      }
    },
    {
      "type": "Feature",
      "properties": {
        "extinto": "VILLARROEL ROSARIO VERNABE",
        "nacimiento": "1937-04-22 00:00:00",
        "defuncion": "2014-10-11 00:00:00"
      },
      "geometry": {
        "type": "Point",
        "coordinates": [
          -63.515226172390506,
          -31.567419848622325
        ]
      }
    },
    {
      "type": "Feature",
      "properties": {
        "extinto": "RAMON ALBANO GOMEZ",
        "nacimiento": "1952-10-30 00:00:00",
        "defuncion": "2021-08-09 00:00:00"
      },
      "geometry": {
        "type": "Point",
        "coordinates": [
          -63.51523078152312,
          -31.567442962394296
        ]
      }
    },
    {
      "type": "Feature",
      "properties": {
        "extinto": "ANGELA DOMINGA GUARDATTI",
        "nacimiento": "1944-09-21 00:00:00",
        "defuncion": "2021-08-08 00:00:00"
      },
      "geometry": {
        "type": "Point",
        "coordinates": [
          -63.51511826257078,
          -31.56769310197373
        ]
      }
    },
    {
      "type": "Feature",
      "properties": {
        "extinto": "ISABEL PETRONA GIANOTTI",
        "nacimiento": "1937-02-02 00:00:00",
        "defuncion": "2015-08-24 00:00:00"
      },
      "geometry": {
        "type": "Point",
        "coordinates": [
          -63.51523257396016,
          -31.56746073174403
        ]
      }
    },
    {
      "type": "Feature",
      "properties": {
        "extinto": "DOMINGO LUIS LUDUEÑA",
        "nacimiento": "1953-05-19 00:00:00",
        "defuncion": "2022-01-15 00:00:00"
      },
      "geometry": {
        "type": "Point",
        "coordinates": [
          -63.515271891709745,
          -31.567645272339682
        ]
      }
    },
    {
      "type": "Feature",
      "properties": {
        "extinto": "TERESA INES PEREYRA",
        "nacimiento": "1955-04-28 00:00:00",
        "defuncion": "2016-02-01 00:00:00"
      },
      "geometry": {
        "type": "Point",
        "coordinates": [
          -63.515271891709745,
          -31.567645272339682
        ]
      }
    },
    {
      "type": "Feature",
      "properties": {
        "extinto": "ALDO ANTONIO GIACOSSA",
        "nacimiento": "1940-03-22 00:00:00",
        "defuncion": "2021-11-25 00:00:00"
      },
      "geometry": {
        "type": "Point",
        "coordinates": [
          -63.5152743490744,
          -31.567656806126273
        ]
      }
    },
    {
      "type": "Feature",
      "properties": {
        "extinto": "AMALIA DOMINGA MASSIMINO",
        "nacimiento": "1923-11-25 00:00:00",
        "defuncion": "2020-10-14 00:00:00"
      },
      "geometry": {
        "type": "Point",
        "coordinates": [
          -63.5152766552967,
          -31.567668195420687
        ]
      }
    },
    {
      "type": "Feature",
      "properties": {
        "extinto": "PEDRO PABLO GASPAROTTO",
        "nacimiento": "1946-06-29 00:00:00",
        "defuncion": "1946-06-29 00:00:00"
      },
      "geometry": {
        "type": "Point",
        "coordinates": [
          -63.5152766552967,
          -31.567668195420687
        ]
      }
    },
    {
      "type": "Feature",
      "properties": {
        "extinto": "ANGEL CLEMENTE GASPAROTTO",
        "nacimiento": "1922-02-14 00:00:00",
        "defuncion": "1963-09-16 00:00:00"
      },
      "geometry": {
        "type": "Point",
        "coordinates": [
          -63.5152766552967,
          -31.567668195420687
        ]
      }
    },
    {
      "type": "Feature",
      "properties": {
        "extinto": "NAVARRO RAMON ELOY",
        "nacimiento": "1918-04-04 00:00:00",
        "defuncion": "2001-01-21 00:00:00"
      },
      "geometry": {
        "type": "Point",
        "coordinates": [
          -63.5150955572034,
          -31.56682702763196
        ]
      }
    },
    {
      "type": "Feature",
      "properties": {
        "extinto": "NAVARRO MARIA CRISTINA",
        "nacimiento": "1951-02-22 00:00:00",
        "defuncion": "2008-02-23 00:00:00"
      },
      "geometry": {
        "type": "Point",
        "coordinates": [
          -63.5150955572034,
          -31.56682702763196
        ]
      }
    },
    {
      "type": "Feature",
      "properties": {
        "extinto": "GIACOMINO OFELIA ORFINA",
        "nacimiento": "1930-09-22 00:00:00",
        "defuncion": "2014-07-30 00:00:00"
      },
      "geometry": {
        "type": "Point",
        "coordinates": [
          -63.5150955572034,
          -31.56682702763196
        ]
      }
    },
    {
      "type": "Feature",
      "properties": {
        "extinto": "MARIA ADA BUSTAMANTE",
        "nacimiento": "1943-04-24 00:00:00",
        "defuncion": "2019-09-05 00:00:00"
      },
      "geometry": {
        "type": "Point",
        "coordinates": [
          -63.51510357596618,
          -31.566849448218733
        ]
      }
    },
    {
      "type": "Feature",
      "properties": {
        "extinto": "CATALINA EUGENIA YANEZ",
        "nacimiento": "1939-07-13 00:00:00",
        "defuncion": "2021-06-07 00:00:00"
      },
      "geometry": {
        "type": "Point",
        "coordinates": [
          -63.51511159473288,
          -31.566871868804903
        ]
      }
    },
    {
      "type": "Feature",
      "properties": {
        "extinto": "HUGO PEDRO TAMAGNINI",
        "nacimiento": "1945-01-17 00:00:00",
        "defuncion": "2021-09-11 00:00:00"
      },
      "geometry": {
        "type": "Point",
        "coordinates": [
          -63.51511159473288,
          -31.566871868804903
        ]
      }
    },
    {
      "type": "Feature",
      "properties": {
        "extinto": "MARIA DEL CARMEN MUCHELLI",
        "nacimiento": "1958-04-03 00:00:00",
        "defuncion": "2024-07-17 00:00:00"
      },
      "geometry": {
        "type": "Point",
        "coordinates": [
          -63.51518376380896,
          -31.56707365405232
        ]
      }
    },
    {
      "type": "Feature",
      "properties": {
        "extinto": "DONALISIO ILDELFONSO JOSE",
        "nacimiento": "1920-01-23 00:00:00",
        "defuncion": "2006-11-10 00:00:00"
      },
      "geometry": {
        "type": "Point",
        "coordinates": [
          -63.515203810830705,
          -31.567129705500978
        ]
      }
    },
    {
      "type": "Feature",
      "properties": {
        "extinto": "EMMA MOSETTO",
        "nacimiento": "1933-01-29 00:00:00",
        "defuncion": "2019-12-14 00:00:00"
      },
      "geometry": {
        "type": "Point",
        "coordinates": [
          -63.51512674067922,
          -31.566843374752622
        ]
      }
    },
    {
      "type": "Feature",
      "properties": {
        "extinto": "MONICA BEATRIZ LOPEZ",
        "nacimiento": "1979-01-12 00:00:00",
        "defuncion": "2020-06-12 00:00:00"
      },
      "geometry": {
        "type": "Point",
        "coordinates": [
          -63.51512674067922,
          -31.566843374752622
        ]
      }
    },
    {
      "type": "Feature",
      "properties": {
        "extinto": "CESAR EDUARDO DURAN",
        "nacimiento": "1967-01-12 00:00:00",
        "defuncion": "2022-06-29 00:00:00"
      },
      "geometry": {
        "type": "Point",
        "coordinates": [
          -63.51516683457665,
          -31.566955477669772
        ]
      }
    },
    {
      "type": "Feature",
      "properties": {
        "extinto": "GRACIELA GENOVEVA GONZALEZ",
        "nacimiento": "1961-02-27 00:00:00",
        "defuncion": "2021-06-15 00:00:00"
      },
      "geometry": {
        "type": "Point",
        "coordinates": [
          -63.51517084397178,
          -31.566966687960633
        ]
      }
    },
    {
      "type": "Feature",
      "properties": {
        "extinto": "RAMON  ALBERTO  VELEZ",
        "nacimiento": "1946-06-10 00:00:00",
        "defuncion": "2023-03-22 00:00:00"
      },
      "geometry": {
        "type": "Point",
        "coordinates": [
          -63.51525905091158,
          -31.567213314320114
        ]
      }
    },
    {
      "type": "Feature",
      "properties": {
        "extinto": "BIANCIOTTO ORESTE SALVINO",
        "nacimiento": "1912-04-02 00:00:00",
        "defuncion": "2003-08-12 00:00:00"
      },
      "geometry": {
        "type": "Point",
        "coordinates": [
          -63.51526706974773,
          -31.567235734894524
        ]
      }
    },
    {
      "type": "Feature",
      "properties": {
        "extinto": "PEDRO NILO MANDILE",
        "nacimiento": "1945-11-09 00:00:00",
        "defuncion": "2020-12-24 00:00:00"
      },
      "geometry": {
        "type": "Point",
        "coordinates": [
          -63.51515093180792,
          -31.566824770670515
        ]
      }
    },
    {
      "type": "Feature",
      "properties": {
        "extinto": "ANITA VIOLETA VERDUNA",
        "nacimiento": "1932-01-10 00:00:00",
        "defuncion": "2021-05-08 00:00:00"
      },
      "geometry": {
        "type": "Point",
        "coordinates": [
          -63.51517498814698,
          -31.566892032418174
        ]
      }
    },
    {
      "type": "Feature",
      "properties": {
        "extinto": "NORA  ESTELA  RUIZ",
        "nacimiento": "1959-04-28 00:00:00",
        "defuncion": "2024-06-21 00:00:00"
      },
      "geometry": {
        "type": "Point",
        "coordinates": [
          -63.51517498814698,
          -31.566892032418174
        ]
      }
    },
    {
      "type": "Feature",
      "properties": {
        "extinto": "GOMEZ GRISELDA DEL ROSARIO",
        "nacimiento": "1967-08-24 00:00:00",
        "defuncion": "2001-04-03 00:00:00"
      },
      "geometry": {
        "type": "Point",
        "coordinates": [
          -63.51520305392032,
          -31.56697050445002
        ]
      }
    },
    {
      "type": "Feature",
      "properties": {
        "extinto": "MARTA ELENA CEBALLOS",
        "nacimiento": "1956-07-29 00:00:00",
        "defuncion": "2021-04-02 00:00:00"
      },
      "geometry": {
        "type": "Point",
        "coordinates": [
          -63.515215082123575,
          -31.56700413531848
        ]
      }
    },
    {
      "type": "Feature",
      "properties": {
        "extinto": "GOMEZ GUILLERMO",
        "nacimiento": "1930-07-22 00:00:00",
        "defuncion": "2002-08-24 00:00:00"
      },
      "geometry": {
        "type": "Point",
        "coordinates": [
          -63.515227110335616,
          -31.567037766185532
        ]
      }
    },
    {
      "type": "Feature",
      "properties": {
        "extinto": "NORMA FORTUNATA REGIS",
        "nacimiento": "1937-01-15 00:00:00",
        "defuncion": "2018-04-20 00:00:00"
      },
      "geometry": {
        "type": "Point",
        "coordinates": [
          -63.515227110335616,
          -31.567037766185532
        ]
      }
    },
    {
      "type": "Feature",
      "properties": {
        "extinto": "NELSO VILIANO MARGARIA",
        "nacimiento": "1935-12-15 00:00:00",
        "defuncion": "1969-10-15 00:00:00"
      },
      "geometry": {
        "type": "Point",
        "coordinates": [
          -63.515227110335616,
          -31.567037766185532
        ]
      }
    },
    {
      "type": "Feature",
      "properties": {
        "extinto": "JUANA ARMINDA MAZZA",
        "nacimiento": "1931-11-21 00:00:00",
        "defuncion": "2007-04-23 00:00:00"
      },
      "geometry": {
        "type": "Point",
        "coordinates": [
          -63.51524715737521,
          -31.567093817627534
        ]
      }
    },
    {
      "type": "Feature",
      "properties": {
        "extinto": "PEREZ JOSE ERIO",
        "nacimiento": "1932-09-08 00:00:00",
        "defuncion": "2001-09-07 00:00:00"
      },
      "geometry": {
        "type": "Point",
        "coordinates": [
          -63.51527121385497,
          -31.567161079352775
        ]
      }
    },
    {
      "type": "Feature",
      "properties": {
        "extinto": "RODRIGUEZ LUISA OFELIA",
        "nacimiento": "1935-06-21 00:00:00",
        "defuncion": "1979-07-23 00:00:00"
      },
      "geometry": {
        "type": "Point",
        "coordinates": [
          -63.51527121385497,
          -31.567161079352775
        ]
      }
    },
    {
      "type": "Feature",
      "properties": {
        "extinto": "JOSE DANIEL PEREZ",
        "nacimiento": "1961-01-25 00:00:00",
        "defuncion": "2022-08-11 00:00:00"
      },
      "geometry": {
        "type": "Point",
        "coordinates": [
          -63.51527121385497,
          -31.567161079352775
        ]
      }
    },
    {
      "type": "Feature",
      "properties": {
        "extinto": "HECTOR  JUAN  NANZER",
        "nacimiento": "1942-09-12 00:00:00",
        "defuncion": "1978-05-16 00:00:00"
      },
      "geometry": {
        "type": "Point",
        "coordinates": [
          -63.51528324210805,
          -31.567194710213293
        ]
      }
    },
    {
      "type": "Feature",
      "properties": {
        "extinto": "JOSE NERIS ALTAMIRANO",
        "nacimiento": "1939-03-08 00:00:00",
        "defuncion": "2020-01-20 00:00:00"
      },
      "geometry": {
        "type": "Point",
        "coordinates": [
          -63.5152872515277,
          -31.567205920499816
        ]
      }
    },
    {
      "type": "Feature",
      "properties": {
        "extinto": "FERNANDO ALBERTO ALTAMIRANO",
        "nacimiento": "1975-02-02 00:00:00",
        "defuncion": "2001-06-15 00:00:00"
      },
      "geometry": {
        "type": "Point",
        "coordinates": [
          -63.5152872515277,
          -31.567205920499816
        ]
      }
    },
    {
      "type": "Feature",
      "properties": {
        "extinto": "SUSANA EDIT LUQUE",
        "nacimiento": "1947-01-06 00:00:00",
        "defuncion": "2021-08-08 00:00:00"
      },
      "geometry": {
        "type": "Point",
        "coordinates": [
          -63.51529126094832,
          -31.567217130786194
        ]
      }
    },
    {
      "type": "Feature",
      "properties": {
        "extinto": "JUAN SECUNDINO SOSA",
        "nacimiento": "1943-05-21 00:00:00",
        "defuncion": "1973-03-01 00:00:00"
      },
      "geometry": {
        "type": "Point",
        "coordinates": [
          -63.51529126094832,
          -31.567217130786194
        ]
      }
    },
    {
      "type": "Feature",
      "properties": {
        "extinto": "GAITE ROSA AMALIA",
        "nacimiento": "1919-05-25 00:00:00",
        "defuncion": "2005-12-08 00:00:00"
      },
      "geometry": {
        "type": "Point",
        "coordinates": [
          -63.51529527036993,
          -31.567228341072408
        ]
      }
    },
    {
      "type": "Feature",
      "properties": {
        "extinto": "MARCELO ROBERTO ALVAREZ",
        "nacimiento": "1963-12-05 00:00:00",
        "defuncion": "2021-12-19 00:00:00"
      },
      "geometry": {
        "type": "Point",
        "coordinates": [
          -63.515170087122755,
          -31.566807486904818
        ]
      }
    },
    {
      "type": "Feature",
      "properties": {
        "extinto": "LITA  NORMA  FERREYRA",
        "nacimiento": "1933-11-17 00:00:00",
        "defuncion": "2024-05-28 00:00:00"
      },
      "geometry": {
        "type": "Point",
        "coordinates": [
          -63.515170087122755,
          -31.566807486904818
        ]
      }
    },
    {
      "type": "Feature",
      "properties": {
        "extinto": "MIGUEL ANGEL LUDUEÑA",
        "nacimiento": "1941-11-15 00:00:00",
        "defuncion": "2021-07-10 00:00:00"
      },
      "geometry": {
        "type": "Point",
        "coordinates": [
          -63.51517409651167,
          -31.566818697195895
        ]
      }
    },
    {
      "type": "Feature",
      "properties": {
        "extinto": "DOMINGA CRISTINA BOLLATI",
        "nacimiento": "1958-06-14 00:00:00",
        "defuncion": "2022-04-10 00:00:00"
      },
      "geometry": {
        "type": "Point",
        "coordinates": [
          -63.51518211529242,
          -31.56684111777758
        ]
      }
    },
    {
      "type": "Feature",
      "properties": {
        "extinto": "CHRISTIAN DANIEL GRIBAUDO",
        "nacimiento": "1975-08-04 00:00:00",
        "defuncion": "2022-10-31 00:00:00"
      },
      "geometry": {
        "type": "Point",
        "coordinates": [
          -63.51518612468428,
          -31.56685232806819
        ]
      }
    },
    {
      "type": "Feature",
      "properties": {
        "extinto": "SANTIAGO  LUIS  HEREDIA",
        "nacimiento": "1949-02-27 00:00:00",
        "defuncion": "2024-06-25 00:00:00"
      },
      "geometry": {
        "type": "Point",
        "coordinates": [
          -63.5151901340771,
          -31.566863538358653
        ]
      }
    },
    {
      "type": "Feature",
      "properties": {
        "extinto": "DALMA  ARESE",
        "nacimiento": "1928-08-14 00:00:00",
        "defuncion": "2024-06-11 00:00:00"
      },
      "geometry": {
        "type": "Point",
        "coordinates": [
          -63.51529838805264,
          -31.567166216142105
        ]
      }
    },
    {
      "type": "Feature",
      "properties": {
        "extinto": "JUAN  RAMON  LUQUE",
        "nacimiento": "1934-10-27 00:00:00",
        "defuncion": "2008-06-05 00:00:00"
      },
      "geometry": {
        "type": "Point",
        "coordinates": [
          -63.51529838805264,
          -31.567166216142105
        ]
      }
    },
    {
      "type": "Feature",
      "properties": {
        "extinto": "NELSO FELIX VIVA",
        "nacimiento": "1949-12-07 00:00:00",
        "defuncion": "2022-11-09 00:00:00"
      },
      "geometry": {
        "type": "Point",
        "coordinates": [
          -63.51530239747283,
          -31.56717742642822
        ]
      }
    },
    {
      "type": "Feature",
      "properties": {
        "extinto": "LORENZO SERRANO",
        "nacimiento": "1930-12-08 00:00:00",
        "defuncion": "2021-08-03 00:00:00"
      },
      "geometry": {
        "type": "Point",
        "coordinates": [
          -63.51531041631613,
          -31.567199846999944
        ]
      }
    },
    {
      "type": "Feature",
      "properties": {
        "extinto": "PORCEL DE PERALTA ANGEL INDALI",
        "nacimiento": "1924-04-30 00:00:00",
        "defuncion": "1996-09-19 00:00:00"
      },
      "geometry": {
        "type": "Point",
        "coordinates": [
          -63.5152500397316,
          -31.566937552287648
        ]
      }
    },
    {
      "type": "Feature",
      "properties": {
        "extinto": "PERALTA VIRGINIA ROSA",
        "nacimiento": "1917-11-12 00:00:00",
        "defuncion": "1982-07-01 00:00:00"
      },
      "geometry": {
        "type": "Point",
        "coordinates": [
          -63.5152500397316,
          -31.566937552287648
        ]
      }
    },
    {
      "type": "Feature",
      "properties": {
        "extinto": "FELISA DEL PINO",
        "nacimiento": "1919-08-04 00:00:00",
        "defuncion": "2009-06-08 00:00:00"
      },
      "geometry": {
        "type": "Point",
        "coordinates": [
          -63.5152500397316,
          -31.566937552287648
        ]
      }
    },
    {
      "type": "Feature",
      "properties": {
        "extinto": "LETICIA HAYDEE PAGANO",
        "nacimiento": "1959-07-07 00:00:00",
        "defuncion": "2018-07-21 00:00:00"
      },
      "geometry": {
        "type": "Point",
        "coordinates": [
          -63.515254006717036,
          -31.566948773633204
        ]
      }
    },
    {
      "type": "Feature",
      "properties": {
        "extinto": "AMANDA TERESA GALLARDO",
        "nacimiento": "1945-01-02 00:00:00",
        "defuncion": "2022-03-08 00:00:00"
      },
      "geometry": {
        "type": "Point",
        "coordinates": [
          -63.51525797370344,
          -31.56695999497861
        ]
      }
    },
    {
      "type": "Feature",
      "properties": {
        "extinto": "AQUILES JOSE VARAS",
        "nacimiento": "1990-09-12 00:00:00",
        "defuncion": "2022-08-04 00:00:00"
      },
      "geometry": {
        "type": "Point",
        "coordinates": [
          -63.515261940690806,
          -31.56697121632386
        ]
      }
    },
    {
      "type": "Feature",
      "properties": {
        "extinto": "CESAR DEL VALLE LUCARELLI",
        "nacimiento": "1952-08-02 00:00:00",
        "defuncion": "2022-08-06 00:00:00"
      },
      "geometry": {
        "type": "Point",
        "coordinates": [
          -63.51527384165872,
          -31.567004880358688
        ]
      }
    },
    {
      "type": "Feature",
      "properties": {
        "extinto": "FEDERICO ZAGAGLIA",
        "nacimiento": "1945-07-25 00:00:00",
        "defuncion": "2023-11-08 00:00:00"
      },
      "geometry": {
        "type": "Point",
        "coordinates": [
          -63.51528574263534,
          -31.567038544392137
        ]
      }
    },
    {
      "type": "Feature",
      "properties": {
        "extinto": "HECTOR  MARTIN  TAMAIN",
        "nacimiento": "1969-11-01 00:00:00",
        "defuncion": "2023-10-05 00:00:00"
      },
      "geometry": {
        "type": "Point",
        "coordinates": [
          -63.515317478615614,
          -31.56712831514128
        ]
      }
    },
    {
      "type": "Feature",
      "properties": {
        "extinto": "JOSE  EDMUNDO  PAVON",
        "nacimiento": "1939-03-15 00:00:00",
        "defuncion": "2024-04-05 00:00:00"
      },
      "geometry": {
        "type": "Point",
        "coordinates": [
          -63.51532144561749,
          -31.56713953648422
        ]
      }
    },
    {
      "type": "Feature",
      "properties": {
        "extinto": "JUAN RANULFO SOSA",
        "nacimiento": "1952-02-22 00:00:00",
        "defuncion": "2017-08-18 00:00:00"
      },
      "geometry": {
        "type": "Point",
        "coordinates": [
          -63.51533334662898,
          -31.56717320051217
        ]
      }
    },
    {
      "type": "Feature",
      "properties": {
        "extinto": "RAMONA ETELVINA LUQUE",
        "nacimiento": "1949-03-09 00:00:00",
        "defuncion": "2022-04-19 00:00:00"
      },
      "geometry": {
        "type": "Point",
        "coordinates": [
          -63.51533334662898,
          -31.56717320051217
        ]
      }
    },
    {
      "type": "Feature",
      "properties": {
        "extinto": "ANA  LEONOR  PIVATTO",
        "nacimiento": "1946-06-28 00:00:00",
        "defuncion": "2023-04-29 00:00:00"
      },
      "geometry": {
        "type": "Point",
        "coordinates": [
          -63.51533731363474,
          -31.56718442185452
        ]
      }
    },
    {
      "type": "Feature",
      "properties": {
        "extinto": "LIRIA  FUNES DE GAITE",
        "nacimiento": "1933-10-18 00:00:00",
        "defuncion": "2016-04-22 00:00:00"
      },
      "geometry": {
        "type": "Point",
        "coordinates": [
          -63.51534128064147,
          -31.56719564319671
        ]
      }
    },
    {
      "type": "Feature",
      "properties": {
        "extinto": "JOSE LUIS MARIA GAITE",
        "nacimiento": "1917-01-06 00:00:00",
        "defuncion": "2000-07-11 00:00:00"
      },
      "geometry": {
        "type": "Point",
        "coordinates": [
          -63.51534128064147,
          -31.56719564319671
        ]
      }
    },
    {
      "type": "Feature",
      "properties": {
        "extinto": "JORGE  OMAR  VILLAFAÑE",
        "nacimiento": "1958-06-16 00:00:00",
        "defuncion": "2023-04-08 00:00:00"
      },
      "geometry": {
        "type": "Point",
        "coordinates": [
          -63.51534524764916,
          -31.567206864538747
        ]
      }
    },
    {
      "type": "Feature",
      "properties": {
        "extinto": "GOTTARDELLO ALFREDO RAFAEL",
        "nacimiento": "1944-09-10 00:00:00",
        "defuncion": "2015-08-28 00:00:00"
      },
      "geometry": {
        "type": "Point",
        "coordinates": [
          -63.51534921465784,
          -31.56721808588064
        ]
      }
    },
    {
      "type": "Feature",
      "properties": {
        "extinto": "HONG ELSA YOLANDA",
        "nacimiento": "1930-01-25 00:00:00",
        "defuncion": "2002-09-12 00:00:00"
      },
      "geometry": {
        "type": "Point",
        "coordinates": [
          -63.515353181667464,
          -31.56722930722236
        ]
      }
    },
    {
      "type": "Feature",
      "properties": {
        "extinto": "HONG ILDA DORA",
        "nacimiento": "2006-02-27 00:00:00",
        "defuncion": "2006-02-27 00:00:00"
      },
      "geometry": {
        "type": "Point",
        "coordinates": [
          -63.515353181667464,
          -31.56722930722236
        ]
      }
    },
    {
      "type": "Feature",
      "properties": {
        "extinto": "GOTTARDELLO EUGENIO PEDRO",
        "nacimiento": "2006-02-27 00:00:00",
        "defuncion": "2006-02-27 00:00:00"
      },
      "geometry": {
        "type": "Point",
        "coordinates": [
          -63.515353181667464,
          -31.56722930722236
        ]
      }
    },
    {
      "type": "Feature",
      "properties": {
        "extinto": "VIRGOLINI LUIS ARTURO",
        "nacimiento": "1944-05-28 00:00:00",
        "defuncion": "2004-05-30 00:00:00"
      },
      "geometry": {
        "type": "Point",
        "coordinates": [
          -63.51536508270218,
          -31.567262971246635
        ]
      }
    },
    {
      "type": "Feature",
      "properties": {
        "extinto": "PERALTA LAZARO OSCAR",
        "nacimiento": "1912-12-17 00:00:00",
        "defuncion": "2000-12-30 00:00:00"
      },
      "geometry": {
        "type": "Point",
        "coordinates": [
          -63.51527322730521,
          -31.56693154305143
        ]
      }
    },
    {
      "type": "Feature",
      "properties": {
        "extinto": "VALENZUELA JUSTINA",
        "nacimiento": "1937-11-30 00:00:00",
        "defuncion": "2004-10-15 00:00:00"
      },
      "geometry": {
        "type": "Point",
        "coordinates": [
          -63.51527322730521,
          -31.56693154305143
        ]
      }
    },
    {
      "type": "Feature",
      "properties": {
        "extinto": "MARIANO HERNAN GUARASCIO",
        "nacimiento": "1984-08-30 00:00:00",
        "defuncion": "2010-02-06 00:00:00"
      },
      "geometry": {
        "type": "Point",
        "coordinates": [
          -63.515277194293155,
          -31.56694276439625
        ]
      }
    },
    {
      "type": "Feature",
      "properties": {
        "extinto": "GUARASCIO LUIS",
        "nacimiento": "1957-03-12 00:00:00",
        "defuncion": "2012-12-04 00:00:00"
      },
      "geometry": {
        "type": "Point",
        "coordinates": [
          -63.515277194293155,
          -31.56694276439625
        ]
      }
    },
    {
      "type": "Feature",
      "properties": {
        "extinto": "ORBEGOSO ALBERTO VICTORIO",
        "nacimiento": "1917-06-10 00:00:00",
        "defuncion": "1978-08-02 00:00:00"
      },
      "geometry": {
        "type": "Point",
        "coordinates": [
          -63.515285107236245,
          -31.566965190622422
        ]
      }
    },
    {
      "type": "Feature",
      "properties": {
        "extinto": "PEREZ CARMEN",
        "nacimiento": "1923-01-05 00:00:00",
        "defuncion": "1971-04-09 00:00:00"
      },
      "geometry": {
        "type": "Point",
        "coordinates": [
          -63.515285107236245,
          -31.566965190622422
        ]
      }
    },
    {
      "type": "Feature",
      "properties": {
        "extinto": "IRMA LIRA ARGUELLO",
        "nacimiento": "1928-12-04 00:00:00",
        "defuncion": "2022-12-31 00:00:00"
      },
      "geometry": {
        "type": "Point",
        "coordinates": [
          -63.515289101893714,
          -31.566976404762055
        ]
      }
    },
    {
      "type": "Feature",
      "properties": {
        "extinto": "RAMON LUIS AGUIRRE",
        "nacimiento": "1927-12-20 00:00:00",
        "defuncion": "2007-10-01 00:00:00"
      },
      "geometry": {
        "type": "Point",
        "coordinates": [
          -63.515289101893714,
          -31.566976404762055
        ]
      }
    },
    {
      "type": "Feature",
      "properties": {
        "extinto": "JOSE URIBURU PASETTO",
        "nacimiento": "1931-09-06 00:00:00",
        "defuncion": "2021-05-29 00:00:00"
      },
      "geometry": {
        "type": "Point",
        "coordinates": [
          -63.51529306225457,
          -31.566987649773996
        ]
      }
    },
    {
      "type": "Feature",
      "properties": {
        "extinto": "VICTORIO GOTTARDELLO",
        "nacimiento": "2015-12-01 00:00:00",
        "defuncion": "2015-12-01 00:00:00"
      },
      "geometry": {
        "type": "Point",
        "coordinates": [
          -63.51529702924735,
          -31.566998871118038
        ]
      }
    },
    {
      "type": "Feature",
      "properties": {
        "extinto": "ROMANA ZORDAN",
        "nacimiento": "2015-12-01 00:00:00",
        "defuncion": "2015-12-01 00:00:00"
      },
      "geometry": {
        "type": "Point",
        "coordinates": [
          -63.51529702924735,
          -31.566998871118038
        ]
      }
    },
    {
      "type": "Feature",
      "properties": {
        "extinto": "LUCARELLI CARLOS ALBERTO",
        "nacimiento": "1920-01-20 00:00:00",
        "defuncion": "1979-06-02 00:00:00"
      },
      "geometry": {
        "type": "Point",
        "coordinates": [
          -63.51530100135559,
          -31.567010091979924
        ]
      }
    },
    {
      "type": "Feature",
      "properties": {
        "extinto": "ACOSTA FLORENCIA CATALINA",
        "nacimiento": "1924-04-30 00:00:00",
        "defuncion": "2014-01-24 00:00:00"
      },
      "geometry": {
        "type": "Point",
        "coordinates": [
          -63.51530100135559,
          -31.567010091979924
        ]
      }
    },
    {
      "type": "Feature",
      "properties": {
        "extinto": "DURAN GERMAN ALEJANDRO",
        "nacimiento": "1980-04-26 00:00:00",
        "defuncion": "2012-08-19 00:00:00"
      },
      "geometry": {
        "type": "Point",
        "coordinates": [
          -63.515304967809946,
          -31.567021311757465
        ]
      }
    },
    {
      "type": "Feature",
      "properties": {
        "extinto": "VICTORIA CATALINA LUCARELLI",
        "nacimiento": "1955-01-08 00:00:00",
        "defuncion": "2019-06-30 00:00:00"
      },
      "geometry": {
        "type": "Point",
        "coordinates": [
          -63.515304967809946,
          -31.567021311757465
        ]
      }
    },
    {
      "type": "Feature",
      "properties": {
        "extinto": "LUCIANO JUAN VACA",
        "nacimiento": "1936-11-02 00:00:00",
        "defuncion": "2004-12-23 00:00:00"
      },
      "geometry": {
        "type": "Point",
        "coordinates": [
          -63.515316864225724,
          -31.567054977836012
        ]
      }
    },
    {
      "type": "Feature",
      "properties": {
        "extinto": "ALBERTO VICENTE BERTOSSI",
        "nacimiento": "1944-11-25 00:00:00",
        "defuncion": "2022-04-15 00:00:00"
      },
      "geometry": {
        "type": "Point",
        "coordinates": [
          -63.515320831224315,
          -31.56706619917915
        ]
      }
    },
    {
      "type": "Feature",
      "properties": {
        "extinto": "HUMBERTO JUAN VENCHIARUTTI",
        "nacimiento": "1930-01-24 00:00:00",
        "defuncion": "2021-09-14 00:00:00"
      },
      "geometry": {
        "type": "Point",
        "coordinates": [
          -63.515324798223865,
          -31.567077420522132
        ]
      }
    },
    {
      "type": "Feature",
      "properties": {
        "extinto": "ELDA  INES  GIACOSSA",
        "nacimiento": "1931-01-24 00:00:00",
        "defuncion": "2024-05-03 00:00:00"
      },
      "geometry": {
        "type": "Point",
        "coordinates": [
          -63.515324798223865,
          -31.567077420522132
        ]
      }
    },
    {
      "type": "Feature",
      "properties": {
        "extinto": "PAVON FELIX ERCOLINO",
        "nacimiento": "1933-06-01 00:00:00",
        "defuncion": "2000-03-09 00:00:00"
      },
      "geometry": {
        "type": "Point",
        "coordinates": [
          -63.51532876522438,
          -31.567088641864967
        ]
      }
    },
    {
      "type": "Feature",
      "properties": {
        "extinto": "IRMA YOLANDA TAMAIN",
        "nacimiento": "1937-05-23 00:00:00",
        "defuncion": "2006-11-16 00:00:00"
      },
      "geometry": {
        "type": "Point",
        "coordinates": [
          -63.51533273222586,
          -31.56709986320764
        ]
      }
    },
    {
      "type": "Feature",
      "properties": {
        "extinto": "INDALECIO FERNANDEZ",
        "nacimiento": "1934-05-15 00:00:00",
        "defuncion": "1997-06-05 00:00:00"
      },
      "geometry": {
        "type": "Point",
        "coordinates": [
          -63.51533273222586,
          -31.56709986320764
        ]
      }
    },
    {
      "type": "Feature",
      "properties": {
        "extinto": "AGOSTINA DE LA CRUZ GAVIGLIO",
        "nacimiento": "2021-08-13 00:00:00",
        "defuncion": "2021-08-13 00:00:00"
      },
      "geometry": {
        "type": "Point",
        "coordinates": [
          -63.51534066623175,
          -31.567122305892543
        ]
      }
    },
    {
      "type": "Feature",
      "properties": {
        "extinto": "MAXIMA DE LA CRUZ GAVIGLIO",
        "nacimiento": "2021-08-13 00:00:00",
        "defuncion": "2021-08-13 00:00:00"
      },
      "geometry": {
        "type": "Point",
        "coordinates": [
          -63.51534066623175,
          -31.567122305892543
        ]
      }
    },
    {
      "type": "Feature",
      "properties": {
        "extinto": "RAMONA ILDA GALLARDO",
        "nacimiento": "1932-01-20 00:00:00",
        "defuncion": "2020-10-11 00:00:00"
      },
      "geometry": {
        "type": "Point",
        "coordinates": [
          -63.51534463323613,
          -31.567133527234752
        ]
      }
    },
    {
      "type": "Feature",
      "properties": {
        "extinto": "JUAN PROSPERO CHARRAS",
        "nacimiento": "1934-02-11 00:00:00",
        "defuncion": "1975-12-15 00:00:00"
      },
      "geometry": {
        "type": "Point",
        "coordinates": [
          -63.51534860024149,
          -31.567144748576816
        ]
      }
    },
    {
      "type": "Feature",
      "properties": {
        "extinto": "JUAN LUIS GUDIÑO",
        "nacimiento": "1950-06-18 00:00:00",
        "defuncion": "2020-09-20 00:00:00"
      },
      "geometry": {
        "type": "Point",
        "coordinates": [
          -63.51535256724783,
          -31.567155969918726
        ]
      }
    },
    {
      "type": "Feature",
      "properties": {
        "extinto": "BUSTAMANTE MERCEDES DEL VALLE",
        "nacimiento": "1951-06-08 00:00:00",
        "defuncion": "2002-11-18 00:00:00"
      },
      "geometry": {
        "type": "Point",
        "coordinates": [
          -63.515356534255126,
          -31.567167191260488
        ]
      }
    },
    {
      "type": "Feature",
      "properties": {
        "extinto": "HERMENEGILDO ANTONIO RODRIGUEZ",
        "nacimiento": "1936-03-04 00:00:00",
        "defuncion": "2020-01-01 00:00:00"
      },
      "geometry": {
        "type": "Point",
        "coordinates": [
          -63.5153644682726,
          -31.567189633943556
        ]
      }
    },
    {
      "type": "Feature",
      "properties": {
        "extinto": "GAITE JORGE",
        "nacimiento": "1923-03-18 00:00:00",
        "defuncion": "1993-01-15 00:00:00"
      },
      "geometry": {
        "type": "Point",
        "coordinates": [
          -63.515368435282795,
          -31.56720085528485
        ]
      }
    },
    {
      "type": "Feature",
      "properties": {
        "extinto": "GAITE FELIPE PEDRO",
        "nacimiento": "1893-02-20 00:00:00",
        "defuncion": "1966-09-16 00:00:00"
      },
      "geometry": {
        "type": "Point",
        "coordinates": [
          -63.515368435282795,
          -31.56720085528485
        ]
      }
    },
    {
      "type": "Feature",
      "properties": {
        "extinto": "VICENTA GONZALEZ DE GAITE",
        "nacimiento": "1885-01-01 00:00:00",
        "defuncion": "1960-07-05 00:00:00"
      },
      "geometry": {
        "type": "Point",
        "coordinates": [
          -63.515368435282795,
          -31.56720085528485
        ]
      }
    },
    {
      "type": "Feature",
      "properties": {
        "extinto": "GONZALEZ NORMA DEL ROSARIO",
        "nacimiento": "1935-10-05 00:00:00",
        "defuncion": "2013-07-30 00:00:00"
      },
      "geometry": {
        "type": "Point",
        "coordinates": [
          -63.515368435282795,
          -31.56720085528485
        ]
      }
    },
    {
      "type": "Feature",
      "properties": {
        "extinto": "LUQUE HORACIO HECTOR",
        "nacimiento": "1937-09-02 00:00:00",
        "defuncion": "2011-01-15 00:00:00"
      },
      "geometry": {
        "type": "Point",
        "coordinates": [
          -63.51537240229397,
          -31.567212076625996
        ]
      }
    },
    {
      "type": "Feature",
      "properties": {
        "extinto": "LORENZO RODOLFO ARGUELLO",
        "nacimiento": "1940-03-07 00:00:00",
        "defuncion": "2022-06-24 00:00:00"
      },
      "geometry": {
        "type": "Point",
        "coordinates": [
          -63.51537636930612,
          -31.567223297966986
        ]
      }
    },
    {
      "type": "Feature",
      "properties": {
        "extinto": "DOLORES BENITO BRANDAN",
        "nacimiento": "1922-04-10 00:00:00",
        "defuncion": "1986-06-20 00:00:00"
      },
      "geometry": {
        "type": "Point",
        "coordinates": [
          -63.515207228036,
          -31.566791038578494
        ]
      }
    },
    {
      "type": "Feature",
      "properties": {
        "extinto": "LUISA JOSEFINA SORIA",
        "nacimiento": "1928-06-21 00:00:00",
        "defuncion": "2018-02-23 00:00:00"
      },
      "geometry": {
        "type": "Point",
        "coordinates": [
          -63.515207228036,
          -31.566791038578494
        ]
      }
    },
    {
      "type": "Feature",
      "properties": {
        "extinto": "NELIDA BEATRIZ BRANDAN",
        "nacimiento": "2020-08-19 00:00:00",
        "defuncion": "2020-08-19 00:00:00"
      },
      "geometry": {
        "type": "Point",
        "coordinates": [
          -63.515207228036,
          -31.566791038578494
        ]
      }
    },
    {
      "type": "Feature",
      "properties": {
        "extinto": "ROSA ELSA MENDOZA",
        "nacimiento": "1986-11-04 00:00:00",
        "defuncion": "2021-06-02 00:00:00"
      },
      "geometry": {
        "type": "Point",
        "coordinates": [
          -63.51523132251172,
          -31.566819525622652
        ]
      }
    },
    {
      "type": "Feature",
      "properties": {
        "extinto": "GLADYS BEATRIZ ACUÑA",
        "nacimiento": "1940-02-14 00:00:00",
        "defuncion": "2021-07-04 00:00:00"
      },
      "geometry": {
        "type": "Point",
        "coordinates": [
          -63.515239354006894,
          -31.56682902130297
        ]
      }
    },
    {
      "type": "Feature",
      "properties": {
        "extinto": "ALEJANDRO JOSE TISSERA",
        "nacimiento": "1976-02-20 00:00:00",
        "defuncion": "2021-07-05 00:00:00"
      },
      "geometry": {
        "type": "Point",
        "coordinates": [
          -63.515247385503706,
          -31.56683851698275
        ]
      }
    },
    {
      "type": "Feature",
      "properties": {
        "extinto": "ORLANDO EXEQUIEL TISSERA",
        "nacimiento": "1952-04-10 00:00:00",
        "defuncion": "2000-05-10 00:00:00"
      },
      "geometry": {
        "type": "Point",
        "coordinates": [
          -63.515247385503706,
          -31.56683851698275
        ]
      }
    },
    {
      "type": "Feature",
      "properties": {
        "extinto": "PERALTA JOSE ALBERTO",
        "nacimiento": "1929-07-29 00:00:00",
        "defuncion": "2011-11-07 00:00:00"
      },
      "geometry": {
        "type": "Point",
        "coordinates": [
          -63.51526344850224,
          -31.566857508340693
        ]
      }
    },
    {
      "type": "Feature",
      "properties": {
        "extinto": "JUAN JOSE VELARDEZ",
        "nacimiento": "1962-05-03 00:00:00",
        "defuncion": "2020-01-24 00:00:00"
      },
      "geometry": {
        "type": "Point",
        "coordinates": [
          -63.51526344850224,
          -31.566857508340693
        ]
      }
    },
    {
      "type": "Feature",
      "properties": {
        "extinto": "JUAN MANUEL VELARDEZ",
        "nacimiento": "1988-02-07 00:00:00",
        "defuncion": "1996-08-01 00:00:00"
      },
      "geometry": {
        "type": "Point",
        "coordinates": [
          -63.51526344850224,
          -31.566857508340693
        ]
      }
    },
    {
      "type": "Feature",
      "properties": {
        "extinto": "JOSE ROBERTO FUENTES",
        "nacimiento": "1955-05-13 00:00:00",
        "defuncion": "2021-05-28 00:00:00"
      },
      "geometry": {
        "type": "Point",
        "coordinates": [
          -63.51527148000397,
          -31.566867004018867
        ]
      }
    },
    {
      "type": "Feature",
      "properties": {
        "extinto": "EDIT DEL VALLE MUÑOZ",
        "nacimiento": "2020-01-29 00:00:00",
        "defuncion": "2020-01-29 00:00:00"
      },
      "geometry": {
        "type": "Point",
        "coordinates": [
          -63.51527951150731,
          -31.56687649969649
        ]
      }
    },
    {
      "type": "Feature",
      "properties": {
        "extinto": "MILAGROS SUAREZ",
        "nacimiento": "2008-11-26 00:00:00",
        "defuncion": "2021-04-22 00:00:00"
      },
      "geometry": {
        "type": "Point",
        "coordinates": [
          -63.51528754301231,
          -31.566885995373593
        ]
      }
    },
    {
      "type": "Feature",
      "properties": {
        "extinto": "PABLO LASTENIO ALGARBE",
        "nacimiento": "1950-11-03 00:00:00",
        "defuncion": "2021-06-16 00:00:00"
      },
      "geometry": {
        "type": "Point",
        "coordinates": [
          -63.51529557451891,
          -31.566895491050147
        ]
      }
    },
    {
      "type": "Feature",
      "properties": {
        "extinto": "ANA MARIA CAPDEVILA",
        "nacimiento": "1940-06-20 00:00:00",
        "defuncion": "2021-06-18 00:00:00"
      },
      "geometry": {
        "type": "Point",
        "coordinates": [
          -63.51530360602718,
          -31.566904986726183
        ]
      }
    },
    {
      "type": "Feature",
      "properties": {
        "extinto": "JUAN CARLOS BERTORELLO",
        "nacimiento": "1952-06-30 00:00:00",
        "defuncion": "2020-09-20 00:00:00"
      },
      "geometry": {
        "type": "Point",
        "coordinates": [
          -63.51533573207655,
          -31.56694296942492
        ]
      }
    },
    {
      "type": "Feature",
      "properties": {
        "extinto": "ELVA TERESITA FONSECA",
        "nacimiento": "1934-11-04 00:00:00",
        "defuncion": "2021-03-30 00:00:00"
      },
      "geometry": {
        "type": "Point",
        "coordinates": [
          -63.51534376359297,
          -31.566952465098264
        ]
      }
    },
    {
      "type": "Feature",
      "properties": {
        "extinto": "ALEJANDRO CARLOS ZOPPETTI",
        "nacimiento": "1944-03-17 00:00:00",
        "defuncion": "2020-12-12 00:00:00"
      },
      "geometry": {
        "type": "Point",
        "coordinates": [
          -63.515351795111044,
          -31.566961960771064
        ]
      }
    },
    {
      "type": "Feature",
      "properties": {
        "extinto": "TELMO ELSO TEJEDA",
        "nacimiento": "1938-03-24 00:00:00",
        "defuncion": "2019-12-11 00:00:00"
      },
      "geometry": {
        "type": "Point",
        "coordinates": [
          -63.51535982663072,
          -31.566971456443348
        ]
      }
    },
    {
      "type": "Feature",
      "properties": {
        "extinto": "PEDRO DANIEL PERALTA",
        "nacimiento": "1958-03-24 00:00:00",
        "defuncion": "2020-11-22 00:00:00"
      },
      "geometry": {
        "type": "Point",
        "coordinates": [
          -63.51536785815206,
          -31.566980952115077
        ]
      }
    },
    {
      "type": "Feature",
      "properties": {
        "extinto": "PEDRO SIMON GOMEZ",
        "nacimiento": "1933-08-06 00:00:00",
        "defuncion": "2020-11-07 00:00:00"
      },
      "geometry": {
        "type": "Point",
        "coordinates": [
          -63.51537588967503,
          -31.566990447786278
        ]
      }
    },
    {
      "type": "Feature",
      "properties": {
        "extinto": "MARIA VIRGINIA CASTILLO",
        "nacimiento": "1933-01-01 00:00:00",
        "defuncion": "2021-12-05 00:00:00"
      },
      "geometry": {
        "type": "Point",
        "coordinates": [
          -63.51537588967503,
          -31.566990447786278
        ]
      }
    },
    {
      "type": "Feature",
      "properties": {
        "extinto": "SERGIO FABIAN MANSILLA",
        "nacimiento": "1966-02-27 00:00:00",
        "defuncion": "2020-11-29 00:00:00"
      },
      "geometry": {
        "type": "Point",
        "coordinates": [
          -63.51538392119962,
          -31.56699994345694
        ]
      }
    },
    {
      "type": "Feature",
      "properties": {
        "extinto": "OMAR DIONISIO ALVAREZ",
        "nacimiento": "1953-04-08 00:00:00",
        "defuncion": "2020-07-10 00:00:00"
      },
      "geometry": {
        "type": "Point",
        "coordinates": [
          -63.5152348811905,
          -31.56678836804639
        ]
      }
    },
    {
      "type": "Feature",
      "properties": {
        "extinto": "CLAUDIA ROSA TISSERA",
        "nacimiento": "1919-10-30 00:00:00",
        "defuncion": "2020-08-05 00:00:00"
      },
      "geometry": {
        "type": "Point",
        "coordinates": [
          -63.5152348811905,
          -31.56678836804639
        ]
      }
    },
    {
      "type": "Feature",
      "properties": {
        "extinto": "JOSE IGNACIO ALVAREZ",
        "nacimiento": "1912-07-12 00:00:00",
        "defuncion": "1960-07-09 00:00:00"
      },
      "geometry": {
        "type": "Point",
        "coordinates": [
          -63.5152348811905,
          -31.56678836804639
        ]
      }
    },
    {
      "type": "Feature",
      "properties": {
        "extinto": "CIRILO ANTONIO SOSA",
        "nacimiento": "1929-03-19 00:00:00",
        "defuncion": "2020-08-17 00:00:00"
      },
      "geometry": {
        "type": "Point",
        "coordinates": [
          -63.5152348811905,
          -31.56678836804639
        ]
      }
    },
    {
      "type": "Feature",
      "properties": {
        "extinto": "PEDRO ALEJANDRO TAMAGNINI",
        "nacimiento": "1947-06-30 00:00:00",
        "defuncion": "2020-05-22 00:00:00"
      },
      "geometry": {
        "type": "Point",
        "coordinates": [
          -63.51524291268332,
          -31.566797863726542
        ]
      }
    },
    {
      "type": "Feature",
      "properties": {
        "extinto": "ROSA ANTONIA NISTAL",
        "nacimiento": "1966-12-17 00:00:00",
        "defuncion": "2020-02-05 00:00:00"
      },
      "geometry": {
        "type": "Point",
        "coordinates": [
          -63.51525094417778,
          -31.566807359406173
        ]
      }
    },
    {
      "type": "Feature",
      "properties": {
        "extinto": "RAUL EDUARDO SARMIENTO",
        "nacimiento": "1968-01-18 00:00:00",
        "defuncion": "2021-05-16 00:00:00"
      },
      "geometry": {
        "type": "Point",
        "coordinates": [
          -63.51525094417778,
          -31.566807359406173
        ]
      }
    },
    {
      "type": "Feature",
      "properties": {
        "extinto": "ROSA  ALINDA TABORDA",
        "nacimiento": "1949-11-02 00:00:00",
        "defuncion": "2019-04-21 00:00:00"
      },
      "geometry": {
        "type": "Point",
        "coordinates": [
          -63.51526700717159,
          -31.56682635076381
        ]
      }
    },
    {
      "type": "Feature",
      "properties": {
        "extinto": "DANIEL ROBERTO RE",
        "nacimiento": "1961-09-17 00:00:00",
        "defuncion": "2020-03-29 00:00:00"
      },
      "geometry": {
        "type": "Point",
        "coordinates": [
          -63.51527503867094,
          -31.566835846441823
        ]
      }
    },
    {
      "type": "Feature",
      "properties": {
        "extinto": "ROBERTO ROSADO",
        "nacimiento": "1950-05-25 00:00:00",
        "defuncion": "2020-01-16 00:00:00"
      },
      "geometry": {
        "type": "Point",
        "coordinates": [
          -63.51529110167457,
          -31.566854837796253
        ]
      }
    },
    {
      "type": "Feature",
      "properties": {
        "extinto": "ROSA LIDIA HERRERA",
        "nacimiento": "1925-03-31 00:00:00",
        "defuncion": "2018-05-17 00:00:00"
      },
      "geometry": {
        "type": "Point",
        "coordinates": [
          -63.51529913317885,
          -31.56686433347266
        ]
      }
    },
    {
      "type": "Feature",
      "properties": {
        "extinto": "RAMON ENRIQUE GONZALEZ",
        "nacimiento": "1966-11-04 00:00:00",
        "defuncion": "2018-05-05 00:00:00"
      },
      "geometry": {
        "type": "Point",
        "coordinates": [
          -63.51530716468474,
          -31.566873829148538
        ]
      }
    },
    {
      "type": "Feature",
      "properties": {
        "extinto": "LAURA  TERESITA  GAZZERA",
        "nacimiento": "1965-01-23 00:00:00",
        "defuncion": "2023-12-21 00:00:00"
      },
      "geometry": {
        "type": "Point",
        "coordinates": [
          -63.51531519619227,
          -31.56688332482387
        ]
      }
    },
    {
      "type": "Feature",
      "properties": {
        "extinto": "MONICA BETRIZ COLAZO",
        "nacimiento": "1965-11-30 00:00:00",
        "defuncion": "2018-08-21 00:00:00"
      },
      "geometry": {
        "type": "Point",
        "coordinates": [
          -63.51532322770143,
          -31.566892820498673
        ]
      }
    },
    {
      "type": "Feature",
      "properties": {
        "extinto": "CLAUDIA JOSEFINA TABORDA",
        "nacimiento": "1991-05-01 00:00:00",
        "defuncion": "2021-07-05 00:00:00"
      },
      "geometry": {
        "type": "Point",
        "coordinates": [
          -63.515331259212225,
          -31.56690231617293
        ]
      }
    },
    {
      "type": "Feature",
      "properties": {
        "extinto": "ELSA JOSEFINA SMIT",
        "nacimiento": "1955-03-17 00:00:00",
        "defuncion": "2023-09-07 00:00:00"
      },
      "geometry": {
        "type": "Point",
        "coordinates": [
          -63.515331259212225,
          -31.56690231617293
        ]
      }
    },
    {
      "type": "Feature",
      "properties": {
        "extinto": "PEDRO VALLS",
        "nacimiento": "1900-01-19 00:00:00",
        "defuncion": "1980-09-12 00:00:00"
      },
      "geometry": {
        "type": "Point",
        "coordinates": [
          -63.515339290724654,
          -31.566911811846655
        ]
      }
    },
    {
      "type": "Feature",
      "properties": {
        "extinto": "ROSA CUGAT DE BALLS",
        "nacimiento": "1900-05-03 00:00:00",
        "defuncion": "1963-05-18 00:00:00"
      },
      "geometry": {
        "type": "Point",
        "coordinates": [
          -63.515339290724654,
          -31.566911811846655
        ]
      }
    },
    {
      "type": "Feature",
      "properties": {
        "extinto": "ANGELA BALLS",
        "nacimiento": "1921-04-30 00:00:00",
        "defuncion": "2002-07-28 00:00:00"
      },
      "geometry": {
        "type": "Point",
        "coordinates": [
          -63.515339290724654,
          -31.566911811846655
        ]
      }
    },
    {
      "type": "Feature",
      "properties": {
        "extinto": "HIPOLITO BALLS",
        "nacimiento": "1929-03-12 00:00:00",
        "defuncion": "1994-03-11 00:00:00"
      },
      "geometry": {
        "type": "Point",
        "coordinates": [
          -63.515339290724654,
          -31.566911811846655
        ]
      }
    },
    {
      "type": "Feature",
      "properties": {
        "extinto": "ETTLIN ERNESTO JUAN",
        "nacimiento": "1934-12-13 00:00:00",
        "defuncion": "2017-08-13 00:00:00"
      },
      "geometry": {
        "type": "Point",
        "coordinates": [
          -63.51534732223873,
          -31.566921307519856
        ]
      }
    },
    {
      "type": "Feature",
      "properties": {
        "extinto": "ANGELICA ALICIA TAMBORINI",
        "nacimiento": "1940-04-06 00:00:00",
        "defuncion": "2012-05-15 00:00:00"
      },
      "geometry": {
        "type": "Point",
        "coordinates": [
          -63.515355353754444,
          -31.566930803192516
        ]
      }
    },
    {
      "type": "Feature",
      "properties": {
        "extinto": "OLGA TERESA SAVINI",
        "nacimiento": "1939-03-03 00:00:00",
        "defuncion": "2018-04-04 00:00:00"
      },
      "geometry": {
        "type": "Point",
        "coordinates": [
          -63.51536338527179,
          -31.56694029886463
        ]
      }
    },
    {
      "type": "Feature",
      "properties": {
        "extinto": "TRINIDAD ORBEZ",
        "nacimiento": "1937-04-15 00:00:00",
        "defuncion": "2019-07-05 00:00:00"
      },
      "geometry": {
        "type": "Point",
        "coordinates": [
          -63.51537141679073,
          -31.566949794536214
        ]
      }
    },
    {
      "type": "Feature",
      "properties": {
        "extinto": "JOSE OSVALDO MONTE",
        "nacimiento": "1954-01-10 00:00:00",
        "defuncion": "2018-03-19 00:00:00"
      },
      "geometry": {
        "type": "Point",
        "coordinates": [
          -63.515379445631275,
          -31.56695929128892
        ]
      }
    },
    {
      "type": "Feature",
      "properties": {
        "extinto": "CARANDINO ELVIO FELIZ",
        "nacimiento": "1947-05-25 00:00:00",
        "defuncion": "2013-10-19 00:00:00"
      },
      "geometry": {
        "type": "Point",
        "coordinates": [
          -63.515387477797226,
          -31.566968787720494
        ]
      }
    },
    {
      "type": "Feature",
      "properties": {
        "extinto": "CARANDINI VICTOR BARTOLO",
        "nacimiento": "1953-06-20 00:00:00",
        "defuncion": "2012-09-27 00:00:00"
      },
      "geometry": {
        "type": "Point",
        "coordinates": [
          -63.515387477797226,
          -31.566968787720494
        ]
      }
    },
    {
      "type": "Feature",
      "properties": {
        "extinto": "AGUIAR CLARA GUILLERMINA",
        "nacimiento": "1919-07-22 00:00:00",
        "defuncion": "2009-06-15 00:00:00"
      },
      "geometry": {
        "type": "Point",
        "coordinates": [
          -63.51540354288298,
          -31.56698777721719
        ]
      }
    },
    {
      "type": "Feature",
      "properties": {
        "extinto": "PEREZ NELIDA CARMINDA",
        "nacimiento": "1940-12-21 00:00:00",
        "defuncion": "2002-12-17 00:00:00"
      },
      "geometry": {
        "type": "Point",
        "coordinates": [
          -63.51539826428406,
          -31.567015483435572
        ]
      }
    },
    {
      "type": "Feature",
      "properties": {
        "extinto": "RAUL OSVALDO TAMAIN",
        "nacimiento": "1910-05-19 00:00:00",
        "defuncion": "1970-02-02 00:00:00"
      },
      "geometry": {
        "type": "Point",
        "coordinates": [
          -63.5154063201606,
          -31.567024963973367
        ]
      }
    },
    {
      "type": "Feature",
      "properties": {
        "extinto": "SILVANA TRANSITO ALGARBE",
        "nacimiento": "1916-09-04 00:00:00",
        "defuncion": "1972-06-22 00:00:00"
      },
      "geometry": {
        "type": "Point",
        "coordinates": [
          -63.5154063201606,
          -31.567024963973367
        ]
      }
    },
    {
      "type": "Feature",
      "properties": {
        "extinto": "TAMAIN JUAN HECTOR",
        "nacimiento": "1947-07-03 00:00:00",
        "defuncion": "2015-06-13 00:00:00"
      },
      "geometry": {
        "type": "Point",
        "coordinates": [
          -63.51541437603876,
          -31.567034444510643
        ]
      }
    },
    {
      "type": "Feature",
      "properties": {
        "extinto": "MARTIN ERNESTO AGUIRRE",
        "nacimiento": "1913-11-11 00:00:00",
        "defuncion": "1989-03-13 00:00:00"
      },
      "geometry": {
        "type": "Point",
        "coordinates": [
          -63.51541437603876,
          -31.567034444510643
        ]
      }
    },
    {
      "type": "Feature",
      "properties": {
        "extinto": "CONTRERAS FACUNDO",
        "nacimiento": "2004-03-31 00:00:00",
        "defuncion": "2004-04-01 00:00:00"
      },
      "geometry": {
        "type": "Point",
        "coordinates": [
          -63.51542243191856,
          -31.567043925047358
        ]
      }
    },
    {
      "type": "Feature",
      "properties": {
        "extinto": "CONTRERAS FRANCISCO",
        "nacimiento": "2004-03-31 00:00:00",
        "defuncion": "2004-03-31 00:00:00"
      },
      "geometry": {
        "type": "Point",
        "coordinates": [
          -63.51542243191856,
          -31.567043925047358
        ]
      }
    },
    {
      "type": "Feature",
      "properties": {
        "extinto": "CANCIANI EDEL",
        "nacimiento": "1925-12-07 00:00:00",
        "defuncion": "2015-08-22 00:00:00"
      },
      "geometry": {
        "type": "Point",
        "coordinates": [
          -63.51543048779999,
          -31.567053405583543
        ]
      }
    },
    {
      "type": "Feature",
      "properties": {
        "extinto": "ANA MARIA TAURIAN",
        "nacimiento": "1946-12-18 00:00:00",
        "defuncion": "2022-12-30 00:00:00"
      },
      "geometry": {
        "type": "Point",
        "coordinates": [
          -63.51543048779999,
          -31.567053405583543
        ]
      }
    },
    {
      "type": "Feature",
      "properties": {
        "extinto": "MOLINA CALIXTO CARLOS",
        "nacimiento": "1924-10-14 00:00:00",
        "defuncion": "2013-10-08 00:00:00"
      },
      "geometry": {
        "type": "Point",
        "coordinates": [
          -63.51543854368305,
          -31.567062886119192
        ]
      }
    },
    {
      "type": "Feature",
      "properties": {
        "extinto": "SANCHEZ MARIA LUISA",
        "nacimiento": "1926-10-11 00:00:00",
        "defuncion": "1999-12-03 00:00:00"
      },
      "geometry": {
        "type": "Point",
        "coordinates": [
          -63.51543854368305,
          -31.567062886119192
        ]
      }
    },
    {
      "type": "Feature",
      "properties": {
        "extinto": "ROUCO ESTELA SUSANA",
        "nacimiento": "1955-11-18 00:00:00",
        "defuncion": "2004-08-26 00:00:00"
      },
      "geometry": {
        "type": "Point",
        "coordinates": [
          -63.51544659956776,
          -31.5670723666543
        ]
      }
    },
    {
      "type": "Feature",
      "properties": {
        "extinto": "GAMERO MARIA ISABEL",
        "nacimiento": "1924-09-16 00:00:00",
        "defuncion": "2004-11-13 00:00:00"
      },
      "geometry": {
        "type": "Point",
        "coordinates": [
          -63.51544659956776,
          -31.5670723666543
        ]
      }
    },
    {
      "type": "Feature",
      "properties": {
        "extinto": "NORA ISABEL ROUCO",
        "nacimiento": "1950-10-07 00:00:00",
        "defuncion": "2019-03-24 00:00:00"
      },
      "geometry": {
        "type": "Point",
        "coordinates": [
          -63.51544659956776,
          -31.5670723666543
        ]
      }
    },
    {
      "type": "Feature",
      "properties": {
        "extinto": "PICCA JOSE RAMON",
        "nacimiento": "1940-09-26 00:00:00",
        "defuncion": "2016-01-26 00:00:00"
      },
      "geometry": {
        "type": "Point",
        "coordinates": [
          -63.5154546554541,
          -31.56708184718886
        ]
      }
    },
    {
      "type": "Feature",
      "properties": {
        "extinto": "MARTA DELIA ALBERICHI",
        "nacimiento": "1944-01-07 00:00:00",
        "defuncion": "2020-02-28 00:00:00"
      },
      "geometry": {
        "type": "Point",
        "coordinates": [
          -63.5154546554541,
          -31.56708184718886
        ]
      }
    },
    {
      "type": "Feature",
      "properties": {
        "extinto": "VAZQUEZ JOSE SAUL",
        "nacimiento": "1940-09-19 00:00:00",
        "defuncion": "2002-09-02 00:00:00"
      },
      "geometry": {
        "type": "Point",
        "coordinates": [
          -63.515462711342096,
          -31.567091327722892
        ]
      }
    },
    {
      "type": "Feature",
      "properties": {
        "extinto": "GONZALO NICOLAS VAZQUEZ",
        "nacimiento": "1997-07-25 00:00:00",
        "defuncion": "2017-03-01 00:00:00"
      },
      "geometry": {
        "type": "Point",
        "coordinates": [
          -63.515462711342096,
          -31.567091327722892
        ]
      }
    },
    {
      "type": "Feature",
      "properties": {
        "extinto": "BERRONE LORENZO ABEL",
        "nacimiento": "1921-12-17 00:00:00",
        "defuncion": "2001-02-08 00:00:00"
      },
      "geometry": {
        "type": "Point",
        "coordinates": [
          -63.515417854701546,
          -31.56700328031181
        ]
      }
    },
    {
      "type": "Feature",
      "properties": {
        "extinto": "BRUN JOSEFA MAGDALENA",
        "nacimiento": "1925-11-27 00:00:00",
        "defuncion": "2012-03-20 00:00:00"
      },
      "geometry": {
        "type": "Point",
        "coordinates": [
          -63.515417854701546,
          -31.56700328031181
        ]
      }
    },
    {
      "type": "Feature",
      "properties": {
        "extinto": "MARTA  HERMILDA  BERRONE",
        "nacimiento": "1946-04-13 00:00:00",
        "defuncion": "2023-03-25 00:00:00"
      },
      "geometry": {
        "type": "Point",
        "coordinates": [
          -63.515417854701546,
          -31.56700328031181
        ]
      }
    },
    {
      "type": "Feature",
      "properties": {
        "extinto": "ALVAREZ GERMAN ALBERTO",
        "nacimiento": "1983-07-18 00:00:00",
        "defuncion": "2009-10-03 00:00:00"
      },
      "geometry": {
        "type": "Point",
        "coordinates": [
          -63.515425910578955,
          -31.567012760848367
        ]
      }
    },
    {
      "type": "Feature",
      "properties": {
        "extinto": "CELESTINA NISTAL",
        "nacimiento": "1933-01-20 00:00:00",
        "defuncion": "2019-03-23 00:00:00"
      },
      "geometry": {
        "type": "Point",
        "coordinates": [
          -63.515425910578955,
          -31.567012760848367
        ]
      }
    },
    {
      "type": "Feature",
      "properties": {
        "extinto": "CARLOS ALBERTO ALVAREZ",
        "nacimiento": "1959-02-10 00:00:00",
        "defuncion": "2022-09-08 00:00:00"
      },
      "geometry": {
        "type": "Point",
        "coordinates": [
          -63.515425910578955,
          -31.567012760848367
        ]
      }
    },
    {
      "type": "Feature",
      "properties": {
        "extinto": "MACARIO ROMAN ALVAREZ",
        "nacimiento": "1925-02-28 00:00:00",
        "defuncion": "1998-09-25 00:00:00"
      },
      "geometry": {
        "type": "Point",
        "coordinates": [
          -63.51543396645801,
          -31.567022241384418
        ]
      }
    },
    {
      "type": "Feature",
      "properties": {
        "extinto": "ELBA ROSA FERREYRA",
        "nacimiento": "1928-07-25 00:00:00",
        "defuncion": "2014-07-09 00:00:00"
      },
      "geometry": {
        "type": "Point",
        "coordinates": [
          -63.51543396645801,
          -31.567022241384418
        ]
      }
    },
    {
      "type": "Feature",
      "properties": {
        "extinto": "BAILI ANDREA VERONICA",
        "nacimiento": "1973-11-04 00:00:00",
        "defuncion": "2014-08-17 00:00:00"
      },
      "geometry": {
        "type": "Point",
        "coordinates": [
          -63.51544202233871,
          -31.567031721919907
        ]
      }
    },
    {
      "type": "Feature",
      "properties": {
        "extinto": "VILLAFAÑE RUBEN ABELARDO",
        "nacimiento": "1949-03-01 00:00:00",
        "defuncion": "2002-08-10 00:00:00"
      },
      "geometry": {
        "type": "Point",
        "coordinates": [
          -63.515458134105,
          -31.56705068298929
        ]
      }
    },
    {
      "type": "Feature",
      "properties": {
        "extinto": "VILLAFAÑE PABLA TERESA DE",
        "nacimiento": "1906-07-07 00:00:00",
        "defuncion": "2004-08-28 00:00:00"
      },
      "geometry": {
        "type": "Point",
        "coordinates": [
          -63.515458134105,
          -31.56705068298929
        ]
      }
    },
    {
      "type": "Feature",
      "properties": {
        "extinto": "VILLAFAÑE MIGUEL ANGEL",
        "nacimiento": "1933-09-29 00:00:00",
        "defuncion": "2014-09-12 00:00:00"
      },
      "geometry": {
        "type": "Point",
        "coordinates": [
          -63.515458134105,
          -31.56705068298929
        ]
      }
    },
    {
      "type": "Feature",
      "properties": {
        "extinto": "MOLINA ADOLFO LEONARDO",
        "nacimiento": "1926-07-03 00:00:00",
        "defuncion": "2000-08-16 00:00:00"
      },
      "geometry": {
        "type": "Point",
        "coordinates": [
          -63.51546618999062,
          -31.567060163523177
        ]
      }
    },
    {
      "type": "Feature",
      "properties": {
        "extinto": "DONDO DELQUI JOSE",
        "nacimiento": "1960-07-31 00:00:00",
        "defuncion": "2006-03-11 00:00:00"
      },
      "geometry": {
        "type": "Point",
        "coordinates": [
          -63.51547424587785,
          -31.56706964405651
        ]
      }
    },
    {
      "type": "Feature",
      "properties": {
        "extinto": "IRENE ROSA CRETTINO",
        "nacimiento": "1928-11-15 00:00:00",
        "defuncion": "2007-10-04 00:00:00"
      },
      "geometry": {
        "type": "Point",
        "coordinates": [
          -63.51547424587785,
          -31.56706964405651
        ]
      }
    },
    {
      "type": "Feature",
      "properties": {
        "extinto": "CILDO BENITO DONDO",
        "nacimiento": "1928-02-01 00:00:00",
        "defuncion": "2011-08-30 00:00:00"
      },
      "geometry": {
        "type": "Point",
        "coordinates": [
          -63.51547424587785,
          -31.56706964405651
        ]
      }
    },
    {
      "type": "Feature",
      "properties": {
        "extinto": "ABATI DAVID",
        "nacimiento": "1935-10-10 00:00:00",
        "defuncion": "1975-06-08 00:00:00"
      },
      "geometry": {
        "type": "Point",
        "coordinates": [
          -63.515482301766724,
          -31.56707912458931
        ]
      }
    },
    {
      "type": "Feature",
      "properties": {
        "extinto": "SANTOS JORGE ALBERTO",
        "nacimiento": "1923-02-14 00:00:00",
        "defuncion": "2001-08-28 00:00:00"
      },
      "geometry": {
        "type": "Point",
        "coordinates": [
          -63.51536027251417,
          -31.567297339341195
        ]
      }
    },
    {
      "type": "Feature",
      "properties": {
        "extinto": "CLARA TERESA BERGES",
        "nacimiento": "1927-06-07 00:00:00",
        "defuncion": "2010-07-18 00:00:00"
      },
      "geometry": {
        "type": "Point",
        "coordinates": [
          -63.51536027251417,
          -31.567297339341195
        ]
      }
    },
    {
      "type": "Feature",
      "properties": {
        "extinto": "SOSA ROBERTO JOSE",
        "nacimiento": "1957-03-23 00:00:00",
        "defuncion": "2015-03-09 00:00:00"
      },
      "geometry": {
        "type": "Point",
        "coordinates": [
          -63.51536887680177,
          -31.567316729714
        ]
      }
    },
    {
      "type": "Feature",
      "properties": {
        "extinto": "LUDUEÑA ALBERTO JOES",
        "nacimiento": "1934-11-28 00:00:00",
        "defuncion": "2015-03-12 00:00:00"
      },
      "geometry": {
        "type": "Point",
        "coordinates": [
          -63.515373073082905,
          -31.567293175417063
        ]
      }
    },
    {
      "type": "Feature",
      "properties": {
        "extinto": "MERCEDES SEGOVIA",
        "nacimiento": "1944-09-11 00:00:00",
        "defuncion": "2022-10-10 00:00:00"
      },
      "geometry": {
        "type": "Point",
        "coordinates": [
          -63.515373073082905,
          -31.567293175417063
        ]
      }
    },
    {
      "type": "Feature",
      "properties": {
        "extinto": "SOSA MANUEL GREGORIO",
        "nacimiento": "1936-05-23 00:00:00",
        "defuncion": "2013-08-10 00:00:00"
      },
      "geometry": {
        "type": "Point",
        "coordinates": [
          -63.51538167737278,
          -31.567312565789003
        ]
      }
    },
    {
      "type": "Feature",
      "properties": {
        "extinto": "IRMA MICAELA CHIABRANDO",
        "nacimiento": "1927-07-14 00:00:00",
        "defuncion": "2010-05-21 00:00:00"
      },
      "geometry": {
        "type": "Point",
        "coordinates": [
          -63.51538587365051,
          -31.56728901149165
        ]
      }
    },
    {
      "type": "Feature",
      "properties": {
        "extinto": "DEL PINO ESTEBAN JAVIER",
        "nacimiento": "1919-08-03 00:00:00",
        "defuncion": "1995-12-22 00:00:00"
      },
      "geometry": {
        "type": "Point",
        "coordinates": [
          -63.5153944779426,
          -31.56730840186272
        ]
      }
    },
    {
      "type": "Feature",
      "properties": {
        "extinto": "DEL PINO CARLOS ALBERTO",
        "nacimiento": "1956-05-19 00:00:00",
        "defuncion": "2016-01-27 00:00:00"
      },
      "geometry": {
        "type": "Point",
        "coordinates": [
          -63.5153944779426,
          -31.56730840186272
        ]
      }
    },
    {
      "type": "Feature",
      "properties": {
        "extinto": "ALVAREZ SERAFIN TIMOTEO",
        "nacimiento": "1914-08-22 00:00:00",
        "defuncion": "1976-03-25 00:00:00"
      },
      "geometry": {
        "type": "Point",
        "coordinates": [
          -63.51539867421696,
          -31.567284847564984
        ]
      }
    },
    {
      "type": "Feature",
      "properties": {
        "extinto": "MONCADA ELSA JOSEFINA",
        "nacimiento": "1924-05-19 00:00:00",
        "defuncion": "1991-10-08 00:00:00"
      },
      "geometry": {
        "type": "Point",
        "coordinates": [
          -63.51539867421696,
          -31.567284847564984
        ]
      }
    },
    {
      "type": "Feature",
      "properties": {
        "extinto": "PINOTTI MIGUEL JOAQUIN",
        "nacimiento": "1917-08-19 00:00:00",
        "defuncion": "2006-06-24 00:00:00"
      },
      "geometry": {
        "type": "Point",
        "coordinates": [
          -63.515407278511304,
          -31.56730423793517
        ]
      }
    },
    {
      "type": "Feature",
      "properties": {
        "extinto": "BERRONE FLORINDA MARIA",
        "nacimiento": "1929-12-14 00:00:00",
        "defuncion": "2017-05-05 00:00:00"
      },
      "geometry": {
        "type": "Point",
        "coordinates": [
          -63.515407278511304,
          -31.56730423793517
        ]
      }
    },
    {
      "type": "Feature",
      "properties": {
        "extinto": "CHIABRANDO ALIDA M.",
        "nacimiento": "1933-09-14 00:00:00",
        "defuncion": "2007-09-20 00:00:00"
      },
      "geometry": {
        "type": "Point",
        "coordinates": [
          -63.51541146259687,
          -31.567280666468527
        ]
      }
    },
    {
      "type": "Feature",
      "properties": {
        "extinto": "VALIENTE NEMESIO FRANCISCO",
        "nacimiento": "1928-03-17 00:00:00",
        "defuncion": "2012-08-29 00:00:00"
      },
      "geometry": {
        "type": "Point",
        "coordinates": [
          -63.51541146259687,
          -31.567280666468527
        ]
      }
    },
    {
      "type": "Feature",
      "properties": {
        "extinto": "PEREZ JUAN BONIFACIO",
        "nacimiento": "1944-05-08 00:00:00",
        "defuncion": "2014-06-23 00:00:00"
      },
      "geometry": {
        "type": "Point",
        "coordinates": [
          -63.515424267222215,
          -31.567276508265312
        ]
      }
    },
    {
      "type": "Feature",
      "properties": {
        "extinto": "DEFAGOT JUAN CARLOS",
        "nacimiento": "1948-08-31 00:00:00",
        "defuncion": "2000-07-10 00:00:00"
      },
      "geometry": {
        "type": "Point",
        "coordinates": [
          -63.51543287964519,
          -31.567295910076265
        ]
      }
    },
    {
      "type": "Feature",
      "properties": {
        "extinto": "DEL PINO JOSE LUIS",
        "nacimiento": "1962-12-03 00:00:00",
        "defuncion": "2006-07-03 00:00:00"
      },
      "geometry": {
        "type": "Point",
        "coordinates": [
          -63.51543707590935,
          -31.56727235577732
        ]
      }
    },
    {
      "type": "Feature",
      "properties": {
        "extinto": "RAUL MARTIN ADOLFO CARRANZA",
        "nacimiento": "1962-10-13 00:00:00",
        "defuncion": "2009-02-18 00:00:00"
      },
      "geometry": {
        "type": "Point",
        "coordinates": [
          -63.51544568021041,
          -31.567291746144907
        ]
      }
    },
    {
      "type": "Feature",
      "properties": {
        "extinto": "ROBERTO LORENZO GIULIANI",
        "nacimiento": "1940-01-14 00:00:00",
        "defuncion": "2011-02-13 00:00:00"
      },
      "geometry": {
        "type": "Point",
        "coordinates": [
          -63.51533799510798,
          -31.56737512406492
        ]
      }
    },
    {
      "type": "Feature",
      "properties": {
        "extinto": "LOPEZ DE GIULIANI MARIA ELENA",
        "nacimiento": "1909-04-02 00:00:00",
        "defuncion": "1999-09-11 00:00:00"
      },
      "geometry": {
        "type": "Point",
        "coordinates": [
          -63.515350941320456,
          -31.56740273513822
        ]
      }
    },
    {
      "type": "Feature",
      "properties": {
        "extinto": "GIULIANI LORENZO",
        "nacimiento": "1913-08-10 00:00:00",
        "defuncion": "1980-09-18 00:00:00"
      },
      "geometry": {
        "type": "Point",
        "coordinates": [
          -63.515350941320456,
          -31.56740273513822
        ]
      }
    },
    {
      "type": "Feature",
      "properties": {
        "extinto": "LEIVA JULIO ERNESTO",
        "nacimiento": "1946-06-11 00:00:00",
        "defuncion": "2013-08-29 00:00:00"
      },
      "geometry": {
        "type": "Point",
        "coordinates": [
          -63.51535996245418,
          -31.567421986131958
        ]
      }
    },
    {
      "type": "Feature",
      "properties": {
        "extinto": "SCARABOTTI LUIS GERARDO",
        "nacimiento": "1965-03-01 00:00:00",
        "defuncion": "2002-01-18 00:00:00"
      },
      "geometry": {
        "type": "Point",
        "coordinates": [
          -63.51534216464241,
          -31.567351566286078
        ]
      }
    },
    {
      "type": "Feature",
      "properties": {
        "extinto": "JUAN ROMULO VELAZQUEZ",
        "nacimiento": "1943-07-10 00:00:00",
        "defuncion": "2019-08-18 00:00:00"
      },
      "geometry": {
        "type": "Point",
        "coordinates": [
          -63.51535079095253,
          -31.56737094948616
        ]
      }
    },
    {
      "type": "Feature",
      "properties": {
        "extinto": "RODRIGUEZ EDUARDO EDUBILLO",
        "nacimiento": "1938-10-13 00:00:00",
        "defuncion": "2003-02-03 00:00:00"
      },
      "geometry": {
        "type": "Point",
        "coordinates": [
          -63.51537267102839,
          -31.567417620485113
        ]
      }
    },
    {
      "type": "Feature",
      "properties": {
        "extinto": "NORMA VIVIANA LOZA",
        "nacimiento": "1941-09-01 00:00:00",
        "defuncion": "2021-07-26 00:00:00"
      },
      "geometry": {
        "type": "Point",
        "coordinates": [
          -63.51537267102839,
          -31.567417620485113
        ]
      }
    },
    {
      "type": "Feature",
      "properties": {
        "extinto": "GRASSO FRANCISCO BLAS",
        "nacimiento": "1919-02-03 00:00:00",
        "defuncion": "2016-07-10 00:00:00"
      },
      "geometry": {
        "type": "Point",
        "coordinates": [
          -63.515372814281584,
          -31.5674468035459
        ]
      }
    },
    {
      "type": "Feature",
      "properties": {
        "extinto": "GRASSO MARTIN EMETERIO",
        "nacimiento": "1923-03-03 00:00:00",
        "defuncion": "2001-12-03 00:00:00"
      },
      "geometry": {
        "type": "Point",
        "coordinates": [
          -63.51535496048356,
          -31.5673473917069
        ]
      }
    },
    {
      "type": "Feature",
      "properties": {
        "extinto": "MARIA ROMELIA FRIAS",
        "nacimiento": "1931-07-06 00:00:00",
        "defuncion": "2020-12-01 00:00:00"
      },
      "geometry": {
        "type": "Point",
        "coordinates": [
          -63.51535496048356,
          -31.5673473917069
        ]
      }
    },
    {
      "type": "Feature",
      "properties": {
        "extinto": "PEREZ NICOLAS HUGO",
        "nacimiento": "2013-04-18 00:00:00",
        "defuncion": "2013-04-18 00:00:00"
      },
      "geometry": {
        "type": "Point",
        "coordinates": [
          -63.51536358679595,
          -31.567366774906112
        ]
      }
    },
    {
      "type": "Feature",
      "properties": {
        "extinto": "ELVA YOLANDA SISTERNA",
        "nacimiento": "1945-06-11 00:00:00",
        "defuncion": "2021-06-21 00:00:00"
      },
      "geometry": {
        "type": "Point",
        "coordinates": [
          -63.515376474956184,
          -31.567393876156427
        ]
      }
    },
    {
      "type": "Feature",
      "properties": {
        "extinto": "LUIS RAMON MANICERO",
        "nacimiento": "1934-05-09 00:00:00",
        "defuncion": "2012-12-03 00:00:00"
      },
      "geometry": {
        "type": "Point",
        "coordinates": [
          -63.515376474956184,
          -31.567393876156427
        ]
      }
    },
    {
      "type": "Feature",
      "properties": {
        "extinto": "CRISTIAN OSCAR BUSTILLO",
        "nacimiento": "1973-10-04 00:00:00",
        "defuncion": "2021-08-01 00:00:00"
      },
      "geometry": {
        "type": "Point",
        "coordinates": [
          -63.515385379601405,
          -31.567413254837025
        ]
      }
    },
    {
      "type": "Feature",
      "properties": {
        "extinto": "JUAREZ DARIO SEBASTIAN",
        "nacimiento": "1983-08-08 00:00:00",
        "defuncion": "2006-06-24 00:00:00"
      },
      "geometry": {
        "type": "Point",
        "coordinates": [
          -63.515398033782695,
          -31.56743766175239
        ]
      }
    },
    {
      "type": "Feature",
      "properties": {
        "extinto": "GALLIANO ADELMA",
        "nacimiento": "1937-08-22 00:00:00",
        "defuncion": "2016-11-12 00:00:00"
      },
      "geometry": {
        "type": "Point",
        "coordinates": [
          -63.515376382638216,
          -31.567362600324792
        ]
      }
    },
    {
      "type": "Feature",
      "properties": {
        "extinto": "HUGO OSCAR PEREZ",
        "nacimiento": "1943-11-09 00:00:00",
        "defuncion": "2019-09-11 00:00:00"
      },
      "geometry": {
        "type": "Point",
        "coordinates": [
          -63.515376382638216,
          -31.567362600324792
        ]
      }
    },
    {
      "type": "Feature",
      "properties": {
        "extinto": "IRALDO DAVID ORTIZ",
        "nacimiento": "1947-02-15 00:00:00",
        "defuncion": "2016-08-30 00:00:00"
      },
      "geometry": {
        "type": "Point",
        "coordinates": [
          -63.51538925265517,
          -31.56738966473008
        ]
      }
    },
    {
      "type": "Feature",
      "properties": {
        "extinto": "JOSE PINOS CUGAT",
        "nacimiento": "2007-05-07 00:00:00",
        "defuncion": "2007-05-07 00:00:00"
      },
      "geometry": {
        "type": "Point",
        "coordinates": [
          -63.51541064353139,
          -31.567433090853783
        ]
      }
    },
    {
      "type": "Feature",
      "properties": {
        "extinto": "NIEVE PINOS CUGAT",
        "nacimiento": "2007-05-07 00:00:00",
        "defuncion": "2007-05-07 00:00:00"
      },
      "geometry": {
        "type": "Point",
        "coordinates": [
          -63.51541064353139,
          -31.567433090853783
        ]
      }
    },
    {
      "type": "Feature",
      "properties": {
        "extinto": "JOSE PINOS",
        "nacimiento": "2007-05-07 00:00:00",
        "defuncion": "2007-05-07 00:00:00"
      },
      "geometry": {
        "type": "Point",
        "coordinates": [
          -63.51541064353139,
          -31.567433090853783
        ]
      }
    },
    {
      "type": "Feature",
      "properties": {
        "extinto": "JUAN PINOS",
        "nacimiento": "2007-05-07 00:00:00",
        "defuncion": "2007-05-07 00:00:00"
      },
      "geometry": {
        "type": "Point",
        "coordinates": [
          -63.51541064353139,
          -31.567433090853783
        ]
      }
    },
    {
      "type": "Feature",
      "properties": {
        "extinto": "VICTORIA CUGAT",
        "nacimiento": "2007-05-07 00:00:00",
        "defuncion": "2007-05-07 00:00:00"
      },
      "geometry": {
        "type": "Point",
        "coordinates": [
          -63.51541064353139,
          -31.567433090853783
        ]
      }
    },
    {
      "type": "Feature",
      "properties": {
        "extinto": "PINOTTI NATALIA SOLEDAD",
        "nacimiento": "1993-10-16 00:00:00",
        "defuncion": "1993-10-16 00:00:00"
      },
      "geometry": {
        "type": "Point",
        "coordinates": [
          -63.51538055216245,
          -31.567339042544756
        ]
      }
    },
    {
      "type": "Feature",
      "properties": {
        "extinto": "ANA MARIA LITVACK",
        "nacimiento": "1956-08-13 00:00:00",
        "defuncion": "2018-10-11 00:00:00"
      },
      "geometry": {
        "type": "Point",
        "coordinates": [
          -63.5153891784793,
          -31.567358425742203
        ]
      }
    },
    {
      "type": "Feature",
      "properties": {
        "extinto": "BESSONE SARA",
        "nacimiento": "1929-09-02 00:00:00",
        "defuncion": "2014-10-17 00:00:00"
      },
      "geometry": {
        "type": "Point",
        "coordinates": [
          -63.515401775601454,
          -31.567385272546954
        ]
      }
    },
    {
      "type": "Feature",
      "properties": {
        "extinto": "BEATRIZ NOEMI SARMIENTO",
        "nacimiento": "1950-12-31 00:00:00",
        "defuncion": "2022-02-20 00:00:00"
      },
      "geometry": {
        "type": "Point",
        "coordinates": [
          -63.51541079674383,
          -31.567404523537064
        ]
      }
    },
    {
      "type": "Feature",
      "properties": {
        "extinto": "TERESA CUGAT DE PINOS",
        "nacimiento": "2007-05-07 00:00:00",
        "defuncion": "2007-05-07 00:00:00"
      },
      "geometry": {
        "type": "Point",
        "coordinates": [
          -63.51542325327881,
          -31.567428519953946
        ]
      }
    },
    {
      "type": "Feature",
      "properties": {
        "extinto": "PABLO PINOS",
        "nacimiento": "2007-05-07 00:00:00",
        "defuncion": "2007-05-07 00:00:00"
      },
      "geometry": {
        "type": "Point",
        "coordinates": [
          -63.51542325327881,
          -31.567428519953946
        ]
      }
    },
    {
      "type": "Feature",
      "properties": {
        "extinto": "JAIME PINOS",
        "nacimiento": "2007-05-07 00:00:00",
        "defuncion": "2007-05-07 00:00:00"
      },
      "geometry": {
        "type": "Point",
        "coordinates": [
          -63.51542325327881,
          -31.567428519953946
        ]
      }
    },
    {
      "type": "Feature",
      "properties": {
        "extinto": "TERESA PINOS",
        "nacimiento": "2007-05-07 00:00:00",
        "defuncion": "2007-05-07 00:00:00"
      },
      "geometry": {
        "type": "Point",
        "coordinates": [
          -63.51542325327881,
          -31.567428519953946
        ]
      }
    },
    {
      "type": "Feature",
      "properties": {
        "extinto": "PABLO PINOS",
        "nacimiento": "2007-05-07 00:00:00",
        "defuncion": "2007-05-07 00:00:00"
      },
      "geometry": {
        "type": "Point",
        "coordinates": [
          -63.51542325327881,
          -31.567428519953946
        ]
      }
    },
    {
      "type": "Feature",
      "properties": {
        "extinto": "PIRCHI JORGE DANIEL",
        "nacimiento": "1985-04-19 00:00:00",
        "defuncion": "2003-11-29 00:00:00"
      },
      "geometry": {
        "type": "Point",
        "coordinates": [
          -63.515393348000146,
          -31.567334867961765
        ]
      }
    },
    {
      "type": "Feature",
      "properties": {
        "extinto": "GRACIELA DEL VALLE VILLAFAÑE",
        "nacimiento": "1960-06-20 00:00:00",
        "defuncion": "2021-08-14 00:00:00"
      },
      "geometry": {
        "type": "Point",
        "coordinates": [
          -63.515393348000146,
          -31.567334867961765
        ]
      }
    },
    {
      "type": "Feature",
      "properties": {
        "extinto": "ILDA CAROLINA CARANDINO",
        "nacimiento": "1939-08-17 00:00:00",
        "defuncion": "2020-07-13 00:00:00"
      },
      "geometry": {
        "type": "Point",
        "coordinates": [
          -63.51540197431923,
          -31.56735425115834
        ]
      }
    },
    {
      "type": "Feature",
      "properties": {
        "extinto": "JUAN LUIS F , VAZQUEZ",
        "nacimiento": "1941-02-20 00:00:00",
        "defuncion": "1992-01-04 00:00:00"
      },
      "geometry": {
        "type": "Point",
        "coordinates": [
          -63.5154144841687,
          -31.567380906895988
        ]
      }
    },
    {
      "type": "Feature",
      "properties": {
        "extinto": "ELVIRA MARTINA SALGADO",
        "nacimiento": "1953-01-25 00:00:00",
        "defuncion": "2022-10-28 00:00:00"
      },
      "geometry": {
        "type": "Point",
        "coordinates": [
          -63.515423505313244,
          -31.5674001578852
        ]
      }
    },
    {
      "type": "Feature",
      "properties": {
        "extinto": "PEREZ NESTOR RUBEN",
        "nacimiento": "1928-02-12 00:00:00",
        "defuncion": "2004-06-19 00:00:00"
      },
      "geometry": {
        "type": "Point",
        "coordinates": [
          -63.515435863025004,
          -31.56742394905285
        ]
      }
    },
    {
      "type": "Feature",
      "properties": {
        "extinto": "NILDA  ROSA  PEREZ",
        "nacimiento": "1931-09-18 00:00:00",
        "defuncion": "2023-06-16 00:00:00"
      },
      "geometry": {
        "type": "Point",
        "coordinates": [
          -63.515435863025004,
          -31.56742394905285
        ]
      }
    },
    {
      "type": "Feature",
      "properties": {
        "extinto": "ELSA JOSEFINA PEREZ",
        "nacimiento": "1935-01-07 00:00:00",
        "defuncion": "2023-11-06 00:00:00"
      },
      "geometry": {
        "type": "Point",
        "coordinates": [
          -63.515435863025004,
          -31.56742394905285
        ]
      }
    },
    {
      "type": "Feature",
      "properties": {
        "extinto": "BERNARDO ABEL DELFINO",
        "nacimiento": "1935-08-11 00:00:00",
        "defuncion": "2013-06-19 00:00:00"
      },
      "geometry": {
        "type": "Point",
        "coordinates": [
          -63.515406143836685,
          -31.56733069337751
        ]
      }
    },
    {
      "type": "Feature",
      "properties": {
        "extinto": "HERMANN JUAN ALBERTO",
        "nacimiento": "1940-04-28 00:00:00",
        "defuncion": "2012-01-05 00:00:00"
      },
      "geometry": {
        "type": "Point",
        "coordinates": [
          -63.51541477015801,
          -31.5673500765732
        ]
      }
    },
    {
      "type": "Feature",
      "properties": {
        "extinto": "AGUERO ELIDA RAQUEL",
        "nacimiento": "1941-01-08 00:00:00",
        "defuncion": "2001-06-06 00:00:00"
      },
      "geometry": {
        "type": "Point",
        "coordinates": [
          -63.515448472769975,
          -31.567419378150543
        ]
      }
    },
    {
      "type": "Feature",
      "properties": {
        "extinto": "MOREYRA RENE FRANCISCO",
        "nacimiento": "1959-06-05 00:00:00",
        "defuncion": "2016-11-20 00:00:00"
      },
      "geometry": {
        "type": "Point",
        "coordinates": [
          -63.515448472769975,
          -31.567419378150543
        ]
      }
    },
    {
      "type": "Feature",
      "properties": {
        "extinto": "VILLAFAÑE OSCAR",
        "nacimiento": "1956-05-04 00:00:00",
        "defuncion": "2005-07-21 00:00:00"
      },
      "geometry": {
        "type": "Point",
        "coordinates": [
          -63.51541895680449,
          -31.567326520992605
        ]
      }
    },
    {
      "type": "Feature",
      "properties": {
        "extinto": "VILLAFAÑE PIO OSCAR",
        "nacimiento": "1926-05-05 00:00:00",
        "defuncion": "2014-09-18 00:00:00"
      },
      "geometry": {
        "type": "Point",
        "coordinates": [
          -63.51541895680449,
          -31.567326520992605
        ]
      }
    },
    {
      "type": "Feature",
      "properties": {
        "extinto": "ZULEMA  RAMONA  AIDA  LIENDO",
        "nacimiento": "1932-03-12 00:00:00",
        "defuncion": "2023-06-29 00:00:00"
      },
      "geometry": {
        "type": "Point",
        "coordinates": [
          -63.51541895680449,
          -31.567326520992605
        ]
      }
    },
    {
      "type": "Feature",
      "properties": {
        "extinto": "ELIAS NOE ALVAREZ",
        "nacimiento": "1995-09-13 00:00:00",
        "defuncion": "2021-05-14 00:00:00"
      },
      "geometry": {
        "type": "Point",
        "coordinates": [
          -63.51542757692217,
          -31.56734588986235
        ]
      }
    },
    {
      "type": "Feature",
      "properties": {
        "extinto": "FRANCIS EZEQUIEL ALVAREZ",
        "nacimiento": "1993-12-14 00:00:00",
        "defuncion": "1994-07-17 00:00:00"
      },
      "geometry": {
        "type": "Point",
        "coordinates": [
          -63.51542757692217,
          -31.56734588986235
        ]
      }
    },
    {
      "type": "Feature",
      "properties": {
        "extinto": "AGUEDA GALLO",
        "nacimiento": "1924-02-06 00:00:00",
        "defuncion": "2007-10-23 00:00:00"
      },
      "geometry": {
        "type": "Point",
        "coordinates": [
          -63.51544892244847,
          -31.56739142657772
        ]
      }
    },
    {
      "type": "Feature",
      "properties": {
        "extinto": "RODRIGUEZ ANDRES MARTIN",
        "nacimiento": "1922-03-11 00:00:00",
        "defuncion": "1999-03-07 00:00:00"
      },
      "geometry": {
        "type": "Point",
        "coordinates": [
          -63.51544892244847,
          -31.56739142657772
        ]
      }
    },
    {
      "type": "Feature",
      "properties": {
        "extinto": "ZULMA T SABADILLA",
        "nacimiento": "1955-10-20 00:00:00",
        "defuncion": "1987-03-28 00:00:00"
      },
      "geometry": {
        "type": "Point",
        "coordinates": [
          -63.515461082513674,
          -31.567414807246994
        ]
      }
    },
    {
      "type": "Feature",
      "properties": {
        "extinto": "SERGIO ALEJANDRO MATOS",
        "nacimiento": "1978-05-25 00:00:00",
        "defuncion": "1999-03-07 00:00:00"
      },
      "geometry": {
        "type": "Point",
        "coordinates": [
          -63.515461082513674,
          -31.567414807246994
        ]
      }
    },
    {
      "type": "Feature",
      "properties": {
        "extinto": "CASANOVES JOSE",
        "nacimiento": "2009-09-24 00:00:00",
        "defuncion": "2009-09-24 00:00:00"
      },
      "geometry": {
        "type": "Point",
        "coordinates": [
          -63.515431746472665,
          -31.567322332416857
        ]
      }
    },
    {
      "type": "Feature",
      "properties": {
        "extinto": "MARIA T GARU CAVALLERO",
        "nacimiento": "2009-09-24 00:00:00",
        "defuncion": "2009-09-24 00:00:00"
      },
      "geometry": {
        "type": "Point",
        "coordinates": [
          -63.515431746472665,
          -31.567322332416857
        ]
      }
    },
    {
      "type": "Feature",
      "properties": {
        "extinto": "PEREZ JUSTO ANTONIO",
        "nacimiento": "1933-12-27 00:00:00",
        "defuncion": "1992-07-10 00:00:00"
      },
      "geometry": {
        "type": "Point",
        "coordinates": [
          -63.515431746472665,
          -31.567322332416857
        ]
      }
    },
    {
      "type": "Feature",
      "properties": {
        "extinto": "CASANIVES CARIDAD",
        "nacimiento": "1930-08-14 00:00:00",
        "defuncion": "2013-03-26 00:00:00"
      },
      "geometry": {
        "type": "Point",
        "coordinates": [
          -63.515431746472665,
          -31.567322332416857
        ]
      }
    },
    {
      "type": "Feature",
      "properties": {
        "extinto": "CASANOVES AURELIO",
        "nacimiento": "1918-12-20 00:00:00",
        "defuncion": "2006-03-25 00:00:00"
      },
      "geometry": {
        "type": "Point",
        "coordinates": [
          -63.515440378957706,
          -31.567341729638237
        ]
      }
    },
    {
      "type": "Feature",
      "properties": {
        "extinto": "GRACIETTI MARIA ELENA",
        "nacimiento": "1912-10-19 00:00:00",
        "defuncion": "2001-06-06 00:00:00"
      },
      "geometry": {
        "type": "Point",
        "coordinates": [
          -63.515461631014276,
          -31.5673870609221
        ]
      }
    },
    {
      "type": "Feature",
      "properties": {
        "extinto": "ANTONIO NORBERTO ROMERO",
        "nacimiento": "1951-12-05 00:00:00",
        "defuncion": "2019-07-26 00:00:00"
      },
      "geometry": {
        "type": "Point",
        "coordinates": [
          -63.51547369225612,
          -31.567410236342216
        ]
      }
    },
    {
      "type": "Feature",
      "properties": {
        "extinto": "CASANOVEZ CARMEN",
        "nacimiento": "1922-10-27 00:00:00",
        "defuncion": "2011-04-20 00:00:00"
      },
      "geometry": {
        "type": "Point",
        "coordinates": [
          -63.515453165315726,
          -31.5673375443167
        ]
      }
    },
    {
      "type": "Feature",
      "properties": {
        "extinto": "PINOTTI LUIS",
        "nacimiento": "1913-08-06 00:00:00",
        "defuncion": "2008-01-17 00:00:00"
      },
      "geometry": {
        "type": "Point",
        "coordinates": [
          -63.51546531842567,
          -31.567363444279646
        ]
      }
    },
    {
      "type": "Feature",
      "properties": {
        "extinto": "GALLARDO DELICIA GRACIELA",
        "nacimiento": "1936-05-09 00:00:00",
        "defuncion": "2016-04-14 00:00:00"
      },
      "geometry": {
        "type": "Point",
        "coordinates": [
          -63.51546531842567,
          -31.567363444279646
        ]
      }
    },
    {
      "type": "Feature",
      "properties": {
        "extinto": "PINOTTI NORMA MABEL",
        "nacimiento": "2016-04-14 00:00:00",
        "defuncion": "2016-04-14 00:00:00"
      },
      "geometry": {
        "type": "Point",
        "coordinates": [
          -63.51546531842567,
          -31.567363444279646
        ]
      }
    },
    {
      "type": "Feature",
      "properties": {
        "extinto": "CAVAGNA JOSE",
        "nacimiento": "1931-06-05 00:00:00",
        "defuncion": "2011-08-04 00:00:00"
      },
      "geometry": {
        "type": "Point",
        "coordinates": [
          -63.5154743395789,
          -31.56738269526523
        ]
      }
    },
    {
      "type": "Feature",
      "properties": {
        "extinto": "COLAZO MIGUEL DALMACIO",
        "nacimiento": "1936-08-03 00:00:00",
        "defuncion": "1982-12-14 00:00:00"
      },
      "geometry": {
        "type": "Point",
        "coordinates": [
          -63.51527205345982,
          -31.56752108375859
        ]
      }
    },
    {
      "type": "Feature",
      "properties": {
        "extinto": "COLAZO JOSE EUSEBIO",
        "nacimiento": "1961-03-19 00:00:00",
        "defuncion": "1961-04-07 00:00:00"
      },
      "geometry": {
        "type": "Point",
        "coordinates": [
          -63.51527205345982,
          -31.56752108375859
        ]
      }
    },
    {
      "type": "Feature",
      "properties": {
        "extinto": "RODRIGUEZ ALDO RUBEN",
        "nacimiento": "1944-11-27 00:00:00",
        "defuncion": "2013-04-08 00:00:00"
      },
      "geometry": {
        "type": "Point",
        "coordinates": [
          -63.515282341599196,
          -31.56753986317538
        ]
      }
    },
    {
      "type": "Feature",
      "properties": {
        "extinto": "MARIA MIGUELINA ALGARBE",
        "nacimiento": "1942-09-29 00:00:00",
        "defuncion": "2022-07-08 00:00:00"
      },
      "geometry": {
        "type": "Point",
        "coordinates": [
          -63.515282341599196,
          -31.56753986317538
        ]
      }
    },
    {
      "type": "Feature",
      "properties": {
        "extinto": "VENENCIA MARIA DEL CARMEN",
        "nacimiento": "1922-08-06 00:00:00",
        "defuncion": "2001-03-02 00:00:00"
      },
      "geometry": {
        "type": "Point",
        "coordinates": [
          -63.5152962353368,
          -31.567564255856478
        ]
      }
    },
    {
      "type": "Feature",
      "properties": {
        "extinto": "ALGARBE PATRICIO",
        "nacimiento": "1908-03-17 00:00:00",
        "defuncion": "1977-03-12 00:00:00"
      },
      "geometry": {
        "type": "Point",
        "coordinates": [
          -63.5152962353368,
          -31.567564255856478
        ]
      }
    },
    {
      "type": "Feature",
      "properties": {
        "extinto": "ALGARBE RAMON AMADO",
        "nacimiento": "1955-06-27 00:00:00",
        "defuncion": "2017-09-15 00:00:00"
      },
      "geometry": {
        "type": "Point",
        "coordinates": [
          -63.5152962353368,
          -31.567564255856478
        ]
      }
    },
    {
      "type": "Feature",
      "properties": {
        "extinto": "LUIS ANGEL MIGUEL DEFRANCISI",
        "nacimiento": "2018-01-22 00:00:00",
        "defuncion": "2018-01-22 00:00:00"
      },
      "geometry": {
        "type": "Point",
        "coordinates": [
          -63.51531778566258,
          -31.56760475659546
        ]
      }
    },
    {
      "type": "Feature",
      "properties": {
        "extinto": "OSVALDO OMAR HERRERA",
        "nacimiento": "1954-09-27 00:00:00",
        "defuncion": "2019-07-30 00:00:00"
      },
      "geometry": {
        "type": "Point",
        "coordinates": [
          -63.51532776581871,
          -31.567623657458434
        ]
      }
    },
    {
      "type": "Feature",
      "properties": {
        "extinto": "HECTOR ARMANDO HERRERA",
        "nacimiento": "1948-11-25 00:00:00",
        "defuncion": "2021-12-26 00:00:00"
      },
      "geometry": {
        "type": "Point",
        "coordinates": [
          -63.51532776581871,
          -31.567623657458434
        ]
      }
    },
    {
      "type": "Feature",
      "properties": {
        "extinto": "LUIS ALBERTO BASUALDO",
        "nacimiento": "1951-03-21 00:00:00",
        "defuncion": "2022-04-20 00:00:00"
      },
      "geometry": {
        "type": "Point",
        "coordinates": [
          -63.51533991557952,
          -31.567646667203483
        ]
      }
    },
    {
      "type": "Feature",
      "properties": {
        "extinto": "COLAZO IVANNA ALEJANDRA",
        "nacimiento": "1985-08-31 00:00:00",
        "defuncion": "2004-02-20 00:00:00"
      },
      "geometry": {
        "type": "Point",
        "coordinates": [
          -63.51528445073553,
          -31.56751610497025
        ]
      }
    },
    {
      "type": "Feature",
      "properties": {
        "extinto": "RICARDO ALGARBE",
        "nacimiento": "1958-02-26 00:00:00",
        "defuncion": "2020-09-10 00:00:00"
      },
      "geometry": {
        "type": "Point",
        "coordinates": [
          -63.51530863630777,
          -31.56755928380854
        ]
      }
    },
    {
      "type": "Feature",
      "properties": {
        "extinto": "SORIA MARY ESTELA",
        "nacimiento": "1950-10-11 00:00:00",
        "defuncion": "2008-04-13 00:00:00"
      },
      "geometry": {
        "type": "Point",
        "coordinates": [
          -63.51531891052551,
          -31.56757806881316
        ]
      }
    },
    {
      "type": "Feature",
      "properties": {
        "extinto": "ALDO ADOLFO CARNERO",
        "nacimiento": "1940-11-08 00:00:00",
        "defuncion": "2024-05-20 00:00:00"
      },
      "geometry": {
        "type": "Point",
        "coordinates": [
          -63.515330263122564,
          -31.567599926855262
        ]
      }
    },
    {
      "type": "Feature",
      "properties": {
        "extinto": "MIGUEL ANGEL FRANCESCHI",
        "nacimiento": "1948-08-09 00:00:00",
        "defuncion": "2019-12-29 00:00:00"
      },
      "geometry": {
        "type": "Point",
        "coordinates": [
          -63.51535239304388,
          -31.567641837461117
        ]
      }
    },
    {
      "type": "Feature",
      "properties": {
        "extinto": "ROSA ZITA FRANCESCHI",
        "nacimiento": "1938-07-19 00:00:00",
        "defuncion": "2022-09-01 00:00:00"
      },
      "geometry": {
        "type": "Point",
        "coordinates": [
          -63.51535239304388,
          -31.567641837461117
        ]
      }
    },
    {
      "type": "Feature",
      "properties": {
        "extinto": "GONZALEZ OLADIO JOSE",
        "nacimiento": "1935-12-19 00:00:00",
        "defuncion": "2011-12-25 00:00:00"
      },
      "geometry": {
        "type": "Point",
        "coordinates": [
          -63.515296848009896,
          -31.56751112618072
        ]
      }
    },
    {
      "type": "Feature",
      "properties": {
        "extinto": "PATRICIO MARTIN ALGARBE",
        "nacimiento": "1985-11-14 00:00:00",
        "defuncion": "2007-08-05 00:00:00"
      },
      "geometry": {
        "type": "Point",
        "coordinates": [
          -63.51530713615309,
          -31.5675299055955
        ]
      }
    },
    {
      "type": "Feature",
      "properties": {
        "extinto": "PATRICIO  ALFREDO  ALGARBE",
        "nacimiento": "1951-07-08 00:00:00",
        "defuncion": "2017-11-11 00:00:00"
      },
      "geometry": {
        "type": "Point",
        "coordinates": [
          -63.51530713615309,
          -31.5675299055955
        ]
      }
    },
    {
      "type": "Feature",
      "properties": {
        "extinto": "ALGARBE PATRICIO MARTIN",
        "nacimiento": "1985-11-14 00:00:00",
        "defuncion": "2007-08-05 00:00:00"
      },
      "geometry": {
        "type": "Point",
        "coordinates": [
          -63.515321037277424,
          -31.567554311759416
        ]
      }
    },
    {
      "type": "Feature",
      "properties": {
        "extinto": "ELEONORA MARIA LUCIA LOPEZ",
        "nacimiento": "1953-01-14 00:00:00",
        "defuncion": "2020-12-26 00:00:00"
      },
      "geometry": {
        "type": "Point",
        "coordinates": [
          -63.51533131149708,
          -31.567573096763038
        ]
      }
    },
    {
      "type": "Feature",
      "properties": {
        "extinto": "RAMON VIRGILIO JULIO BUSTO",
        "nacimiento": "1926-08-21 00:00:00",
        "defuncion": "2022-11-18 00:00:00"
      },
      "geometry": {
        "type": "Point",
        "coordinates": [
          -63.51536487050694,
          -31.56763700771754
        ]
      }
    },
    {
      "type": "Feature",
      "properties": {
        "extinto": "OLGA  MARIA  CATALINA  MARCHISSONE",
        "nacimiento": "1934-06-19 00:00:00",
        "defuncion": "2024-06-08 00:00:00"
      },
      "geometry": {
        "type": "Point",
        "coordinates": [
          -63.51536487050694,
          -31.56763700771754
        ]
      }
    },
    {
      "type": "Feature",
      "properties": {
        "extinto": "MARIA LUISA RACCA",
        "nacimiento": "1949-12-19 00:00:00",
        "defuncion": "2021-11-25 00:00:00"
      },
      "geometry": {
        "type": "Point",
        "coordinates": [
          -63.5153773479687,
          -31.567632177972747
        ]
      }
    },
    {
      "type": "Feature",
      "properties": {
        "extinto": "TABORDA OSFALDO",
        "nacimiento": "1938-04-27 00:00:00",
        "defuncion": "1986-05-30 00:00:00"
      },
      "geometry": {
        "type": "Point",
        "coordinates": [
          -63.515321642554646,
          -31.56750116859805
        ]
      }
    },
    {
      "type": "Feature",
      "properties": {
        "extinto": "TISSERA PEDRO BALBINO",
        "nacimiento": "1935-11-22 00:00:00",
        "defuncion": "2001-02-18 00:00:00"
      },
      "geometry": {
        "type": "Point",
        "coordinates": [
          -63.51538982542916,
          -31.56762734822676
        ]
      }
    },
    {
      "type": "Feature",
      "properties": {
        "extinto": "TISSERA PEDRO BALBINO",
        "nacimiento": "1935-11-22 00:00:00",
        "defuncion": "2001-02-19 00:00:00"
      },
      "geometry": {
        "type": "Point",
        "coordinates": [
          -63.51538982542916,
          -31.56762734822676
        ]
      }
    },
    {
      "type": "Feature",
      "properties": {
        "extinto": "TISSERA DONATILIA",
        "nacimiento": "1932-08-01 00:00:00",
        "defuncion": "2002-06-19 00:00:00"
      },
      "geometry": {
        "type": "Point",
        "coordinates": [
          -63.51538982542916,
          -31.56762734822676
        ]
      }
    },
    {
      "type": "Feature",
      "properties": {
        "extinto": "ZABALA NESTOR GASPAR",
        "nacimiento": "1934-07-04 00:00:00",
        "defuncion": "2017-01-19 00:00:00"
      },
      "geometry": {
        "type": "Point",
        "coordinates": [
          -63.51534432797393,
          -31.567514969216706
        ]
      }
    },
    {
      "type": "Feature",
      "properties": {
        "extinto": "BAROTTO JUAN CARLOS",
        "nacimiento": "1943-09-01 00:00:00",
        "defuncion": "2000-05-16 00:00:00"
      },
      "geometry": {
        "type": "Point",
        "coordinates": [
          -63.515358834361784,
          -31.567486232215135
        ]
      }
    },
    {
      "type": "Feature",
      "properties": {
        "extinto": "GOTTARDELLO ANTONIO ERMELINDO",
        "nacimiento": "1938-03-28 00:00:00",
        "defuncion": "2017-03-10 00:00:00"
      },
      "geometry": {
        "type": "Point",
        "coordinates": [
          -63.515358834361784,
          -31.567486232215135
        ]
      }
    },
    {
      "type": "Feature",
      "properties": {
        "extinto": "RUBIOLO DELIA",
        "nacimiento": "1927-01-27 00:00:00",
        "defuncion": "2009-08-15 00:00:00"
      },
      "geometry": {
        "type": "Point",
        "coordinates": [
          -63.51536912251449,
          -31.5675050116249
        ]
      }
    },
    {
      "type": "Feature",
      "properties": {
        "extinto": "HUGO FERNANDEZ",
        "nacimiento": "2017-04-17 00:00:00",
        "defuncion": "2017-04-17 00:00:00"
      },
      "geometry": {
        "type": "Point",
        "coordinates": [
          -63.51536912251449,
          -31.5675050116249
        ]
      }
    },
    {
      "type": "Feature",
      "properties": {
        "extinto": "CESAR HUGO FERNANDEZ",
        "nacimiento": "1952-11-27 00:00:00",
        "defuncion": "2020-10-08 00:00:00"
      },
      "geometry": {
        "type": "Point",
        "coordinates": [
          -63.51536912251449,
          -31.5675050116249
        ]
      }
    },
    {
      "type": "Feature",
      "properties": {
        "extinto": "LIENDO JUAN AGUSTIN",
        "nacimiento": "1913-02-13 00:00:00",
        "defuncion": "1990-08-19 00:00:00"
      },
      "geometry": {
        "type": "Point",
        "coordinates": [
          -63.51538304210573,
          -31.567529451495876
        ]
      }
    },
    {
      "type": "Feature",
      "properties": {
        "extinto": "FERNANDEZ MARIA ALICIA",
        "nacimiento": "1921-03-23 00:00:00",
        "defuncion": "2006-04-21 00:00:00"
      },
      "geometry": {
        "type": "Point",
        "coordinates": [
          -63.51538304210573,
          -31.567529451495876
        ]
      }
    },
    {
      "type": "Feature",
      "properties": {
        "extinto": "VICTOR HUGO ARMANINI",
        "nacimiento": "1960-11-13 00:00:00",
        "defuncion": "2006-07-03 00:00:00"
      },
      "geometry": {
        "type": "Point",
        "coordinates": [
          -63.51539544306741,
          -31.567524479439594
        ]
      }
    },
    {
      "type": "Feature",
      "properties": {
        "extinto": "ARGENTE ESMERALDA ELENA",
        "nacimiento": "1936-12-09 00:00:00",
        "defuncion": "2002-04-14 00:00:00"
      },
      "geometry": {
        "type": "Point",
        "coordinates": [
          -63.51540784402775,
          -31.56751950738211
        ]
      }
    },
    {
      "type": "Feature",
      "properties": {
        "extinto": "LUIS ALBERTO ARMANINI",
        "nacimiento": "1962-08-18 00:00:00",
        "defuncion": "2006-12-08 00:00:00"
      },
      "geometry": {
        "type": "Point",
        "coordinates": [
          -63.51540784402775,
          -31.56751950738211
        ]
      }
    },
    {
      "type": "Feature",
      "properties": {
        "extinto": "HUGO NELSO ARMANINI",
        "nacimiento": "2016-08-09 00:00:00",
        "defuncion": "2016-08-09 00:00:00"
      },
      "geometry": {
        "type": "Point",
        "coordinates": [
          -63.51540784402775,
          -31.56751950738211
        ]
      }
    },
    {
      "type": "Feature",
      "properties": {
        "extinto": "BARRA NELIDA SONIA",
        "nacimiento": "1973-08-28 00:00:00",
        "defuncion": "1975-01-27 00:00:00"
      },
      "geometry": {
        "type": "Point",
        "coordinates": [
          -63.51545221271198,
          -31.567603199478683
        ]
      }
    },
    {
      "type": "Feature",
      "properties": {
        "extinto": "RAUL ERNESTO BARRA",
        "nacimiento": "1944-11-08 00:00:00",
        "defuncion": "2012-09-28 00:00:00"
      },
      "geometry": {
        "type": "Point",
        "coordinates": [
          -63.51545221271198,
          -31.567603199478683
        ]
      }
    },
    {
      "type": "Feature",
      "properties": {
        "extinto": "JOSEFA NELIDA MACHADO",
        "nacimiento": "1943-07-25 00:00:00",
        "defuncion": "2024-06-29 00:00:00"
      },
      "geometry": {
        "type": "Point",
        "coordinates": [
          -63.51545221271198,
          -31.567603199478683
        ]
      }
    },
    {
      "type": "Feature",
      "properties": {
        "extinto": "GARCIA TOMASA H",
        "nacimiento": "1916-12-25 00:00:00",
        "defuncion": "2001-08-29 00:00:00"
      },
      "geometry": {
        "type": "Point",
        "coordinates": [
          -63.51543051922172,
          -31.56753332031904
        ]
      }
    },
    {
      "type": "Feature",
      "properties": {
        "extinto": "OSLER RAMON AMADO",
        "nacimiento": "1939-07-03 00:00:00",
        "defuncion": "1985-11-02 00:00:00"
      },
      "geometry": {
        "type": "Point",
        "coordinates": [
          -63.51543051922172,
          -31.56753332031904
        ]
      }
    },
    {
      "type": "Feature",
      "properties": {
        "extinto": "NORMA ADELA LIENDO",
        "nacimiento": "1945-04-26 00:00:00",
        "defuncion": "2022-02-04 00:00:00"
      },
      "geometry": {
        "type": "Point",
        "coordinates": [
          -63.51543051922172,
          -31.56753332031904
        ]
      }
    },
    {
      "type": "Feature",
      "properties": {
        "extinto": "GIULIANI ROBERTO ANGEL",
        "nacimiento": "1945-09-03 00:00:00",
        "defuncion": "2012-01-15 00:00:00"
      },
      "geometry": {
        "type": "Point",
        "coordinates": [
          -63.515442560203944,
          -31.567556459139183
        ]
      }
    },
    {
      "type": "Feature",
      "properties": {
        "extinto": "RAMON ANTONIO PERALTA",
        "nacimiento": "1944-03-16 00:00:00",
        "defuncion": "2019-09-30 00:00:00"
      },
      "geometry": {
        "type": "Point",
        "coordinates": [
          -63.515464690164634,
          -31.567598369725427
        ]
      }
    },
    {
      "type": "Feature",
      "properties": {
        "extinto": "LUJAN MARIA DEL CARMEN",
        "nacimiento": "1947-06-23 00:00:00",
        "defuncion": "2017-06-09 00:00:00"
      },
      "geometry": {
        "type": "Point",
        "coordinates": [
          -63.51541871157968,
          -31.56748509642696
        ]
      }
    },
    {
      "type": "Feature",
      "properties": {
        "extinto": "ANGELICA ROBERTINA ALARCON",
        "nacimiento": "1950-11-19 00:00:00",
        "defuncion": "2020-11-09 00:00:00"
      },
      "geometry": {
        "type": "Point",
        "coordinates": [
          -63.51546501782875,
          -31.56757053023909
        ]
      }
    },
    {
      "type": "Feature",
      "properties": {
        "extinto": "RAUL ESTEBAN CELIZ",
        "nacimiento": "1945-09-18 00:00:00",
        "defuncion": "2020-10-18 00:00:00"
      },
      "geometry": {
        "type": "Point",
        "coordinates": [
          -63.515477167615984,
          -31.56759353997099
        ]
      }
    },
    {
      "type": "Feature",
      "properties": {
        "extinto": "BONALDI ISIDRO SANTIAGO",
        "nacimiento": "1921-04-12 00:00:00",
        "defuncion": "2002-12-26 00:00:00"
      },
      "geometry": {
        "type": "Point",
        "coordinates": [
          -63.515445046900815,
          -31.567504591202525
        ]
      }
    },
    {
      "type": "Feature",
      "properties": {
        "extinto": "LUDUEÑA MARIA JULIANA",
        "nacimiento": "1921-01-24 00:00:00",
        "defuncion": "2002-05-21 00:00:00"
      },
      "geometry": {
        "type": "Point",
        "coordinates": [
          -63.515445046900815,
          -31.567504591202525
        ]
      }
    },
    {
      "type": "Feature",
      "properties": {
        "extinto": "VILMA  GLADIS  ARGUELLO",
        "nacimiento": "1948-05-30 00:00:00",
        "defuncion": "2002-08-19 00:00:00"
      },
      "geometry": {
        "type": "Point",
        "coordinates": [
          -63.51547749527642,
          -31.56756570048463
        ]
      }
    },
    {
      "type": "Feature",
      "properties": {
        "extinto": "ATANACIO  MAXIMO  LUDUEÑA",
        "nacimiento": "1942-05-02 00:00:00",
        "defuncion": "2018-04-12 00:00:00"
      },
      "geometry": {
        "type": "Point",
        "coordinates": [
          -63.51547749527642,
          -31.56756570048463
        ]
      }
    },
    {
      "type": "Feature",
      "properties": {
        "extinto": "VICTOR  SARGIO  LUDUEÑA",
        "nacimiento": "1967-11-04 00:00:00",
        "defuncion": "2017-01-17 00:00:00"
      },
      "geometry": {
        "type": "Point",
        "coordinates": [
          -63.51547749527642,
          -31.56756570048463
        ]
      }
    },
    {
      "type": "Feature",
      "properties": {
        "extinto": "VERONICA OLGA DIAZ",
        "nacimiento": "1938-01-28 00:00:00",
        "defuncion": "2014-10-30 00:00:00"
      },
      "geometry": {
        "type": "Point",
        "coordinates": [
          -63.51548964506606,
          -31.567588710215336
        ]
      }
    },
    {
      "type": "Feature",
      "properties": {
        "extinto": "RAMONA ESTHER NAVARRO",
        "nacimiento": "1932-12-28 00:00:00",
        "defuncion": "2023-09-11 00:00:00"
      },
      "geometry": {
        "type": "Point",
        "coordinates": [
          -63.51543321794012,
          -31.56745635941711
        ]
      }
    },
    {
      "type": "Feature",
      "properties": {
        "extinto": "JUAN PABLO LUQUE",
        "nacimiento": "1935-07-10 00:00:00",
        "defuncion": "2022-09-27 00:00:00"
      },
      "geometry": {
        "type": "Point",
        "coordinates": [
          -63.51546772209652,
          -31.56751840413285
        ]
      }
    },
    {
      "type": "Feature",
      "properties": {
        "extinto": "LAORES FELIX OSCAR",
        "nacimiento": "1935-09-03 00:00:00",
        "defuncion": "2019-05-13 00:00:00"
      },
      "geometry": {
        "type": "Point",
        "coordinates": [
          -63.515502122514825,
          -31.56758388045848
        ]
      }
    },
    {
      "type": "Feature",
      "properties": {
        "extinto": "PALACIO LILIANA BEATRIZ",
        "nacimiento": "1962-12-24 00:00:00",
        "defuncion": "2014-04-02 00:00:00"
      },
      "geometry": {
        "type": "Point",
        "coordinates": [
          -63.515455903364604,
          -31.567470160016008
        ]
      }
    },
    {
      "type": "Feature",
      "properties": {
        "extinto": "INES DEL VALLE ZABALA",
        "nacimiento": "1951-04-26 00:00:00",
        "defuncion": "2018-04-15 00:00:00"
      },
      "geometry": {
        "type": "Point",
        "coordinates": [
          -63.51549246998406,
          -31.567537140122845
        ]
      }
    },
    {
      "type": "Feature",
      "properties": {
        "extinto": "IGNACIO INOCENCIO SERRANO",
        "nacimiento": "1945-12-27 00:00:00",
        "defuncion": "2024-07-08 00:00:00"
      },
      "geometry": {
        "type": "Point",
        "coordinates": [
          -63.51549246998406,
          -31.567537140122845
        ]
      }
    },
    {
      "type": "Feature",
      "properties": {
        "extinto": "MIRTA ANTONIA GASPARETTI",
        "nacimiento": "1957-03-22 00:00:00",
        "defuncion": "2008-05-05 00:00:00"
      },
      "geometry": {
        "type": "Point",
        "coordinates": [
          -63.515502450167844,
          -31.567556040972068
        ]
      }
    },
    {
      "type": "Feature",
      "properties": {
        "extinto": "GASPARETTI ELVIO JUAN",
        "nacimiento": "1931-06-24 00:00:00",
        "defuncion": "1998-07-24 00:00:00"
      },
      "geometry": {
        "type": "Point",
        "coordinates": [
          -63.51551459996227,
          -31.567579050700406
        ]
      }
    },
    {
      "type": "Feature",
      "properties": {
        "extinto": "BARRERA CLEMIRA JUANA",
        "nacimiento": "1933-09-10 00:00:00",
        "defuncion": "2008-04-05 00:00:00"
      },
      "geometry": {
        "type": "Point",
        "coordinates": [
          -63.51551459996227,
          -31.567579050700406
        ]
      }
    },
    {
      "type": "Feature",
      "properties": {
        "extinto": "ALVINA JOSEFINA ACEVEDO",
        "nacimiento": "1929-03-19 00:00:00",
        "defuncion": "2020-07-13 00:00:00"
      },
      "geometry": {
        "type": "Point",
        "coordinates": [
          -63.51545801245559,
          -31.567446401808223
        ]
      }
    },
    {
      "type": "Feature",
      "properties": {
        "extinto": "VACA MARCELINO RAMON",
        "nacimiento": "1943-03-28 00:00:00",
        "defuncion": "2008-05-21 00:00:00"
      },
      "geometry": {
        "type": "Point",
        "coordinates": [
          -63.51548224976187,
          -31.567489675012176
        ]
      }
    },
    {
      "type": "Feature",
      "properties": {
        "extinto": "MIRIAM HAYDEE TORRESI",
        "nacimiento": "1948-07-27 00:00:00",
        "defuncion": "2021-04-20 00:00:00"
      },
      "geometry": {
        "type": "Point",
        "coordinates": [
          -63.51548224976187,
          -31.567489675012176
        ]
      }
    },
    {
      "type": "Feature",
      "properties": {
        "extinto": "LUDUEÑA ANGEL HECTOR",
        "nacimiento": "1943-03-07 00:00:00",
        "defuncion": "2008-05-02 00:00:00"
      },
      "geometry": {
        "type": "Point",
        "coordinates": [
          -63.51549252400639,
          -31.567508460002767
        ]
      }
    },
    {
      "type": "Feature",
      "properties": {
        "extinto": "MARCELO JAVIER LUDUEÑA",
        "nacimiento": "1973-12-14 00:00:00",
        "defuncion": "2021-08-10 00:00:00"
      },
      "geometry": {
        "type": "Point",
        "coordinates": [
          -63.51551492761158,
          -31.567551211213985
        ]
      }
    },
    {
      "type": "Feature",
      "properties": {
        "extinto": "FERREYRA CRESCENCIO ADOLFO",
        "nacimiento": "1924-06-06 00:00:00",
        "defuncion": "2006-08-06 00:00:00"
      },
      "geometry": {
        "type": "Point",
        "coordinates": [
          -63.515527077408414,
          -31.567574220941122
        ]
      }
    },
    {
      "type": "Feature",
      "properties": {
        "extinto": "CEBALLOS NORMA",
        "nacimiento": "1931-09-01 00:00:00",
        "defuncion": "2014-07-10 00:00:00"
      },
      "geometry": {
        "type": "Point",
        "coordinates": [
          -63.515527077408414,
          -31.567574220941122
        ]
      }
    },
    {
      "type": "Feature",
      "properties": {
        "extinto": "HUGO LUIS ORTS",
        "nacimiento": "1952-07-09 00:00:00",
        "defuncion": "2020-03-12 00:00:00"
      },
      "geometry": {
        "type": "Point",
        "coordinates": [
          -63.51547040971131,
          -31.567441423001995
        ]
      }
    },
    {
      "type": "Feature",
      "properties": {
        "extinto": "SOFIA LIDIA VILCHEZ",
        "nacimiento": "1938-10-19 00:00:00",
        "defuncion": "2019-07-08 00:00:00"
      },
      "geometry": {
        "type": "Point",
        "coordinates": [
          -63.51548069788122,
          -31.56746020240273
        ]
      }
    },
    {
      "type": "Feature",
      "properties": {
        "extinto": "ROBLEDO PABLO OSCAR",
        "nacimiento": "1936-06-19 00:00:00",
        "defuncion": "2012-08-23 00:00:00"
      },
      "geometry": {
        "type": "Point",
        "coordinates": [
          -63.515494650712924,
          -31.567484702946356
        ]
      }
    },
    {
      "type": "Feature",
      "properties": {
        "extinto": "MARIA CELINA FERNANDEZ",
        "nacimiento": "1949-09-22 00:00:00",
        "defuncion": "2014-12-05 00:00:00"
      },
      "geometry": {
        "type": "Point",
        "coordinates": [
          -63.515494650712924,
          -31.567484702946356
        ]
      }
    },
    {
      "type": "Feature",
      "properties": {
        "extinto": "RUBEN ANGEL GONZALEZ",
        "nacimiento": "1953-05-12 00:00:00",
        "defuncion": "2020-10-19 00:00:00"
      },
      "geometry": {
        "type": "Point",
        "coordinates": [
          -63.51550492495933,
          -31.56750348793594
        ]
      }
    },
    {
      "type": "Feature",
      "properties": {
        "extinto": "JOAQUIN TEJEDA",
        "nacimiento": "1922-05-13 00:00:00",
        "defuncion": "1999-07-25 00:00:00"
      },
      "geometry": {
        "type": "Point",
        "coordinates": [
          -63.51551742486634,
          -31.56752748060744
        ]
      }
    },
    {
      "type": "Feature",
      "properties": {
        "extinto": "MONCADA ELVA ISABEL",
        "nacimiento": "1927-11-26 00:00:00",
        "defuncion": "2008-11-14 00:00:00"
      },
      "geometry": {
        "type": "Point",
        "coordinates": [
          -63.51551742486634,
          -31.56752748060744
        ]
      }
    },
    {
      "type": "Feature",
      "properties": {
        "extinto": "RAMON AGUSTIN TEJEDA",
        "nacimiento": "1951-04-17 00:00:00",
        "defuncion": "2015-06-07 00:00:00"
      },
      "geometry": {
        "type": "Point",
        "coordinates": [
          -63.51551742486634,
          -31.56752748060744
        ]
      }
    },
    {
      "type": "Feature",
      "properties": {
        "extinto": "ELVA ROSA TEJEDA",
        "nacimiento": "1949-08-04 00:00:00",
        "defuncion": "2022-05-11 00:00:00"
      },
      "geometry": {
        "type": "Point",
        "coordinates": [
          -63.51552740505405,
          -31.567546381454708
        ]
      }
    },
    {
      "type": "Feature",
      "properties": {
        "extinto": "NEMESI JULIO NEMESIO",
        "nacimiento": "1939-05-22 00:00:00",
        "defuncion": "2014-07-12 00:00:00"
      },
      "geometry": {
        "type": "Point",
        "coordinates": [
          -63.51548280696572,
          -31.567436444194573
        ]
      }
    },
    {
      "type": "Feature",
      "properties": {
        "extinto": "ALDO CARMEN NEMESI",
        "nacimiento": "1941-01-31 00:00:00",
        "defuncion": "2019-08-05 00:00:00"
      },
      "geometry": {
        "type": "Point",
        "coordinates": [
          -63.51548280696572,
          -31.567436444194573
        ]
      }
    },
    {
      "type": "Feature",
      "properties": {
        "extinto": "JUAREZ JOSEFA",
        "nacimiento": "2007-02-26 00:00:00",
        "defuncion": "2007-02-26 00:00:00"
      },
      "geometry": {
        "type": "Point",
        "coordinates": [
          -63.515493095137536,
          -31.5674552235943
        ]
      }
    },
    {
      "type": "Feature",
      "properties": {
        "extinto": "GUEVARA DERMIDIO",
        "nacimiento": "2007-02-26 00:00:00",
        "defuncion": "2007-02-26 00:00:00"
      },
      "geometry": {
        "type": "Point",
        "coordinates": [
          -63.515493095137536,
          -31.5674552235943
        ]
      }
    },
    {
      "type": "Feature",
      "properties": {
        "extinto": "GUEVRA IRMA EDELMIRA",
        "nacimiento": "2007-02-26 00:00:00",
        "defuncion": "2007-02-26 00:00:00"
      },
      "geometry": {
        "type": "Point",
        "coordinates": [
          -63.515493095137536,
          -31.5674552235943
        ]
      }
    },
    {
      "type": "Feature",
      "properties": {
        "extinto": "GUEVARA MARIA SERAFINA",
        "nacimiento": "1926-11-16 00:00:00",
        "defuncion": "2017-11-17 00:00:00"
      },
      "geometry": {
        "type": "Point",
        "coordinates": [
          -63.515493095137536,
          -31.5674552235943
        ]
      }
    },
    {
      "type": "Feature",
      "properties": {
        "extinto": "CUELLO JOSE CRISOLOGO",
        "nacimiento": "1964-09-14 00:00:00",
        "defuncion": "2014-09-13 00:00:00"
      },
      "geometry": {
        "type": "Point",
        "coordinates": [
          -63.515507051662624,
          -31.56747973087934
        ]
      }
    },
    {
      "type": "Feature",
      "properties": {
        "extinto": "PRESSON EDUARDO",
        "nacimiento": "1956-05-05 00:00:00",
        "defuncion": "2008-10-13 00:00:00"
      },
      "geometry": {
        "type": "Point",
        "coordinates": [
          -63.51551732591097,
          -31.567498515867918
        ]
      }
    },
    {
      "type": "Feature",
      "properties": {
        "extinto": "GUEVARA JOSE DERMIDIO",
        "nacimiento": "1923-04-22 00:00:00",
        "defuncion": "2013-12-22 00:00:00"
      },
      "geometry": {
        "type": "Point",
        "coordinates": [
          -63.51555203229683,
          -31.567564561418948
        ]
      }
    },
    {
      "type": "Feature",
      "properties": {
        "extinto": "UTRERA PURA ROSA",
        "nacimiento": "1927-11-28 00:00:00",
        "defuncion": "2017-08-29 00:00:00"
      },
      "geometry": {
        "type": "Point",
        "coordinates": [
          -63.51555203229683,
          -31.567564561418948
        ]
      }
    },
    {
      "type": "Feature",
      "properties": {
        "extinto": "BIANCO DOMINGO LUIS",
        "nacimiento": "1941-06-01 00:00:00",
        "defuncion": "2009-07-15 00:00:00"
      },
      "geometry": {
        "type": "Point",
        "coordinates": [
          -63.51549520421879,
          -31.567431465385965
        ]
      }
    },
    {
      "type": "Feature",
      "properties": {
        "extinto": "GUEVARA JOSE FELIX",
        "nacimiento": "1955-02-04 00:00:00",
        "defuncion": "2010-09-03 00:00:00"
      },
      "geometry": {
        "type": "Point",
        "coordinates": [
          -63.51550549239253,
          -31.567450244784695
        ]
      }
    },
    {
      "type": "Feature",
      "properties": {
        "extinto": "CUELLO ANIBAL HENOCH",
        "nacimiento": "1923-02-09 00:00:00",
        "defuncion": "2005-07-05 00:00:00"
      },
      "geometry": {
        "type": "Point",
        "coordinates": [
          -63.515519452610995,
          -31.56747475881113
        ]
      }
    },
    {
      "type": "Feature",
      "properties": {
        "extinto": "HUZULIAK SIMON SEBASTIAN",
        "nacimiento": "1980-07-19 00:00:00",
        "defuncion": "2004-10-29 00:00:00"
      },
      "geometry": {
        "type": "Point",
        "coordinates": [
          -63.515529726861224,
          -31.56749354379869
        ]
      }
    },
    {
      "type": "Feature",
      "properties": {
        "extinto": "GODOY GABINA",
        "nacimiento": "1925-02-18 00:00:00",
        "defuncion": "2011-03-12 00:00:00"
      },
      "geometry": {
        "type": "Point",
        "coordinates": [
          -63.515542379743394,
          -31.567517821087183
        ]
      }
    },
    {
      "type": "Feature",
      "properties": {
        "extinto": "ALBERTO  ENRIQUE  ROBLEDO",
        "nacimiento": "1946-09-27 00:00:00",
        "defuncion": "2023-02-18 00:00:00"
      },
      "geometry": {
        "type": "Point",
        "coordinates": [
          -63.515542379743394,
          -31.567517821087183
        ]
      }
    },
    {
      "type": "Feature",
      "properties": {
        "extinto": "ADOLFO ESTEBAN GALLARDO",
        "nacimiento": "1938-05-22 00:00:00",
        "defuncion": "2011-07-14 00:00:00"
      },
      "geometry": {
        "type": "Point",
        "coordinates": [
          -63.515564509739086,
          -31.56755973165604
        ]
      }
    },
    {
      "type": "Feature",
      "properties": {
        "extinto": "GUEVARA ROQUE MARCELO",
        "nacimiento": "1919-04-26 00:00:00",
        "defuncion": "1990-12-29 00:00:00"
      },
      "geometry": {
        "type": "Point",
        "coordinates": [
          -63.515507601470546,
          -31.567426486576156
        ]
      }
    },
    {
      "type": "Feature",
      "properties": {
        "extinto": "SAN RAMON JOSEFA AIDA DE",
        "nacimiento": "1919-04-14 00:00:00",
        "defuncion": "1991-08-02 00:00:00"
      },
      "geometry": {
        "type": "Point",
        "coordinates": [
          -63.515507601470546,
          -31.567426486576156
        ]
      }
    },
    {
      "type": "Feature",
      "properties": {
        "extinto": "GALLARDO LIDIA GRACIELA",
        "nacimiento": "1964-03-27 00:00:00",
        "defuncion": "2010-12-14 00:00:00"
      },
      "geometry": {
        "type": "Point",
        "coordinates": [
          -63.51551788964618,
          -31.567445265973884
        ]
      }
    },
    {
      "type": "Feature",
      "properties": {
        "extinto": "CELI DELFINA",
        "nacimiento": "2012-10-07 00:00:00",
        "defuncion": "2012-10-07 00:00:00"
      },
      "geometry": {
        "type": "Point",
        "coordinates": [
          -63.51551788964618,
          -31.567445265973884
        ]
      }
    },
    {
      "type": "Feature",
      "properties": {
        "extinto": "CELI CATALINA",
        "nacimiento": "2012-10-07 00:00:00",
        "defuncion": "2012-10-07 00:00:00"
      },
      "geometry": {
        "type": "Point",
        "coordinates": [
          -63.51551788964618,
          -31.567445265973884
        ]
      }
    },
    {
      "type": "Feature",
      "properties": {
        "extinto": "LAURA ALDANA LAORES",
        "nacimiento": "1994-04-26 00:00:00",
        "defuncion": "2022-07-04 00:00:00"
      },
      "geometry": {
        "type": "Point",
        "coordinates": [
          -63.51551788964618,
          -31.567445265973884
        ]
      }
    },
    {
      "type": "Feature",
      "properties": {
        "extinto": "CABALLERA MARGARITA ,MARIA",
        "nacimiento": "1909-04-13 00:00:00",
        "defuncion": "1963-04-02 00:00:00"
      },
      "geometry": {
        "type": "Point",
        "coordinates": [
          -63.515531853558045,
          -31.567469786741697
        ]
      }
    },
    {
      "type": "Feature",
      "properties": {
        "extinto": "NEMESI LUIS PEDRO",
        "nacimiento": "1908-06-29 00:00:00",
        "defuncion": "1975-08-29 00:00:00"
      },
      "geometry": {
        "type": "Point",
        "coordinates": [
          -63.515531853558045,
          -31.567469786741697
        ]
      }
    },
    {
      "type": "Feature",
      "properties": {
        "extinto": "NEMESI AMERICO PEDRO",
        "nacimiento": "1944-06-29 00:00:00",
        "defuncion": "1983-07-15 00:00:00"
      },
      "geometry": {
        "type": "Point",
        "coordinates": [
          -63.515531853558045,
          -31.567469786741697
        ]
      }
    },
    {
      "type": "Feature",
      "properties": {
        "extinto": "NEMESI LIDICO JUAN",
        "nacimiento": "1935-12-17 00:00:00",
        "defuncion": "1997-09-29 00:00:00"
      },
      "geometry": {
        "type": "Point",
        "coordinates": [
          -63.515531853558045,
          -31.567469786741697
        ]
      }
    },
    {
      "type": "Feature",
      "properties": {
        "extinto": "HUZULIAK SIMON V.",
        "nacimiento": "1928-03-28 00:00:00",
        "defuncion": "2002-10-07 00:00:00"
      },
      "geometry": {
        "type": "Point",
        "coordinates": [
          -63.5155421278102,
          -31.56748857172829
        ]
      }
    },
    {
      "type": "Feature",
      "properties": {
        "extinto": "TORRESI ELBA",
        "nacimiento": "1934-10-08 00:00:00",
        "defuncion": "2002-10-20 00:00:00"
      },
      "geometry": {
        "type": "Point",
        "coordinates": [
          -63.5155421278102,
          -31.56748857172829
        ]
      }
    },
    {
      "type": "Feature",
      "properties": {
        "extinto": "SALGUERO BENEDICTO NERI",
        "nacimiento": "1936-05-07 00:00:00",
        "defuncion": "1969-10-11 00:00:00"
      },
      "geometry": {
        "type": "Point",
        "coordinates": [
          -63.51557698718005,
          -31.56755490189193
        ]
      }
    },
    {
      "type": "Feature",
      "properties": {
        "extinto": "CALLEJO ANDRES NICOLAS",
        "nacimiento": "1945-02-19 00:00:00",
        "defuncion": "2013-08-09 00:00:00"
      },
      "geometry": {
        "type": "Point",
        "coordinates": [
          -63.51557698718005,
          -31.56755490189193
        ]
      }
    },
    {
      "type": "Feature",
      "properties": {
        "extinto": "TISRA JOSE HUGO",
        "nacimiento": "1952-01-26 00:00:00",
        "defuncion": "2007-10-13 00:00:00"
      },
      "geometry": {
        "type": "Point",
        "coordinates": [
          -63.515375623211476,
          -31.567660368061993
        ]
      }
    },
    {
      "type": "Feature",
      "properties": {
        "extinto": "TISERA JUSTINA RAMONA",
        "nacimiento": "1919-09-05 00:00:00",
        "defuncion": "2010-11-24 00:00:00"
      },
      "geometry": {
        "type": "Point",
        "coordinates": [
          -63.515375623211476,
          -31.567660368061993
        ]
      }
    },
    {
      "type": "Feature",
      "properties": {
        "extinto": "AMELIA SEGUNDA SUELDO",
        "nacimiento": "1922-05-18 00:00:00",
        "defuncion": "2019-05-28 00:00:00"
      },
      "geometry": {
        "type": "Point",
        "coordinates": [
          -63.515385190911935,
          -31.567679424638484
        ]
      }
    },
    {
      "type": "Feature",
      "properties": {
        "extinto": "FABRICIO ESPOSITO LUBATTI N.N",
        "nacimiento": "1996-09-30 00:00:00",
        "defuncion": "1996-09-30 00:00:00"
      },
      "geometry": {
        "type": "Point",
        "coordinates": [
          -63.51539777117629,
          -31.567674794501563
        ]
      }
    },
    {
      "type": "Feature",
      "properties": {
        "extinto": "NORIS ADRIANA LUBATTI",
        "nacimiento": "1959-05-25 00:00:00",
        "defuncion": "2017-09-18 00:00:00"
      },
      "geometry": {
        "type": "Point",
        "coordinates": [
          -63.51539777117629,
          -31.567674794501563
        ]
      }
    },
    {
      "type": "Feature",
      "properties": {
        "extinto": "JOSE FABIO GIGENA",
        "nacimiento": "1949-08-29 00:00:00",
        "defuncion": "1999-05-04 00:00:00"
      },
      "geometry": {
        "type": "Point",
        "coordinates": [
          -63.51540078373481,
          -31.56765110778883
        ]
      }
    },
    {
      "type": "Feature",
      "properties": {
        "extinto": "ALEJANDRA BELEN GIGENA",
        "nacimiento": "1993-01-31 00:00:00",
        "defuncion": "2022-03-20 00:00:00"
      },
      "geometry": {
        "type": "Point",
        "coordinates": [
          -63.51540078373481,
          -31.56765110778883
        ]
      }
    },
    {
      "type": "Feature",
      "properties": {
        "extinto": "PEREYRA JOSE ALBERTO",
        "nacimiento": "1959-09-01 00:00:00",
        "defuncion": "2016-04-06 00:00:00"
      },
      "geometry": {
        "type": "Point",
        "coordinates": [
          -63.51542293170123,
          -31.56766553422404
        ]
      }
    },
    {
      "type": "Feature",
      "properties": {
        "extinto": "ELENA ISABEL ABREGO",
        "nacimiento": "1964-07-14 00:00:00",
        "defuncion": "2016-02-22 00:00:00"
      },
      "geometry": {
        "type": "Point",
        "coordinates": [
          -63.51542293170123,
          -31.56766553422404
        ]
      }
    },
    {
      "type": "Feature",
      "properties": {
        "extinto": "ELIA CATALINA CARABANTE",
        "nacimiento": "1935-07-13 00:00:00",
        "defuncion": "2018-08-05 00:00:00"
      },
      "geometry": {
        "type": "Point",
        "coordinates": [
          -63.51543551196182,
          -31.567660904083432
        ]
      }
    },
    {
      "type": "Feature",
      "properties": {
        "extinto": "OLGA RODRIGUEZ",
        "nacimiento": "1928-01-15 00:00:00",
        "defuncion": "2013-06-06 00:00:00"
      },
      "geometry": {
        "type": "Point",
        "coordinates": [
          -63.51543852451039,
          -31.567637217369867
        ]
      }
    },
    {
      "type": "Feature",
      "properties": {
        "extinto": "RODRIGUEZ TERESA JORGELINA",
        "nacimiento": "1930-06-15 00:00:00",
        "defuncion": "2006-06-07 00:00:00"
      },
      "geometry": {
        "type": "Point",
        "coordinates": [
          -63.51544809222115,
          -31.567656273941598
        ]
      }
    },
    {
      "type": "Feature",
      "properties": {
        "extinto": "URSULA BELTRAMO",
        "nacimiento": "1911-08-22 00:00:00",
        "defuncion": "1990-06-04 00:00:00"
      },
      "geometry": {
        "type": "Point",
        "coordinates": [
          -63.5154511047664,
          -31.567632587227752
        ]
      }
    },
    {
      "type": "Feature",
      "properties": {
        "extinto": "GRASSO FRANCISCO",
        "nacimiento": "1911-04-14 00:00:00",
        "defuncion": "1989-05-14 00:00:00"
      },
      "geometry": {
        "type": "Point",
        "coordinates": [
          -63.5154511047664,
          -31.567632587227752
        ]
      }
    },
    {
      "type": "Feature",
      "properties": {
        "extinto": "BLANCA MODESTA MANSILLA",
        "nacimiento": "1928-02-23 00:00:00",
        "defuncion": "2008-06-27 00:00:00"
      },
      "geometry": {
        "type": "Point",
        "coordinates": [
          -63.51546067247922,
          -31.56765164379854
        ]
      }
    },
    {
      "type": "Feature",
      "properties": {
        "extinto": "MIGUEL ANGEL RODRIGUEZ",
        "nacimiento": "1926-03-01 00:00:00",
        "defuncion": "1994-06-03 00:00:00"
      },
      "geometry": {
        "type": "Point",
        "coordinates": [
          -63.51546067247922,
          -31.56765164379854
        ]
      }
    },
    {
      "type": "Feature",
      "properties": {
        "extinto": "GRASSO ADELMO FRANCISCO",
        "nacimiento": "1940-02-29 00:00:00",
        "defuncion": "2013-01-17 00:00:00"
      },
      "geometry": {
        "type": "Point",
        "coordinates": [
          -63.51546368502114,
          -31.56762795708441
        ]
      }
    },
    {
      "type": "Feature",
      "properties": {
        "extinto": "GARINO ESTELA CATALINA",
        "nacimiento": "1950-09-08 00:00:00",
        "defuncion": "2015-01-27 00:00:00"
      },
      "geometry": {
        "type": "Point",
        "coordinates": [
          -63.51546368502114,
          -31.56762795708441
        ]
      }
    },
    {
      "type": "Feature",
      "properties": {
        "extinto": "SIGALI ANTONIA",
        "nacimiento": "1924-06-21 00:00:00",
        "defuncion": "2012-12-14 00:00:00"
      },
      "geometry": {
        "type": "Point",
        "coordinates": [
          -63.51547325273602,
          -31.56764701365425
        ]
      }
    },
    {
      "type": "Feature",
      "properties": {
        "extinto": "MIRTA GRACIELA MORENO",
        "nacimiento": "1948-06-20 00:00:00",
        "defuncion": "2021-12-30 00:00:00"
      },
      "geometry": {
        "type": "Point",
        "coordinates": [
          -63.51547325273602,
          -31.56764701365425
        ]
      }
    },
    {
      "type": "Feature",
      "properties": {
        "extinto": "MARGARITA ELSA RUFINATTI",
        "nacimiento": "1929-01-09 00:00:00",
        "defuncion": "2003-12-23 00:00:00"
      },
      "geometry": {
        "type": "Point",
        "coordinates": [
          -63.51547626527462,
          -31.567623326939845
        ]
      }
    },
    {
      "type": "Feature",
      "properties": {
        "extinto": "DOMINGI VICENTE GARINO",
        "nacimiento": "1926-03-10 00:00:00",
        "defuncion": "1992-06-19 00:00:00"
      },
      "geometry": {
        "type": "Point",
        "coordinates": [
          -63.51547626527462,
          -31.567623326939845
        ]
      }
    },
    {
      "type": "Feature",
      "properties": {
        "extinto": "ARGUELLO DAVID",
        "nacimiento": "1947-07-17 00:00:00",
        "defuncion": "2012-06-16 00:00:00"
      },
      "geometry": {
        "type": "Point",
        "coordinates": [
          -63.51548884552685,
          -31.56761869679404
        ]
      }
    },
    {
      "type": "Feature",
      "properties": {
        "extinto": "NELI DEL VALLE ROCCO",
        "nacimiento": "1953-04-18 00:00:00",
        "defuncion": "2022-04-17 00:00:00"
      },
      "geometry": {
        "type": "Point",
        "coordinates": [
          -63.51548884552685,
          -31.56761869679404
        ]
      }
    },
    {
      "type": "Feature",
      "properties": {
        "extinto": "PAOLA CECILIA ARGUELLO",
        "nacimiento": "1984-09-27 00:00:00",
        "defuncion": "2024-07-16 00:00:00"
      },
      "geometry": {
        "type": "Point",
        "coordinates": [
          -63.51548884552685,
          -31.56761869679404
        ]
      }
    },
    {
      "type": "Feature",
      "properties": {
        "extinto": "ROCCO DIEGO NELSON",
        "nacimiento": "1947-12-19 00:00:00",
        "defuncion": "2010-12-19 00:00:00"
      },
      "geometry": {
        "type": "Point",
        "coordinates": [
          -63.51549841324585,
          -31.56763775336197
        ]
      }
    },
    {
      "type": "Feature",
      "properties": {
        "extinto": "SILVERIO ADAN LEZANA",
        "nacimiento": "1935-06-20 00:00:00",
        "defuncion": "1998-11-24 00:00:00"
      },
      "geometry": {
        "type": "Point",
        "coordinates": [
          -63.51551099349889,
          -31.567633123214005
        ]
      }
    },
    {
      "type": "Feature",
      "properties": {
        "extinto": "ARGUELLO RAUL ERNESTO",
        "nacimiento": "1936-04-30 00:00:00",
        "defuncion": "2001-09-10 00:00:00"
      },
      "geometry": {
        "type": "Point",
        "coordinates": [
          -63.51553556583521,
          -31.567623143949934
        ]
      }
    },
    {
      "type": "Feature",
      "properties": {
        "extinto": "JUAREZ ELVIRA NELLY",
        "nacimiento": "1941-11-11 00:00:00",
        "defuncion": "2009-10-29 00:00:00"
      },
      "geometry": {
        "type": "Point",
        "coordinates": [
          -63.51553556583521,
          -31.567623143949934
        ]
      }
    },
    {
      "type": "Feature",
      "properties": {
        "extinto": "CARANDINO VICTORIA DOMINGA",
        "nacimiento": "1913-11-17 00:00:00",
        "defuncion": "2005-10-21 00:00:00"
      },
      "geometry": {
        "type": "Point",
        "coordinates": [
          -63.51554833601304,
          -31.567593809126357
        ]
      }
    },
    {
      "type": "Feature",
      "properties": {
        "extinto": "BELTRAMO FRANCISCO",
        "nacimiento": "1905-03-10 00:00:00",
        "defuncion": "1987-02-24 00:00:00"
      },
      "geometry": {
        "type": "Point",
        "coordinates": [
          -63.51554833601304,
          -31.567593809126357
        ]
      }
    },
    {
      "type": "Feature",
      "properties": {
        "extinto": "BELTRAMO FELIX DOMINGO",
        "nacimiento": "1935-03-03 00:00:00",
        "defuncion": "2009-05-11 00:00:00"
      },
      "geometry": {
        "type": "Point",
        "coordinates": [
          -63.51554833601304,
          -31.567593809126357
        ]
      }
    },
    {
      "type": "Feature",
      "properties": {
        "extinto": "FORCLAZ CARLOS ALBERTO",
        "nacimiento": "1958-04-11 00:00:00",
        "defuncion": "2010-10-19 00:00:00"
      },
      "geometry": {
        "type": "Point",
        "coordinates": [
          -63.51557181642701,
          -31.567606597916885
        ]
      }
    },
    {
      "type": "Feature",
      "properties": {
        "extinto": "FRANCISCO AMARANTO FORCLAZ",
        "nacimiento": "1913-03-12 00:00:00",
        "defuncion": "1991-05-23 00:00:00"
      },
      "geometry": {
        "type": "Point",
        "coordinates": [
          -63.51557181642701,
          -31.567606597916885
        ]
      }
    },
    {
      "type": "Feature",
      "properties": {
        "extinto": "RODRIGUEZ FLORENTINA",
        "nacimiento": "1932-10-18 00:00:00",
        "defuncion": "2016-08-11 00:00:00"
      },
      "geometry": {
        "type": "Point",
        "coordinates": [
          -63.51557181642701,
          -31.567606597916885
        ]
      }
    },
    {
      "type": "Feature",
      "properties": {
        "extinto": "BASSI RAUL IRINEO",
        "nacimiento": "1928-08-20 00:00:00",
        "defuncion": "2006-08-06 00:00:00"
      },
      "geometry": {
        "type": "Point",
        "coordinates": [
          -63.51557250306663,
          -31.567582778436417
        ]
      }
    },
    {
      "type": "Feature",
      "properties": {
        "extinto": "GASPARETTI EMA NELLY",
        "nacimiento": "1929-06-26 00:00:00",
        "defuncion": "2008-10-03 00:00:00"
      },
      "geometry": {
        "type": "Point",
        "coordinates": [
          -63.51557250306663,
          -31.567582778436417
        ]
      }
    },
    {
      "type": "Feature",
      "properties": {
        "extinto": "BASSI ANGEL CERAFIN",
        "nacimiento": "2003-04-17 00:00:00",
        "defuncion": "2003-04-17 00:00:00"
      },
      "geometry": {
        "type": "Point",
        "coordinates": [
          -63.515583899954734,
          -31.567601082570274
        ]
      }
    },
    {
      "type": "Feature",
      "properties": {
        "extinto": "SOSA GUZMAN BRAIAN RUBEN",
        "nacimiento": "1992-04-29 00:00:00",
        "defuncion": "2011-11-20 00:00:00"
      },
      "geometry": {
        "type": "Point",
        "coordinates": [
          -63.515583899954734,
          -31.567601082570274
        ]
      }
    },
    {
      "type": "Feature",
      "properties": {
        "extinto": "MARIA ROSA GUZMAN",
        "nacimiento": "1937-03-15 00:00:00",
        "defuncion": "2022-07-21 00:00:00"
      },
      "geometry": {
        "type": "Point",
        "coordinates": [
          -63.515583899954734,
          -31.567601082570274
        ]
      }
    },
    {
      "type": "Feature",
      "properties": {
        "extinto": "CARANDINO REMO",
        "nacimiento": "1920-06-10 00:00:00",
        "defuncion": "2003-09-06 00:00:00"
      },
      "geometry": {
        "type": "Point",
        "coordinates": [
          -63.51559598348103,
          -31.567595567222533
        ]
      }
    },
    {
      "type": "Feature",
      "properties": {
        "extinto": "RIVARA  IDA ROSA",
        "nacimiento": "1924-03-22 00:00:00",
        "defuncion": "2005-01-26 00:00:00"
      },
      "geometry": {
        "type": "Point",
        "coordinates": [
          -63.51559598348103,
          -31.567595567222533
        ]
      }
    },
    {
      "type": "Feature",
      "properties": {
        "extinto": "N/N  SANCHEZ.-CISTERNA",
        "nacimiento": "2011-10-12 00:00:00",
        "defuncion": "2011-10-12 00:00:00"
      },
      "geometry": {
        "type": "Point",
        "coordinates": [
          -63.51559598348103,
          -31.567595567222533
        ]
      }
    },
    {
      "type": "Feature",
      "properties": {
        "extinto": "CARANDINO REMO JOSE",
        "nacimiento": "1965-05-17 00:00:00",
        "defuncion": "2001-11-09 00:00:00"
      },
      "geometry": {
        "type": "Point",
        "coordinates": [
          -63.5156080670059,
          -31.567590051873655
        ]
      }
    },
    {
      "type": "Feature",
      "properties": {
        "extinto": "ROLDAN MARIA RAMONA",
        "nacimiento": "1917-05-12 00:00:00",
        "defuncion": "2009-09-09 00:00:00"
      },
      "geometry": {
        "type": "Point",
        "coordinates": [
          -63.515608753636236,
          -31.567566232393023
        ]
      }
    },
    {
      "type": "Feature",
      "properties": {
        "extinto": "ERNESTO  ALVAREZ",
        "nacimiento": "1940-04-19 00:00:00",
        "defuncion": "2023-12-18 00:00:00"
      },
      "geometry": {
        "type": "Point",
        "coordinates": [
          -63.515608753636236,
          -31.567566232393023
        ]
      }
    },
    {
      "type": "Feature",
      "properties": {
        "extinto": "DERRA ASENCION",
        "nacimiento": "1930-06-19 00:00:00",
        "defuncion": "2001-07-15 00:00:00"
      },
      "geometry": {
        "type": "Point",
        "coordinates": [
          -63.51563223405134,
          -31.56757902117251
        ]
      }
    },
    {
      "type": "Feature",
      "properties": {
        "extinto": "TELESFORO ELCLEORINDO CISTERNA",
        "nacimiento": "1928-09-29 00:00:00",
        "defuncion": "2022-06-07 00:00:00"
      },
      "geometry": {
        "type": "Point",
        "coordinates": [
          -63.51563223405134,
          -31.56757902117251
        ]
      }
    },
    {
      "type": "Feature",
      "properties": {
        "extinto": "MANUEL ARMANDO GARCIA",
        "nacimiento": "1937-04-26 00:00:00",
        "defuncion": "2018-04-30 00:00:00"
      },
      "geometry": {
        "type": "Point",
        "coordinates": [
          -63.516359257825556,
          -31.567657388096325
        ]
      }
    },
    {
      "type": "Feature",
      "properties": {
        "extinto": "ROQUE  ARMANDO  GARCIA",
        "nacimiento": "1968-12-28 00:00:00",
        "defuncion": "2024-05-06 00:00:00"
      },
      "geometry": {
        "type": "Point",
        "coordinates": [
          -63.516359257825556,
          -31.567657388096325
        ]
      }
    },
    {
      "type": "Feature",
      "properties": {
        "extinto": "SALAS DE FONTANA MARIA PURA",
        "nacimiento": "1903-12-08 00:00:00",
        "defuncion": "1974-04-02 00:00:00"
      },
      "geometry": {
        "type": "Point",
        "coordinates": [
          -63.516376926715935,
          -31.56767530358948
        ]
      }
    },
    {
      "type": "Feature",
      "properties": {
        "extinto": "GERMAN FONTANA",
        "nacimiento": "1903-12-03 00:00:00",
        "defuncion": "1992-04-21 00:00:00"
      },
      "geometry": {
        "type": "Point",
        "coordinates": [
          -63.516376926715935,
          -31.56767530358948
        ]
      }
    },
    {
      "type": "Feature",
      "properties": {
        "extinto": "MARIA DEL VALLE BANEGAS",
        "nacimiento": "1912-03-11 00:00:00",
        "defuncion": "1992-03-11 00:00:00"
      },
      "geometry": {
        "type": "Point",
        "coordinates": [
          -63.51640342996995,
          -31.567702176796143
        ]
      }
    },
    {
      "type": "Feature",
      "properties": {
        "extinto": "LOPEZ ALCIRA",
        "nacimiento": "1931-01-24 00:00:00",
        "defuncion": "2015-07-18 00:00:00"
      },
      "geometry": {
        "type": "Point",
        "coordinates": [
          -63.51640342996995,
          -31.567702176796143
        ]
      }
    },
    {
      "type": "Feature",
      "properties": {
        "extinto": "NESTOR GERARDO MICHELI",
        "nacimiento": "1970-09-24 00:00:00",
        "defuncion": "2022-01-23 00:00:00"
      },
      "geometry": {
        "type": "Point",
        "coordinates": [
          -63.51642109897153,
          -31.567720092311134
        ]
      }
    },
    {
      "type": "Feature",
      "properties": {
        "extinto": "CARNIEL NORMA TERESA",
        "nacimiento": "1948-06-22 00:00:00",
        "defuncion": "2010-07-18 00:00:00"
      },
      "geometry": {
        "type": "Point",
        "coordinates": [
          -63.516404271425145,
          -31.56767087891829
        ]
      }
    },
    {
      "type": "Feature",
      "properties": {
        "extinto": "PEDRO JOSE CAVAGNA",
        "nacimiento": "1939-08-28 00:00:00",
        "defuncion": "2019-04-08 00:00:00"
      },
      "geometry": {
        "type": "Point",
        "coordinates": [
          -63.516404271425145,
          -31.56767087891829
        ]
      }
    },
    {
      "type": "Feature",
      "properties": {
        "extinto": "MANDRINO LUISA TERESA",
        "nacimiento": "1937-10-06 00:00:00",
        "defuncion": "2003-09-02 00:00:00"
      },
      "geometry": {
        "type": "Point",
        "coordinates": [
          -63.51643077477991,
          -31.5676977521475
        ]
      }
    },
    {
      "type": "Feature",
      "properties": {
        "extinto": "CAROLINA BONALDI",
        "nacimiento": "1935-07-21 00:00:00",
        "defuncion": "2022-10-29 00:00:00"
      },
      "geometry": {
        "type": "Point",
        "coordinates": [
          -63.51644844369155,
          -31.567715667630427
        ]
      }
    },
    {
      "type": "Feature",
      "properties": {
        "extinto": "SEIMANDI OSCAR",
        "nacimiento": "1944-10-10 00:00:00",
        "defuncion": "2001-10-20 00:00:00"
      },
      "geometry": {
        "type": "Point",
        "coordinates": [
          -63.516457278149915,
          -31.56772462537093
        ]
      }
    },
    {
      "type": "Feature",
      "properties": {
        "extinto": "NIEVE ARCENIO FERREYRA",
        "nacimiento": "1933-08-05 00:00:00",
        "defuncion": "1997-10-06 00:00:00"
      },
      "geometry": {
        "type": "Point",
        "coordinates": [
          -63.516409136753495,
          -31.567636671790634
        ]
      }
    },
    {
      "type": "Feature",
      "properties": {
        "extinto": "MARIA CANDELARIA JUAREZ",
        "nacimiento": "1936-08-09 00:00:00",
        "defuncion": "2021-12-01 00:00:00"
      },
      "geometry": {
        "type": "Point",
        "coordinates": [
          -63.516409136753495,
          -31.567636671790634
        ]
      }
    },
    {
      "type": "Feature",
      "properties": {
        "extinto": "CHIAPPO CLAUDIA",
        "nacimiento": "1966-11-20 00:00:00",
        "defuncion": "2001-11-14 00:00:00"
      },
      "geometry": {
        "type": "Point",
        "coordinates": [
          -63.51641797120056,
          -31.567645629534077
        ]
      }
    },
    {
      "type": "Feature",
      "properties": {
        "extinto": "LUISA PORCEL DE PERALTA",
        "nacimiento": "2009-09-24 00:00:00",
        "defuncion": "2009-09-24 00:00:00"
      },
      "geometry": {
        "type": "Point",
        "coordinates": [
          -63.516426805649346,
          -31.56765458727688
        ]
      }
    },
    {
      "type": "Feature",
      "properties": {
        "extinto": "AGUSTIN ACEVEDO",
        "nacimiento": "2009-09-24 00:00:00",
        "defuncion": "2009-09-24 00:00:00"
      },
      "geometry": {
        "type": "Point",
        "coordinates": [
          -63.516426805649346,
          -31.56765458727688
        ]
      }
    },
    {
      "type": "Feature",
      "properties": {
        "extinto": "EMILIO RITO ACEVEDO",
        "nacimiento": "2009-09-24 00:00:00",
        "defuncion": "2009-09-24 00:00:00"
      },
      "geometry": {
        "type": "Point",
        "coordinates": [
          -63.516426805649346,
          -31.56765458727688
        ]
      }
    },
    {
      "type": "Feature",
      "properties": {
        "extinto": "MARIA TERESA ALVAREZ",
        "nacimiento": "2009-09-24 00:00:00",
        "defuncion": "2009-09-24 00:00:00"
      },
      "geometry": {
        "type": "Point",
        "coordinates": [
          -63.516426805649346,
          -31.56765458727688
        ]
      }
    },
    {
      "type": "Feature",
      "properties": {
        "extinto": "AUDISIO RICARDO LUIS",
        "nacimiento": "1945-04-01 00:00:00",
        "defuncion": "2014-11-02 00:00:00"
      },
      "geometry": {
        "type": "Point",
        "coordinates": [
          -63.516453309005826,
          -31.567681460501472
        ]
      }
    },
    {
      "type": "Feature",
      "properties": {
        "extinto": "MOISES EMILIO LUQUE",
        "nacimiento": "1937-07-26 00:00:00",
        "defuncion": "2020-02-02 00:00:00"
      },
      "geometry": {
        "type": "Point",
        "coordinates": [
          -63.51646214346138,
          -31.56769041824171
        ]
      }
    },
    {
      "type": "Feature",
      "properties": {
        "extinto": "RAMON EDUARDO BERTOLEZ",
        "nacimiento": "1938-06-26 00:00:00",
        "defuncion": "2011-01-29 00:00:00"
      },
      "geometry": {
        "type": "Point",
        "coordinates": [
          -63.51646214346138,
          -31.56769041824171
        ]
      }
    },
    {
      "type": "Feature",
      "properties": {
        "extinto": "PERALTA CESAR JOSE",
        "nacimiento": "2003-05-13 00:00:00",
        "defuncion": "2003-05-13 00:00:00"
      },
      "geometry": {
        "type": "Point",
        "coordinates": [
          -63.5164709779186,
          -31.56769937598132
        ]
      }
    },
    {
      "type": "Feature",
      "properties": {
        "extinto": "BENZAQUEN PAULA PERALTA",
        "nacimiento": "1995-11-24 00:00:00",
        "defuncion": "1996-01-02 00:00:00"
      },
      "geometry": {
        "type": "Point",
        "coordinates": [
          -63.5164709779186,
          -31.56769937598132
        ]
      }
    },
    {
      "type": "Feature",
      "properties": {
        "extinto": "ORLANDI ALICIA YOLANDA",
        "nacimiento": "1943-04-30 00:00:00",
        "defuncion": "2006-08-07 00:00:00"
      },
      "geometry": {
        "type": "Point",
        "coordinates": [
          -63.516479812377554,
          -31.56770833372027
        ]
      }
    },
    {
      "type": "Feature",
      "properties": {
        "extinto": "NOEMI ROSA ORLANDI",
        "nacimiento": "1931-04-22 00:00:00",
        "defuncion": "2017-12-18 00:00:00"
      },
      "geometry": {
        "type": "Point",
        "coordinates": [
          -63.516479812377554,
          -31.56770833372027
        ]
      }
    },
    {
      "type": "Feature",
      "properties": {
        "extinto": "ZULEMA GLADYS ORLANDIS",
        "nacimiento": "1936-09-10 00:00:00",
        "defuncion": "2022-06-09 00:00:00"
      },
      "geometry": {
        "type": "Point",
        "coordinates": [
          -63.516479812377554,
          -31.56770833372027
        ]
      }
    },
    {
      "type": "Feature",
      "properties": {
        "extinto": "ROCHA MARIA ADOLFINA",
        "nacimiento": "1925-06-13 00:00:00",
        "defuncion": "2001-03-25 00:00:00"
      },
      "geometry": {
        "type": "Point",
        "coordinates": [
          -63.516418812556424,
          -31.567614331627663
        ]
      }
    },
    {
      "type": "Feature",
      "properties": {
        "extinto": "ACUÑA VICENTE",
        "nacimiento": "1918-01-30 00:00:00",
        "defuncion": "2014-03-31 00:00:00"
      },
      "geometry": {
        "type": "Point",
        "coordinates": [
          -63.516418812556424,
          -31.567614331627663
        ]
      }
    },
    {
      "type": "Feature",
      "properties": {
        "extinto": "CHIAPPO LUIS SILVESTRE",
        "nacimiento": "1935-04-08 00:00:00",
        "defuncion": "2005-02-15 00:00:00"
      },
      "geometry": {
        "type": "Point",
        "coordinates": [
          -63.51643648144982,
          -31.567632247112673
        ]
      }
    },
    {
      "type": "Feature",
      "properties": {
        "extinto": "BLANCA SUSANA ACEVEDO",
        "nacimiento": "1939-05-13 00:00:00",
        "defuncion": "2023-09-05 00:00:00"
      },
      "geometry": {
        "type": "Point",
        "coordinates": [
          -63.51643648144982,
          -31.567632247112673
        ]
      }
    },
    {
      "type": "Feature",
      "properties": {
        "extinto": "ALMADA ANTONIA",
        "nacimiento": "1939-01-17 00:00:00",
        "defuncion": "2001-07-20 00:00:00"
      },
      "geometry": {
        "type": "Point",
        "coordinates": [
          -63.51644531589906,
          -31.567641204854226
        ]
      }
    },
    {
      "type": "Feature",
      "properties": {
        "extinto": "CHIAPPO PEDRO",
        "nacimiento": "1900-10-10 00:00:00",
        "defuncion": "1943-03-05 00:00:00"
      },
      "geometry": {
        "type": "Point",
        "coordinates": [
          -63.51645416594217,
          -31.567650167313243
        ]
      }
    },
    {
      "type": "Feature",
      "properties": {
        "extinto": "MAGDALENA BONETTO DE CHIAPPO",
        "nacimiento": "1900-10-10 00:00:00",
        "defuncion": "1976-07-15 00:00:00"
      },
      "geometry": {
        "type": "Point",
        "coordinates": [
          -63.51645416594217,
          -31.567650167313243
        ]
      }
    },
    {
      "type": "Feature",
      "properties": {
        "extinto": "CHIAPPO ANTONIO",
        "nacimiento": "1900-10-10 00:00:00",
        "defuncion": "1973-08-03 00:00:00"
      },
      "geometry": {
        "type": "Point",
        "coordinates": [
          -63.51645416594217,
          -31.567650167313243
        ]
      }
    },
    {
      "type": "Feature",
      "properties": {
        "extinto": "CHIAPPO HECTOR",
        "nacimiento": "1938-02-22 00:00:00",
        "defuncion": "2003-09-25 00:00:00"
      },
      "geometry": {
        "type": "Point",
        "coordinates": [
          -63.51645416594217,
          -31.567650167313243
        ]
      }
    },
    {
      "type": "Feature",
      "properties": {
        "extinto": "GARDA GLADIS ESTHER",
        "nacimiento": "1953-08-03 00:00:00",
        "defuncion": "2013-10-12 00:00:00"
      },
      "geometry": {
        "type": "Point",
        "coordinates": [
          -63.51645416594217,
          -31.567650167313243
        ]
      }
    },
    {
      "type": "Feature",
      "properties": {
        "extinto": "GARDA MIGUEL",
        "nacimiento": "1925-03-17 00:00:00",
        "defuncion": "1997-09-27 00:00:00"
      },
      "geometry": {
        "type": "Point",
        "coordinates": [
          -63.51646298753402,
          -31.56765913434562
        ]
      }
    },
    {
      "type": "Feature",
      "properties": {
        "extinto": "BONETO MARIA TERESA",
        "nacimiento": "1916-06-26 00:00:00",
        "defuncion": "2003-01-21 00:00:00"
      },
      "geometry": {
        "type": "Point",
        "coordinates": [
          -63.51646298753402,
          -31.56765913434562
        ]
      }
    },
    {
      "type": "Feature",
      "properties": {
        "extinto": "GLADEZ JUAN CARLOS",
        "nacimiento": "1943-10-26 00:00:00",
        "defuncion": "2000-04-06 00:00:00"
      },
      "geometry": {
        "type": "Point",
        "coordinates": [
          -63.51646298753402,
          -31.56765913434562
        ]
      }
    },
    {
      "type": "Feature",
      "properties": {
        "extinto": "BONETO ANTONIO",
        "nacimiento": "1940-10-10 00:00:00",
        "defuncion": "1949-11-21 00:00:00"
      },
      "geometry": {
        "type": "Point",
        "coordinates": [
          -63.51646298753402,
          -31.56765913434562
        ]
      }
    },
    {
      "type": "Feature",
      "properties": {
        "extinto": "BONETO LUIS ANGEL",
        "nacimiento": "1940-04-10 00:00:00",
        "defuncion": "1965-11-30 00:00:00"
      },
      "geometry": {
        "type": "Point",
        "coordinates": [
          -63.51646298753402,
          -31.56765913434562
        ]
      }
    },
    {
      "type": "Feature",
      "properties": {
        "extinto": "BONETTO SILVESTRE",
        "nacimiento": "1900-04-01 00:00:00",
        "defuncion": "1938-03-01 00:00:00"
      },
      "geometry": {
        "type": "Point",
        "coordinates": [
          -63.51646298753402,
          -31.56765913434562
        ]
      }
    },
    {
      "type": "Feature",
      "properties": {
        "extinto": "BONETTO MIGUEL",
        "nacimiento": "1940-04-01 00:00:00",
        "defuncion": "1978-07-29 00:00:00"
      },
      "geometry": {
        "type": "Point",
        "coordinates": [
          -63.51646298753402,
          -31.56765913434562
        ]
      }
    },
    {
      "type": "Feature",
      "properties": {
        "extinto": "TERESA B DE BONETTO",
        "nacimiento": "1940-04-01 00:00:00",
        "defuncion": "1970-09-22 00:00:00"
      },
      "geometry": {
        "type": "Point",
        "coordinates": [
          -63.51646298753402,
          -31.56765913434562
        ]
      }
    },
    {
      "type": "Feature",
      "properties": {
        "extinto": "BONETTO ALDO JUAN",
        "nacimiento": "1931-04-01 00:00:00",
        "defuncion": "2011-01-18 00:00:00"
      },
      "geometry": {
        "type": "Point",
        "coordinates": [
          -63.51647181925696,
          -31.567668078075002
        ]
      }
    },
    {
      "type": "Feature",
      "properties": {
        "extinto": "BONETTO ANGEL",
        "nacimiento": "1948-01-01 00:00:00",
        "defuncion": "2002-05-16 00:00:00"
      },
      "geometry": {
        "type": "Point",
        "coordinates": [
          -63.51647181925696,
          -31.567668078075002
        ]
      }
    },
    {
      "type": "Feature",
      "properties": {
        "extinto": "MARIA C DE BONETTO",
        "nacimiento": "1914-04-01 00:00:00",
        "defuncion": "1992-05-12 00:00:00"
      },
      "geometry": {
        "type": "Point",
        "coordinates": [
          -63.51647181925696,
          -31.567668078075002
        ]
      }
    },
    {
      "type": "Feature",
      "properties": {
        "extinto": "ROMANO CARLOS LIRIO",
        "nacimiento": "1930-01-02 00:00:00",
        "defuncion": "2008-07-25 00:00:00"
      },
      "geometry": {
        "type": "Point",
        "coordinates": [
          -63.51648065371299,
          -31.567677035813986
        ]
      }
    },
    {
      "type": "Feature",
      "properties": {
        "extinto": "VIRGOLINI ELVA ANTONIA",
        "nacimiento": "1931-03-08 00:00:00",
        "defuncion": "2014-08-21 00:00:00"
      },
      "geometry": {
        "type": "Point",
        "coordinates": [
          -63.51648065371299,
          -31.567677035813986
        ]
      }
    },
    {
      "type": "Feature",
      "properties": {
        "extinto": "PERALTA CESAR HORACIO",
        "nacimiento": "2003-05-13 00:00:00",
        "defuncion": "2003-05-13 00:00:00"
      },
      "geometry": {
        "type": "Point",
        "coordinates": [
          -63.51649832263009,
          -31.567694951289994
        ]
      }
    },
    {
      "type": "Feature",
      "properties": {
        "extinto": "ROBERTO PEDRO PAVIATTO",
        "nacimiento": "1972-03-23 00:00:00",
        "defuncion": "2022-08-30 00:00:00"
      },
      "geometry": {
        "type": "Point",
        "coordinates": [
          -63.51649832263009,
          -31.567694951289994
        ]
      }
    },
    {
      "type": "Feature",
      "properties": {
        "extinto": "ALVAREZ JESUS LIDO",
        "nacimiento": "1919-07-05 00:00:00",
        "defuncion": "1999-09-03 00:00:00"
      },
      "geometry": {
        "type": "Point",
        "coordinates": [
          -63.51628115069066,
          -31.56753911767025
        ]
      }
    },
    {
      "type": "Feature",
      "properties": {
        "extinto": "BAICOCHEA JUANA R",
        "nacimiento": "1926-08-04 00:00:00",
        "defuncion": "1977-06-29 00:00:00"
      },
      "geometry": {
        "type": "Point",
        "coordinates": [
          -63.51628115069066,
          -31.56753911767025
        ]
      }
    },
    {
      "type": "Feature",
      "properties": {
        "extinto": "AIDA DEL VALLE ACOSTA",
        "nacimiento": "1952-04-10 00:00:00",
        "defuncion": "2022-07-16 00:00:00"
      },
      "geometry": {
        "type": "Point",
        "coordinates": [
          -63.51628115069066,
          -31.56753911767025
        ]
      }
    },
    {
      "type": "Feature",
      "properties": {
        "extinto": "TISSERA JUAN CARLOS",
        "nacimiento": "1951-11-02 00:00:00",
        "defuncion": "2013-07-22 00:00:00"
      },
      "geometry": {
        "type": "Point",
        "coordinates": [
          -63.51628757789819,
          -31.5675494700967
        ]
      }
    },
    {
      "type": "Feature",
      "properties": {
        "extinto": "ALVAREZ MIRTA IRIS",
        "nacimiento": "1950-02-02 00:00:00",
        "defuncion": "2015-09-16 00:00:00"
      },
      "geometry": {
        "type": "Point",
        "coordinates": [
          -63.51628757789819,
          -31.5675494700967
        ]
      }
    },
    {
      "type": "Feature",
      "properties": {
        "extinto": "JULIO ARGENTINO RODRIGUEZ",
        "nacimiento": "2010-03-17 00:00:00",
        "defuncion": "2010-03-17 00:00:00"
      },
      "geometry": {
        "type": "Point",
        "coordinates": [
          -63.51629400510715,
          -31.567559822522785
        ]
      }
    },
    {
      "type": "Feature",
      "properties": {
        "extinto": "MONCADA FRANCISCA LIVIA",
        "nacimiento": "1930-04-12 00:00:00",
        "defuncion": "2010-03-16 00:00:00"
      },
      "geometry": {
        "type": "Point",
        "coordinates": [
          -63.51629400510715,
          -31.567559822522785
        ]
      }
    },
    {
      "type": "Feature",
      "properties": {
        "extinto": "RODRIGUEZ PEDRO TRISTAN",
        "nacimiento": "1924-04-14 00:00:00",
        "defuncion": "2000-09-24 00:00:00"
      },
      "geometry": {
        "type": "Point",
        "coordinates": [
          -63.51629400510715,
          -31.567559822522785
        ]
      }
    },
    {
      "type": "Feature",
      "properties": {
        "extinto": "RODRIGUEZ MARIA LUZ",
        "nacimiento": "1998-07-01 00:00:00",
        "defuncion": "2003-02-17 00:00:00"
      },
      "geometry": {
        "type": "Point",
        "coordinates": [
          -63.516300432317536,
          -31.567570174948532
        ]
      }
    },
    {
      "type": "Feature",
      "properties": {
        "extinto": "RODRIGUEZ LUIS DE GONZALO",
        "nacimiento": "1931-05-13 00:00:00",
        "defuncion": "2003-02-23 00:00:00"
      },
      "geometry": {
        "type": "Point",
        "coordinates": [
          -63.51630685952935,
          -31.56758052737391
        ]
      }
    },
    {
      "type": "Feature",
      "properties": {
        "extinto": "MARIA ANGELICA GONZALEZ",
        "nacimiento": "1924-10-14 00:00:00",
        "defuncion": "2006-07-16 00:00:00"
      },
      "geometry": {
        "type": "Point",
        "coordinates": [
          -63.51630685952935,
          -31.56758052737391
        ]
      }
    },
    {
      "type": "Feature",
      "properties": {
        "extinto": "DAMIAN ALBERTO LUCARELLI",
        "nacimiento": "1982-07-31 00:00:00",
        "defuncion": "2016-07-14 00:00:00"
      },
      "geometry": {
        "type": "Point",
        "coordinates": [
          -63.51631328674261,
          -31.56759087979893
        ]
      }
    },
    {
      "type": "Feature",
      "properties": {
        "extinto": "RAMON  ALBERTO  LUCARELLI",
        "nacimiento": "1950-09-29 00:00:00",
        "defuncion": "2024-06-23 00:00:00"
      },
      "geometry": {
        "type": "Point",
        "coordinates": [
          -63.51631328674261,
          -31.56759087979893
        ]
      }
    },
    {
      "type": "Feature",
      "properties": {
        "extinto": "MARIA ISABEL CORSETTI",
        "nacimiento": "1938-12-31 00:00:00",
        "defuncion": "2023-06-11 00:00:00"
      },
      "geometry": {
        "type": "Point",
        "coordinates": [
          -63.5163197139573,
          -31.567601232223616
        ]
      }
    },
    {
      "type": "Feature",
      "properties": {
        "extinto": "VIJANDE NILDA",
        "nacimiento": "1934-08-10 00:00:00",
        "defuncion": "2002-06-04 00:00:00"
      },
      "geometry": {
        "type": "Point",
        "coordinates": [
          -63.516326141173415,
          -31.56761158464792
        ]
      }
    },
    {
      "type": "Feature",
      "properties": {
        "extinto": "PATRIA DANTE AGUSTIN",
        "nacimiento": "1958-06-27 00:00:00",
        "defuncion": "1961-09-20 00:00:00"
      },
      "geometry": {
        "type": "Point",
        "coordinates": [
          -63.516326141173415,
          -31.56761158464792
        ]
      }
    },
    {
      "type": "Feature",
      "properties": {
        "extinto": "PATRIA ALDO EMILIO",
        "nacimiento": "1929-02-22 00:00:00",
        "defuncion": "2015-07-13 00:00:00"
      },
      "geometry": {
        "type": "Point",
        "coordinates": [
          -63.516326141173415,
          -31.56761158464792
        ]
      }
    },
    {
      "type": "Feature",
      "properties": {
        "extinto": "SCABON DOMINGO",
        "nacimiento": "1951-01-15 00:00:00",
        "defuncion": "2012-12-16 00:00:00"
      },
      "geometry": {
        "type": "Point",
        "coordinates": [
          -63.51633899560996,
          -31.5676322894955
        ]
      }
    },
    {
      "type": "Feature",
      "properties": {
        "extinto": "LUIS ALFONSO CORSETTI",
        "nacimiento": "1942-09-26 00:00:00",
        "defuncion": "2010-04-03 00:00:00"
      },
      "geometry": {
        "type": "Point",
        "coordinates": [
          -63.51630254288517,
          -31.567529381725585
        ]
      }
    },
    {
      "type": "Feature",
      "properties": {
        "extinto": "ARMANINI ELISA ANTONIA",
        "nacimiento": "1945-01-15 00:00:00",
        "defuncion": "2014-06-23 00:00:00"
      },
      "geometry": {
        "type": "Point",
        "coordinates": [
          -63.51630254288517,
          -31.567529381725585
        ]
      }
    },
    {
      "type": "Feature",
      "properties": {
        "extinto": "CAVALLERA NALDO FEDERICO CARLOS",
        "nacimiento": "1937-09-11 00:00:00",
        "defuncion": "2017-11-02 00:00:00"
      },
      "geometry": {
        "type": "Point",
        "coordinates": [
          -63.516308970094364,
          -31.567539734150944
        ]
      }
    },
    {
      "type": "Feature",
      "properties": {
        "extinto": "FAJARDO ALFREDO GENARO",
        "nacimiento": "1940-01-20 00:00:00",
        "defuncion": "1996-11-13 00:00:00"
      },
      "geometry": {
        "type": "Point",
        "coordinates": [
          -63.51631539730498,
          -31.56755008657595
        ]
      }
    },
    {
      "type": "Feature",
      "properties": {
        "extinto": "PEDRAZA ERNESTO ISMAEL",
        "nacimiento": "1937-01-04 00:00:00",
        "defuncion": "2002-02-09 00:00:00"
      },
      "geometry": {
        "type": "Point",
        "coordinates": [
          -63.51632182451704,
          -31.567560439000616
        ]
      }
    },
    {
      "type": "Feature",
      "properties": {
        "extinto": "RAMON FAUSTINO LOPEZ",
        "nacimiento": "1943-02-15 00:00:00",
        "defuncion": "2011-07-13 00:00:00"
      },
      "geometry": {
        "type": "Point",
        "coordinates": [
          -63.51632825173053,
          -31.567570791424913
        ]
      }
    },
    {
      "type": "Feature",
      "properties": {
        "extinto": "JUAN AMADEO LOPEZ",
        "nacimiento": "1947-04-18 00:00:00",
        "defuncion": "2023-01-17 00:00:00"
      },
      "geometry": {
        "type": "Point",
        "coordinates": [
          -63.51632825173053,
          -31.567570791424913
        ]
      }
    },
    {
      "type": "Feature",
      "properties": {
        "extinto": "PATRIA BLANCA",
        "nacimiento": "1924-04-24 00:00:00",
        "defuncion": "2002-06-01 00:00:00"
      },
      "geometry": {
        "type": "Point",
        "coordinates": [
          -63.51633467894545,
          -31.567581143848873
        ]
      }
    },
    {
      "type": "Feature",
      "properties": {
        "extinto": "RODRIGUEZ FELIZ JACINTO",
        "nacimiento": "1922-03-25 00:00:00",
        "defuncion": "2011-06-23 00:00:00"
      },
      "geometry": {
        "type": "Point",
        "coordinates": [
          -63.51633467894545,
          -31.567581143848873
        ]
      }
    },
    {
      "type": "Feature",
      "properties": {
        "extinto": "RODRIGUEZ COLAZO FELIZ",
        "nacimiento": "1900-11-20 00:00:00",
        "defuncion": "1977-07-26 00:00:00"
      },
      "geometry": {
        "type": "Point",
        "coordinates": [
          -63.51633467894545,
          -31.567581143848873
        ]
      }
    },
    {
      "type": "Feature",
      "properties": {
        "extinto": "LUQUE AZUCENA",
        "nacimiento": "1900-07-19 00:00:00",
        "defuncion": "1979-09-30 00:00:00"
      },
      "geometry": {
        "type": "Point",
        "coordinates": [
          -63.51633467894545,
          -31.567581143848873
        ]
      }
    },
    {
      "type": "Feature",
      "properties": {
        "extinto": "RODRIGUEZ MARIA ISABEL",
        "nacimiento": "1900-10-10 00:00:00",
        "defuncion": "1944-06-26 00:00:00"
      },
      "geometry": {
        "type": "Point",
        "coordinates": [
          -63.51633467894545,
          -31.567581143848873
        ]
      }
    },
    {
      "type": "Feature",
      "properties": {
        "extinto": "GAMITO MATILDE SOLEDAD",
        "nacimiento": "1913-05-12 00:00:00",
        "defuncion": "2005-10-06 00:00:00"
      },
      "geometry": {
        "type": "Point",
        "coordinates": [
          -63.51634110616182,
          -31.567591496272463
        ]
      }
    },
    {
      "type": "Feature",
      "properties": {
        "extinto": "LUQUE VICTOR ALFONSO",
        "nacimiento": "1904-03-26 00:00:00",
        "defuncion": "1993-03-24 00:00:00"
      },
      "geometry": {
        "type": "Point",
        "coordinates": [
          -63.51634110616182,
          -31.567591496272463
        ]
      }
    },
    {
      "type": "Feature",
      "properties": {
        "extinto": "MATILDE BEATRIZ LUQUE",
        "nacimiento": "1938-08-05 00:00:00",
        "defuncion": "2014-11-11 00:00:00"
      },
      "geometry": {
        "type": "Point",
        "coordinates": [
          -63.51634110616182,
          -31.567591496272463
        ]
      }
    },
    {
      "type": "Feature",
      "properties": {
        "extinto": "ROLANDO MARTHA SUSANA",
        "nacimiento": "1945-09-04 00:00:00",
        "defuncion": "2007-11-22 00:00:00"
      },
      "geometry": {
        "type": "Point",
        "coordinates": [
          -63.51634753337957,
          -31.56760184869571
        ]
      }
    },
    {
      "type": "Feature",
      "properties": {
        "extinto": "LORENZO OMAR CARBALLO",
        "nacimiento": "1947-10-03 00:00:00",
        "defuncion": "1990-01-10 00:00:00"
      },
      "geometry": {
        "type": "Point",
        "coordinates": [
          -63.51635396059879,
          -31.567612201118582
        ]
      }
    },
    {
      "type": "Feature",
      "properties": {
        "extinto": "MOLINARI JOSE",
        "nacimiento": "1905-06-22 00:00:00",
        "defuncion": "1991-06-27 00:00:00"
      },
      "geometry": {
        "type": "Point",
        "coordinates": [
          -63.51636038781945,
          -31.567622553541113
        ]
      }
    },
    {
      "type": "Feature",
      "properties": {
        "extinto": "OTTONELLI DOMINGA",
        "nacimiento": "1904-02-01 00:00:00",
        "defuncion": "1997-07-24 00:00:00"
      },
      "geometry": {
        "type": "Point",
        "coordinates": [
          -63.51636038781945,
          -31.567622553541113
        ]
      }
    },
    {
      "type": "Feature",
      "properties": {
        "extinto": "LUQUE RAMON CARMEN",
        "nacimiento": "1911-09-21 00:00:00",
        "defuncion": "2004-06-18 00:00:00"
      },
      "geometry": {
        "type": "Point",
        "coordinates": [
          -63.51632858555071,
          -31.567517529266407
        ]
      }
    },
    {
      "type": "Feature",
      "properties": {
        "extinto": "ANDRADA MARIA ORTENCIA",
        "nacimiento": "1914-09-20 00:00:00",
        "defuncion": "2005-04-16 00:00:00"
      },
      "geometry": {
        "type": "Point",
        "coordinates": [
          -63.51632858555071,
          -31.567517529266407
        ]
      }
    },
    {
      "type": "Feature",
      "properties": {
        "extinto": "BENEDICTO MUÑOZ",
        "nacimiento": "1913-04-28 00:00:00",
        "defuncion": "1977-12-20 00:00:00"
      },
      "geometry": {
        "type": "Point",
        "coordinates": [
          -63.516341439974575,
          -31.567538234114153
        ]
      }
    },
    {
      "type": "Feature",
      "properties": {
        "extinto": "TERESA DEIDERI DE MUÑOZ",
        "nacimiento": "1918-03-20 00:00:00",
        "defuncion": "2000-12-03 00:00:00"
      },
      "geometry": {
        "type": "Point",
        "coordinates": [
          -63.516341439974575,
          -31.567538234114153
        ]
      }
    },
    {
      "type": "Feature",
      "properties": {
        "extinto": "MANUEL MUÑOZ",
        "nacimiento": "1902-01-01 00:00:00",
        "defuncion": "1988-07-14 00:00:00"
      },
      "geometry": {
        "type": "Point",
        "coordinates": [
          -63.516341439974575,
          -31.567538234114153
        ]
      }
    },
    {
      "type": "Feature",
      "properties": {
        "extinto": "PEDRO ALBERTO CORREA",
        "nacimiento": "1948-03-28 00:00:00",
        "defuncion": "2022-10-20 00:00:00"
      },
      "geometry": {
        "type": "Point",
        "coordinates": [
          -63.51634786718865,
          -31.567548586537495
        ]
      }
    },
    {
      "type": "Feature",
      "properties": {
        "extinto": "VICTORIO RIOCIOTTI LUCARELLI",
        "nacimiento": "1924-07-21 00:00:00",
        "defuncion": "1984-05-01 00:00:00"
      },
      "geometry": {
        "type": "Point",
        "coordinates": [
          -63.51635429440419,
          -31.567558938960484
        ]
      }
    },
    {
      "type": "Feature",
      "properties": {
        "extinto": "UTRERA JUANA SARA",
        "nacimiento": "1926-02-15 00:00:00",
        "defuncion": "2007-10-19 00:00:00"
      },
      "geometry": {
        "type": "Point",
        "coordinates": [
          -63.51635429440419,
          -31.567558938960484
        ]
      }
    },
    {
      "type": "Feature",
      "properties": {
        "extinto": "NORMA AZUCENA CARBALLO",
        "nacimiento": "1949-11-23 00:00:00",
        "defuncion": "1997-05-21 00:00:00"
      },
      "geometry": {
        "type": "Point",
        "coordinates": [
          -63.5163671488395,
          -31.5675796438054
        ]
      }
    },
    {
      "type": "Feature",
      "properties": {
        "extinto": "HECTOR LUIS CEAGLIO",
        "nacimiento": "1940-11-30 00:00:00",
        "defuncion": "2019-05-30 00:00:00"
      },
      "geometry": {
        "type": "Point",
        "coordinates": [
          -63.5163735760593,
          -31.56758999622732
        ]
      }
    },
    {
      "type": "Feature",
      "properties": {
        "extinto": "ELIA  AMANDA FERREYRA",
        "nacimiento": "1935-08-15 00:00:00",
        "defuncion": "2024-06-14 00:00:00"
      },
      "geometry": {
        "type": "Point",
        "coordinates": [
          -63.5163735760593,
          -31.56758999622732
        ]
      }
    },
    {
      "type": "Feature",
      "properties": {
        "extinto": "ESTHER MARGARITA MARENGO",
        "nacimiento": "1944-02-03 00:00:00",
        "defuncion": "2001-02-17 00:00:00"
      },
      "geometry": {
        "type": "Point",
        "coordinates": [
          -63.516386430503225,
          -31.567610701070116
        ]
      }
    },
    {
      "type": "Feature",
      "properties": {
        "extinto": "JOSE ANGEL RUMACHELLA",
        "nacimiento": "1936-07-09 00:00:00",
        "defuncion": "2006-12-10 00:00:00"
      },
      "geometry": {
        "type": "Point",
        "coordinates": [
          -63.516386430503225,
          -31.567610701070116
        ]
      }
    },
    {
      "type": "Feature",
      "properties": {
        "extinto": "FACUNDO RUMACHELLA",
        "nacimiento": "1996-01-14 00:00:00",
        "defuncion": "1996-05-06 00:00:00"
      },
      "geometry": {
        "type": "Point",
        "coordinates": [
          -63.516386430503225,
          -31.567610701070116
        ]
      }
    },
    {
      "type": "Feature",
      "properties": {
        "extinto": "TESTA JOSE ANTONIO",
        "nacimiento": "1918-01-17 00:00:00",
        "defuncion": "1992-03-19 00:00:00"
      },
      "geometry": {
        "type": "Point",
        "coordinates": [
          -63.51634997773531,
          -31.567507793313855
        ]
      }
    },
    {
      "type": "Feature",
      "properties": {
        "extinto": "PLEYTAVINO NELIDA",
        "nacimiento": "1923-09-29 00:00:00",
        "defuncion": "2000-12-10 00:00:00"
      },
      "geometry": {
        "type": "Point",
        "coordinates": [
          -63.51634997773531,
          -31.567507793313855
        ]
      }
    },
    {
      "type": "Feature",
      "properties": {
        "extinto": "TESTA LUIS ANGEL",
        "nacimiento": "1952-03-11 00:00:00",
        "defuncion": "2011-01-07 00:00:00"
      },
      "geometry": {
        "type": "Point",
        "coordinates": [
          -63.51634997773531,
          -31.567507793313855
        ]
      }
    },
    {
      "type": "Feature",
      "properties": {
        "extinto": "JULIA ARGENTINA ZANELLA",
        "nacimiento": "1952-07-09 00:00:00",
        "defuncion": "2023-08-29 00:00:00"
      },
      "geometry": {
        "type": "Point",
        "coordinates": [
          -63.51635640494816,
          -31.56751814573681
        ]
      }
    },
    {
      "type": "Feature",
      "properties": {
        "extinto": "JORDAN FERREYRA",
        "nacimiento": "1935-10-05 00:00:00",
        "defuncion": "2007-01-15 00:00:00"
      },
      "geometry": {
        "type": "Point",
        "coordinates": [
          -63.51636283216248,
          -31.56752849815943
        ]
      }
    },
    {
      "type": "Feature",
      "properties": {
        "extinto": "TERESA LEONTINA LUDUEÑA",
        "nacimiento": "1937-08-11 00:00:00",
        "defuncion": "2019-10-22 00:00:00"
      },
      "geometry": {
        "type": "Point",
        "coordinates": [
          -63.51636283216248,
          -31.56752849815943
        ]
      }
    },
    {
      "type": "Feature",
      "properties": {
        "extinto": "NILDA ESTER LEGUIZAMON",
        "nacimiento": "1947-08-28 00:00:00",
        "defuncion": "2022-11-10 00:00:00"
      },
      "geometry": {
        "type": "Point",
        "coordinates": [
          -63.516369259378216,
          -31.56753885058171
        ]
      }
    },
    {
      "type": "Feature",
      "properties": {
        "extinto": "CROIS BLANCA ELVIRA",
        "nacimiento": "1932-11-03 00:00:00",
        "defuncion": "2001-07-03 00:00:00"
      },
      "geometry": {
        "type": "Point",
        "coordinates": [
          -63.516375686595396,
          -31.567549203003622
        ]
      }
    },
    {
      "type": "Feature",
      "properties": {
        "extinto": "HECTOR GIANINI",
        "nacimiento": "1937-10-17 00:00:00",
        "defuncion": "1997-10-29 00:00:00"
      },
      "geometry": {
        "type": "Point",
        "coordinates": [
          -63.516375686595396,
          -31.567549203003622
        ]
      }
    },
    {
      "type": "Feature",
      "properties": {
        "extinto": "GIANINI JULIO H",
        "nacimiento": "1986-06-07 00:00:00",
        "defuncion": "1997-06-07 00:00:00"
      },
      "geometry": {
        "type": "Point",
        "coordinates": [
          -63.516375686595396,
          -31.567549203003622
        ]
      }
    },
    {
      "type": "Feature",
      "properties": {
        "extinto": "ELIDA DOMINGA PESCE",
        "nacimiento": "1942-08-20 00:00:00",
        "defuncion": "2019-06-28 00:00:00"
      },
      "geometry": {
        "type": "Point",
        "coordinates": [
          -63.51638211381402,
          -31.567559555425184
        ]
      }
    },
    {
      "type": "Feature",
      "properties": {
        "extinto": "PERALTA ELDO GODOFREDO",
        "nacimiento": "1944-10-17 00:00:00",
        "defuncion": "2005-05-16 00:00:00"
      },
      "geometry": {
        "type": "Point",
        "coordinates": [
          -63.51640139547843,
          -31.56759061268773
        ]
      }
    },
    {
      "type": "Feature",
      "properties": {
        "extinto": "BUSSANO MATEO JOSE",
        "nacimiento": "1950-02-04 00:00:00",
        "defuncion": "2001-08-17 00:00:00"
      },
      "geometry": {
        "type": "Point",
        "coordinates": [
          -63.51640782270278,
          -31.567600965107864
        ]
      }
    },
    {
      "type": "Feature",
      "properties": {
        "extinto": "PERALTA RAMON ERASMO",
        "nacimiento": "1936-05-16 00:00:00",
        "defuncion": "2003-08-01 00:00:00"
      },
      "geometry": {
        "type": "Point",
        "coordinates": [
          -63.516221829309835,
          -31.5674206518757
        ]
      }
    },
    {
      "type": "Feature",
      "properties": {
        "extinto": "CAGNASSO ESTHER",
        "nacimiento": "1937-02-02 00:00:00",
        "defuncion": "1989-05-20 00:00:00"
      },
      "geometry": {
        "type": "Point",
        "coordinates": [
          -63.516221829309835,
          -31.5674206518757
        ]
      }
    },
    {
      "type": "Feature",
      "properties": {
        "extinto": "MARTY LEON ELIAS",
        "nacimiento": "1907-06-29 00:00:00",
        "defuncion": "1967-04-30 00:00:00"
      },
      "geometry": {
        "type": "Point",
        "coordinates": [
          -63.516227167943484,
          -31.56743144825372
        ]
      }
    },
    {
      "type": "Feature",
      "properties": {
        "extinto": "MARTY EMMA DE BONALDI",
        "nacimiento": "1910-10-28 00:00:00",
        "defuncion": "1984-08-09 00:00:00"
      },
      "geometry": {
        "type": "Point",
        "coordinates": [
          -63.516227167943484,
          -31.56743144825372
        ]
      }
    },
    {
      "type": "Feature",
      "properties": {
        "extinto": "LAURA ELENA DEL C. DE J.",
        "nacimiento": "1972-10-30 00:00:00",
        "defuncion": "1973-06-30 00:00:00"
      },
      "geometry": {
        "type": "Point",
        "coordinates": [
          -63.516227167943484,
          -31.56743144825372
        ]
      }
    },
    {
      "type": "Feature",
      "properties": {
        "extinto": "RAMUNDA ROBERTO SEGUNDO",
        "nacimiento": "1939-07-01 00:00:00",
        "defuncion": "2009-12-07 00:00:00"
      },
      "geometry": {
        "type": "Point",
        "coordinates": [
          -63.516232503130006,
          -31.567442246593675
        ]
      }
    },
    {
      "type": "Feature",
      "properties": {
        "extinto": "NORMA DEL VALLE CHIALVA",
        "nacimiento": "1958-01-13 00:00:00",
        "defuncion": "1989-10-14 00:00:00"
      },
      "geometry": {
        "type": "Point",
        "coordinates": [
          -63.51623784521449,
          -31.567453041008964
        ]
      }
    },
    {
      "type": "Feature",
      "properties": {
        "extinto": "PEREZ MARIA",
        "nacimiento": "1915-10-04 00:00:00",
        "defuncion": "2001-08-06 00:00:00"
      },
      "geometry": {
        "type": "Point",
        "coordinates": [
          -63.51624318385186,
          -31.567463837386214
        ]
      }
    },
    {
      "type": "Feature",
      "properties": {
        "extinto": "CARLOS ALBERTO AUDISIO",
        "nacimiento": "1940-05-16 00:00:00",
        "defuncion": "2008-04-15 00:00:00"
      },
      "geometry": {
        "type": "Point",
        "coordinates": [
          -63.516248515745644,
          -31.567474635018346
        ]
      }
    },
    {
      "type": "Feature",
      "properties": {
        "extinto": "MARIA TEOFILA ORTEGA",
        "nacimiento": "1950-05-24 00:00:00",
        "defuncion": "2019-07-12 00:00:00"
      },
      "geometry": {
        "type": "Point",
        "coordinates": [
          -63.516248515745644,
          -31.567474635018346
        ]
      }
    },
    {
      "type": "Feature",
      "properties": {
        "extinto": "ACOSTA ELVIO TEOFILIO",
        "nacimiento": "1930-02-19 00:00:00",
        "defuncion": "1988-03-16 00:00:00"
      },
      "geometry": {
        "type": "Point",
        "coordinates": [
          -63.51625386113034,
          -31.56748543013993
        ]
      }
    },
    {
      "type": "Feature",
      "properties": {
        "extinto": "ANA MARIA ACOSTA",
        "nacimiento": "1934-06-10 00:00:00",
        "defuncion": "2021-08-22 00:00:00"
      },
      "geometry": {
        "type": "Point",
        "coordinates": [
          -63.51625386113034,
          -31.56748543013993
        ]
      }
    },
    {
      "type": "Feature",
      "properties": {
        "extinto": "LUDUEÑA ELVIO OSCAR",
        "nacimiento": "1936-01-03 00:00:00",
        "defuncion": "2013-09-01 00:00:00"
      },
      "geometry": {
        "type": "Point",
        "coordinates": [
          -63.516259199771454,
          -31.56749622651642
        ]
      }
    },
    {
      "type": "Feature",
      "properties": {
        "extinto": "OSFALDO MARCOS PAVON",
        "nacimiento": "1954-08-08 00:00:00",
        "defuncion": "2019-12-28 00:00:00"
      },
      "geometry": {
        "type": "Point",
        "coordinates": [
          -63.516259199771454,
          -31.56749622651642
        ]
      }
    },
    {
      "type": "Feature",
      "properties": {
        "extinto": "SANCHEZ ALEJANDRO MATIAS",
        "nacimiento": "2000-05-02 00:00:00",
        "defuncion": "2000-05-02 00:00:00"
      },
      "geometry": {
        "type": "Point",
        "coordinates": [
          -63.516269874773634,
          -31.567517817856718
        ]
      }
    },
    {
      "type": "Feature",
      "properties": {
        "extinto": "JORGE OSCAR ALVAREZ",
        "nacimiento": "1954-12-04 00:00:00",
        "defuncion": "2023-02-08 00:00:00"
      },
      "geometry": {
        "type": "Point",
        "coordinates": [
          -63.516269874773634,
          -31.567517817856718
        ]
      }
    },
    {
      "type": "Feature",
      "properties": {
        "extinto": "CELSO PORCEL DE PERALTA",
        "nacimiento": "1936-04-06 00:00:00",
        "defuncion": "2010-12-03 00:00:00"
      },
      "geometry": {
        "type": "Point",
        "coordinates": [
          -63.51624413957577,
          -31.567412569331747
        ]
      }
    },
    {
      "type": "Feature",
      "properties": {
        "extinto": "PORCEL DE PERALTA ANA MARIA",
        "nacimiento": "1982-03-12 00:00:00",
        "defuncion": "1997-01-15 00:00:00"
      },
      "geometry": {
        "type": "Point",
        "coordinates": [
          -63.51624413957577,
          -31.567412569331747
        ]
      }
    },
    {
      "type": "Feature",
      "properties": {
        "extinto": "GOMEZ NELIDA ROSA",
        "nacimiento": "1938-11-30 00:00:00",
        "defuncion": "2016-06-04 00:00:00"
      },
      "geometry": {
        "type": "Point",
        "coordinates": [
          -63.51624413957577,
          -31.567412569331747
        ]
      }
    },
    {
      "type": "Feature",
      "properties": {
        "extinto": "FERREYRA CAROLINA JOSEFA",
        "nacimiento": "1924-03-19 00:00:00",
        "defuncion": "2017-02-11 00:00:00"
      },
      "geometry": {
        "type": "Point",
        "coordinates": [
          -63.5162494757135,
          -31.56742336661388
        ]
      }
    },
    {
      "type": "Feature",
      "properties": {
        "extinto": "BERTETTO JULIO DOMINGO",
        "nacimiento": "1934-07-01 00:00:00",
        "defuncion": "1995-06-06 00:00:00"
      },
      "geometry": {
        "type": "Point",
        "coordinates": [
          -63.516254811852455,
          -31.567434163895726
        ]
      }
    },
    {
      "type": "Feature",
      "properties": {
        "extinto": "LENCINAS ELDA",
        "nacimiento": "1932-03-03 00:00:00",
        "defuncion": "2017-01-07 00:00:00"
      },
      "geometry": {
        "type": "Point",
        "coordinates": [
          -63.516254811852455,
          -31.567434163895726
        ]
      }
    },
    {
      "type": "Feature",
      "properties": {
        "extinto": "BONALDI JOSE LORENZO",
        "nacimiento": "1938-08-10 00:00:00",
        "defuncion": "2007-06-01 00:00:00"
      },
      "geometry": {
        "type": "Point",
        "coordinates": [
          -63.516260147992675,
          -31.567444961177333
        ]
      }
    },
    {
      "type": "Feature",
      "properties": {
        "extinto": "SILVIA ELENA BONALDI",
        "nacimiento": "1964-03-24 00:00:00",
        "defuncion": "1964-03-24 00:00:00"
      },
      "geometry": {
        "type": "Point",
        "coordinates": [
          -63.516260147992675,
          -31.567444961177333
        ]
      }
    },
    {
      "type": "Feature",
      "properties": {
        "extinto": "LORENZO ELIAS BONALDI",
        "nacimiento": "1967-10-22 00:00:00",
        "defuncion": "1968-01-07 00:00:00"
      },
      "geometry": {
        "type": "Point",
        "coordinates": [
          -63.516260147992675,
          -31.567444961177333
        ]
      }
    },
    {
      "type": "Feature",
      "properties": {
        "extinto": "PATRICIA BONALDI",
        "nacimiento": "1974-10-24 00:00:00",
        "defuncion": "1974-10-24 00:00:00"
      },
      "geometry": {
        "type": "Point",
        "coordinates": [
          -63.516260147992675,
          -31.567444961177333
        ]
      }
    },
    {
      "type": "Feature",
      "properties": {
        "extinto": "MARIA AMERICA BONALDI",
        "nacimiento": "1908-10-26 00:00:00",
        "defuncion": "1957-01-17 00:00:00"
      },
      "geometry": {
        "type": "Point",
        "coordinates": [
          -63.51626548413414,
          -31.56745575845869
        ]
      }
    },
    {
      "type": "Feature",
      "properties": {
        "extinto": "CARLOS BONALDI",
        "nacimiento": "1900-12-15 00:00:00",
        "defuncion": "1961-06-27 00:00:00"
      },
      "geometry": {
        "type": "Point",
        "coordinates": [
          -63.51626548413414,
          -31.56745575845869
        ]
      }
    },
    {
      "type": "Feature",
      "properties": {
        "extinto": "ANGELINA CARRARA DE BONALDI",
        "nacimiento": "1900-07-29 00:00:00",
        "defuncion": "1957-06-28 00:00:00"
      },
      "geometry": {
        "type": "Point",
        "coordinates": [
          -63.51626548413414,
          -31.56745575845869
        ]
      }
    },
    {
      "type": "Feature",
      "properties": {
        "extinto": "ESPINDOLA ROSA LETICIA",
        "nacimiento": "1930-10-28 00:00:00",
        "defuncion": "2002-07-05 00:00:00"
      },
      "geometry": {
        "type": "Point",
        "coordinates": [
          -63.51627615642079,
          -31.567477353020628
        ]
      }
    },
    {
      "type": "Feature",
      "properties": {
        "extinto": "FUENTES BIENVENIDO SIXTO",
        "nacimiento": "1920-08-06 00:00:00",
        "defuncion": "2003-03-13 00:00:00"
      },
      "geometry": {
        "type": "Point",
        "coordinates": [
          -63.51627615642079,
          -31.567477353020628
        ]
      }
    },
    {
      "type": "Feature",
      "properties": {
        "extinto": "NIEVA RICARDO DE LAS MERCEDES",
        "nacimiento": "1936-01-15 00:00:00",
        "defuncion": "2010-01-24 00:00:00"
      },
      "geometry": {
        "type": "Point",
        "coordinates": [
          -63.516313990450435,
          -31.567489107152298
        ]
      }
    },
    {
      "type": "Feature",
      "properties": {
        "extinto": "NILDA DOLORES GONZALEZ",
        "nacimiento": "1926-01-06 00:00:00",
        "defuncion": "1999-08-29 00:00:00"
      },
      "geometry": {
        "type": "Point",
        "coordinates": [
          -63.516313990450435,
          -31.567489107152298
        ]
      }
    },
    {
      "type": "Feature",
      "properties": {
        "extinto": "OSVALDO CESAR VICENTE",
        "nacimiento": "1961-11-26 00:00:00",
        "defuncion": "2021-12-31 00:00:00"
      },
      "geometry": {
        "type": "Point",
        "coordinates": [
          -63.516313990450435,
          -31.567489107152298
        ]
      }
    },
    {
      "type": "Feature",
      "properties": {
        "extinto": "NANI ROALD LUIS",
        "nacimiento": "1928-12-24 00:00:00",
        "defuncion": "2012-02-26 00:00:00"
      },
      "geometry": {
        "type": "Point",
        "coordinates": [
          -63.516319319398214,
          -31.567499899868565
        ]
      }
    },
    {
      "type": "Feature",
      "properties": {
        "extinto": "AGUIRRE ROBERTO ANIBAL",
        "nacimiento": "1938-02-13 00:00:00",
        "defuncion": "2017-02-24 00:00:00"
      },
      "geometry": {
        "type": "Point",
        "coordinates": [
          -63.51627130129349,
          -31.567402728911617
        ]
      }
    },
    {
      "type": "Feature",
      "properties": {
        "extinto": "SANTIAGO BONALDI",
        "nacimiento": "1904-08-15 00:00:00",
        "defuncion": "1975-10-28 00:00:00"
      },
      "geometry": {
        "type": "Point",
        "coordinates": [
          -63.516276637433776,
          -31.567413526192595
        ]
      }
    },
    {
      "type": "Feature",
      "properties": {
        "extinto": "TERESA CARRARA DE BONALDI",
        "nacimiento": "1905-03-31 00:00:00",
        "defuncion": "1993-03-26 00:00:00"
      },
      "geometry": {
        "type": "Point",
        "coordinates": [
          -63.516276637433776,
          -31.567413526192595
        ]
      }
    },
    {
      "type": "Feature",
      "properties": {
        "extinto": "FARRONI ADELINA SANTA",
        "nacimiento": "1911-08-07 00:00:00",
        "defuncion": "1986-04-02 00:00:00"
      },
      "geometry": {
        "type": "Point",
        "coordinates": [
          -63.516281973575275,
          -31.56742432347332
        ]
      }
    },
    {
      "type": "Feature",
      "properties": {
        "extinto": "GAZZONI JOSE",
        "nacimiento": "1908-07-15 00:00:00",
        "defuncion": "1976-03-10 00:00:00"
      },
      "geometry": {
        "type": "Point",
        "coordinates": [
          -63.516281973575275,
          -31.56742432347332
        ]
      }
    },
    {
      "type": "Feature",
      "properties": {
        "extinto": "GAZZONI HECTOR RUBEN",
        "nacimiento": "1953-04-29 00:00:00",
        "defuncion": "2015-08-02 00:00:00"
      },
      "geometry": {
        "type": "Point",
        "coordinates": [
          -63.516281973575275,
          -31.56742432347332
        ]
      }
    },
    {
      "type": "Feature",
      "properties": {
        "extinto": "DOMINGO SANTIAGO FRASSA",
        "nacimiento": "1947-11-25 00:00:00",
        "defuncion": "2011-08-29 00:00:00"
      },
      "geometry": {
        "type": "Point",
        "coordinates": [
          -63.516287309718024,
          -31.567435120753778
        ]
      }
    },
    {
      "type": "Feature",
      "properties": {
        "extinto": "VALIENTE ANDRES",
        "nacimiento": "1900-08-01 00:00:00",
        "defuncion": "1945-09-20 00:00:00"
      },
      "geometry": {
        "type": "Point",
        "coordinates": [
          -63.51629264586202,
          -31.56744591803399
        ]
      }
    },
    {
      "type": "Feature",
      "properties": {
        "extinto": "MARCHISONE ISABEL",
        "nacimiento": "1900-08-01 00:00:00",
        "defuncion": "1959-09-29 00:00:00"
      },
      "geometry": {
        "type": "Point",
        "coordinates": [
          -63.51629264586202,
          -31.56744591803399
        ]
      }
    },
    {
      "type": "Feature",
      "properties": {
        "extinto": "VALIENTE JUAN BAUTISTA",
        "nacimiento": "1900-08-01 00:00:00",
        "defuncion": "1961-10-28 00:00:00"
      },
      "geometry": {
        "type": "Point",
        "coordinates": [
          -63.51629264586202,
          -31.56744591803399
        ]
      }
    },
    {
      "type": "Feature",
      "properties": {
        "extinto": "MULLER MARIA DEL CARMEN",
        "nacimiento": "1900-08-01 00:00:00",
        "defuncion": "1988-03-03 00:00:00"
      },
      "geometry": {
        "type": "Point",
        "coordinates": [
          -63.51629264586202,
          -31.56744591803399
        ]
      }
    },
    {
      "type": "Feature",
      "properties": {
        "extinto": "VALIENTE ANTONIO",
        "nacimiento": "1900-08-01 00:00:00",
        "defuncion": "1967-12-22 00:00:00"
      },
      "geometry": {
        "type": "Point",
        "coordinates": [
          -63.51629264586202,
          -31.56744591803399
        ]
      }
    },
    {
      "type": "Feature",
      "properties": {
        "extinto": "VALIENTE VICTORIO",
        "nacimiento": "1900-08-01 00:00:00",
        "defuncion": "1961-10-28 00:00:00"
      },
      "geometry": {
        "type": "Point",
        "coordinates": [
          -63.51629264586202,
          -31.56744591803399
        ]
      }
    },
    {
      "type": "Feature",
      "properties": {
        "extinto": "MODESTO FRASSA",
        "nacimiento": "1925-03-26 00:00:00",
        "defuncion": "1975-05-05 00:00:00"
      },
      "geometry": {
        "type": "Point",
        "coordinates": [
          -63.516303318153746,
          -31.567467512593648
        ]
      }
    },
    {
      "type": "Feature",
      "properties": {
        "extinto": "MARIA MARGARITA SASIA",
        "nacimiento": "1925-09-02 00:00:00",
        "defuncion": "2018-03-11 00:00:00"
      },
      "geometry": {
        "type": "Point",
        "coordinates": [
          -63.516303318153746,
          -31.567467512593648
        ]
      }
    },
    {
      "type": "Feature",
      "properties": {
        "extinto": "CORSETTI ALBERTO PASCUAL",
        "nacimiento": "1941-09-04 00:00:00",
        "defuncion": "2005-04-04 00:00:00"
      },
      "geometry": {
        "type": "Point",
        "coordinates": [
          -63.51630865430147,
          -31.567478309873103
        ]
      }
    },
    {
      "type": "Feature",
      "properties": {
        "extinto": "TABORDA MARIA ANGELICA",
        "nacimiento": "1942-07-28 00:00:00",
        "defuncion": "2015-09-24 00:00:00"
      },
      "geometry": {
        "type": "Point",
        "coordinates": [
          -63.51630865430147,
          -31.567478309873103
        ]
      }
    },
    {
      "type": "Feature",
      "properties": {
        "extinto": "MOYANO DONACIANO N",
        "nacimiento": "1936-10-13 00:00:00",
        "defuncion": "2000-09-10 00:00:00"
      },
      "geometry": {
        "type": "Point",
        "coordinates": [
          -63.51629216486009,
          -31.567509744861656
        ]
      }
    },
    {
      "type": "Feature",
      "properties": {
        "extinto": "MOYANO MARIA LIDIA",
        "nacimiento": "1932-09-10 00:00:00",
        "defuncion": "2008-10-10 00:00:00"
      },
      "geometry": {
        "type": "Point",
        "coordinates": [
          -63.51629216486009,
          -31.567509744861656
        ]
      }
    },
    {
      "type": "Feature",
      "properties": {
        "extinto": "BERTETTO ADOLFO LUIS",
        "nacimiento": "1937-09-30 00:00:00",
        "defuncion": "2004-04-10 00:00:00"
      },
      "geometry": {
        "type": "Point",
        "coordinates": [
          -63.516286828712424,
          -31.567498947581573
        ]
      }
    },
    {
      "type": "Feature",
      "properties": {
        "extinto": "AUDICIO JUAN BAUTISTA",
        "nacimiento": "1912-12-12 00:00:00",
        "defuncion": "1990-05-27 00:00:00"
      },
      "geometry": {
        "type": "Point",
        "coordinates": [
          -63.51629361270018,
          -31.567394645705093
        ]
      }
    },
    {
      "type": "Feature",
      "properties": {
        "extinto": "BENJAMINA RAMONA SERRADEL",
        "nacimiento": "1923-04-02 00:00:00",
        "defuncion": "2009-02-09 00:00:00"
      },
      "geometry": {
        "type": "Point",
        "coordinates": [
          -63.51629361270018,
          -31.567394645705093
        ]
      }
    },
    {
      "type": "Feature",
      "properties": {
        "extinto": "OMAR ALBERTO FRASSA",
        "nacimiento": "1951-01-09 00:00:00",
        "defuncion": "2006-01-20 00:00:00"
      },
      "geometry": {
        "type": "Point",
        "coordinates": [
          -63.51629894884253,
          -31.567405442985127
        ]
      }
    },
    {
      "type": "Feature",
      "properties": {
        "extinto": "MARIA CRISTINA BARRIONUEVO",
        "nacimiento": "1954-09-09 00:00:00",
        "defuncion": "2021-11-28 00:00:00"
      },
      "geometry": {
        "type": "Point",
        "coordinates": [
          -63.51629894884253,
          -31.567405442985127
        ]
      }
    },
    {
      "type": "Feature",
      "properties": {
        "extinto": "AGUIRRE JUAN ANTONIO",
        "nacimiento": "1930-06-13 00:00:00",
        "defuncion": "2003-02-16 00:00:00"
      },
      "geometry": {
        "type": "Point",
        "coordinates": [
          -63.51630428498612,
          -31.567416240264915
        ]
      }
    },
    {
      "type": "Feature",
      "properties": {
        "extinto": "AGUIRRE-RE IGNACIO",
        "nacimiento": "1996-11-12 00:00:00",
        "defuncion": "2006-04-07 00:00:00"
      },
      "geometry": {
        "type": "Point",
        "coordinates": [
          -63.51630428498612,
          -31.567416240264915
        ]
      }
    },
    {
      "type": "Feature",
      "properties": {
        "extinto": "AUDISIO JUAN ALBERTO",
        "nacimiento": "1946-06-22 00:00:00",
        "defuncion": "2004-07-10 00:00:00"
      },
      "geometry": {
        "type": "Point",
        "coordinates": [
          -63.51630962113095,
          -31.56742703754443
        ]
      }
    },
    {
      "type": "Feature",
      "properties": {
        "extinto": "TELMO TORAZZA",
        "nacimiento": "1935-04-25 00:00:00",
        "defuncion": "2008-09-28 00:00:00"
      },
      "geometry": {
        "type": "Point",
        "coordinates": [
          -63.51631495727704,
          -31.567437834823718
        ]
      }
    },
    {
      "type": "Feature",
      "properties": {
        "extinto": "CELESTINA  ANGELA  CERONI",
        "nacimiento": "1937-10-02 00:00:00",
        "defuncion": "2023-09-16 00:00:00"
      },
      "geometry": {
        "type": "Point",
        "coordinates": [
          -63.51631495727704,
          -31.567437834823718
        ]
      }
    },
    {
      "type": "Feature",
      "properties": {
        "extinto": "ELVIRA CORSETTI",
        "nacimiento": "1915-10-21 00:00:00",
        "defuncion": "2003-07-01 00:00:00"
      },
      "geometry": {
        "type": "Point",
        "coordinates": [
          -63.51632029342435,
          -31.567448632102742
        ]
      }
    },
    {
      "type": "Feature",
      "properties": {
        "extinto": "RIGAZIO VICTORIO MARIA",
        "nacimiento": "1946-05-27 00:00:00",
        "defuncion": "1959-09-10 00:00:00"
      },
      "geometry": {
        "type": "Point",
        "coordinates": [
          -63.51632029342435,
          -31.567448632102742
        ]
      }
    },
    {
      "type": "Feature",
      "properties": {
        "extinto": "MEDINA VIRGINIA",
        "nacimiento": "1919-02-18 00:00:00",
        "defuncion": "2006-09-14 00:00:00"
      },
      "geometry": {
        "type": "Point",
        "coordinates": [
          -63.51633096572275,
          -31.567470226660003
        ]
      }
    },
    {
      "type": "Feature",
      "properties": {
        "extinto": "LUDUEÑA ALEJANDRO",
        "nacimiento": "1900-01-01 00:00:00",
        "defuncion": "1987-05-20 00:00:00"
      },
      "geometry": {
        "type": "Point",
        "coordinates": [
          -63.51633096572275,
          -31.567470226660003
        ]
      }
    },
    {
      "type": "Feature",
      "properties": {
        "extinto": "LUDUEÑA JULIO ALEJANDRO",
        "nacimiento": "1945-01-01 00:00:00",
        "defuncion": "1996-06-05 00:00:00"
      },
      "geometry": {
        "type": "Point",
        "coordinates": [
          -63.51633096572275,
          -31.567470226660003
        ]
      }
    },
    {
      "type": "Feature",
      "properties": {
        "extinto": "GAITE ERNESTO ABEL",
        "nacimiento": "1940-09-11 00:00:00",
        "defuncion": "1970-06-29 00:00:00"
      },
      "geometry": {
        "type": "Point",
        "coordinates": [
          -63.51611717725941,
          -31.567456701759845
        ]
      }
    },
    {
      "type": "Feature",
      "properties": {
        "extinto": "ARREGUI TERESA",
        "nacimiento": "1919-10-12 00:00:00",
        "defuncion": "1972-11-17 00:00:00"
      },
      "geometry": {
        "type": "Point",
        "coordinates": [
          -63.51611717725941,
          -31.567456701759845
        ]
      }
    },
    {
      "type": "Feature",
      "properties": {
        "extinto": "GAITE FLORIANA",
        "nacimiento": "2003-04-22 00:00:00",
        "defuncion": "2003-04-22 00:00:00"
      },
      "geometry": {
        "type": "Point",
        "coordinates": [
          -63.51611717725941,
          -31.567456701759845
        ]
      }
    },
    {
      "type": "Feature",
      "properties": {
        "extinto": "GAITE ERNESTO ABEL",
        "nacimiento": "1907-07-08 00:00:00",
        "defuncion": "2003-10-29 00:00:00"
      },
      "geometry": {
        "type": "Point",
        "coordinates": [
          -63.51611717725941,
          -31.567456701759845
        ]
      }
    },
    {
      "type": "Feature",
      "properties": {
        "extinto": "MOCHI MIGUEL ANGEL",
        "nacimiento": "1957-10-08 00:00:00",
        "defuncion": "2014-03-18 00:00:00"
      },
      "geometry": {
        "type": "Point",
        "coordinates": [
          -63.51612331964303,
          -31.567467180173534
        ]
      }
    },
    {
      "type": "Feature",
      "properties": {
        "extinto": "AMBROSIO RIOS",
        "nacimiento": "1930-12-07 00:00:00",
        "defuncion": "2000-09-10 00:00:00"
      },
      "geometry": {
        "type": "Point",
        "coordinates": [
          -63.51612946202802,
          -31.567477658586885
        ]
      }
    },
    {
      "type": "Feature",
      "properties": {
        "extinto": "ROLANDO ELVA MAGDALENA",
        "nacimiento": "1928-09-20 00:00:00",
        "defuncion": "2014-08-15 00:00:00"
      },
      "geometry": {
        "type": "Point",
        "coordinates": [
          -63.51612946202802,
          -31.567477658586885
        ]
      }
    },
    {
      "type": "Feature",
      "properties": {
        "extinto": "ALGARRA JUAN",
        "nacimiento": "1930-10-10 00:00:00",
        "defuncion": "1960-01-01 00:00:00"
      },
      "geometry": {
        "type": "Point",
        "coordinates": [
          -63.51615403158187,
          -31.567519572237064
        ]
      }
    },
    {
      "type": "Feature",
      "properties": {
        "extinto": "PRESOTTI SANTOS",
        "nacimiento": "1920-10-10 00:00:00",
        "defuncion": "2005-05-10 00:00:00"
      },
      "geometry": {
        "type": "Point",
        "coordinates": [
          -63.51615403158187,
          -31.567519572237064
        ]
      }
    },
    {
      "type": "Feature",
      "properties": {
        "extinto": "PRESOTTI MARIA ANGELA",
        "nacimiento": "1915-10-10 00:00:00",
        "defuncion": "2005-05-10 00:00:00"
      },
      "geometry": {
        "type": "Point",
        "coordinates": [
          -63.51615403158187,
          -31.567519572237064
        ]
      }
    },
    {
      "type": "Feature",
      "properties": {
        "extinto": "PRESOTTI ANA",
        "nacimiento": "1900-10-10 00:00:00",
        "defuncion": "1960-01-01 00:00:00"
      },
      "geometry": {
        "type": "Point",
        "coordinates": [
          -63.51615403158187,
          -31.567519572237064
        ]
      }
    },
    {
      "type": "Feature",
      "properties": {
        "extinto": "ANZUINELLI AVELINO",
        "nacimiento": "2007-09-06 00:00:00",
        "defuncion": "2007-09-06 00:00:00"
      },
      "geometry": {
        "type": "Point",
        "coordinates": [
          -63.51616631636714,
          -31.56754052906018
        ]
      }
    },
    {
      "type": "Feature",
      "properties": {
        "extinto": "ANZUINELLI JORGE OSVALDO",
        "nacimiento": "2007-09-06 00:00:00",
        "defuncion": "2007-09-06 00:00:00"
      },
      "geometry": {
        "type": "Point",
        "coordinates": [
          -63.51616631636714,
          -31.56754052906018
        ]
      }
    },
    {
      "type": "Feature",
      "properties": {
        "extinto": "CUELLO OLGA ROSA",
        "nacimiento": "2007-09-06 00:00:00",
        "defuncion": "2007-09-06 00:00:00"
      },
      "geometry": {
        "type": "Point",
        "coordinates": [
          -63.51616631636714,
          -31.56754052906018
        ]
      }
    },
    {
      "type": "Feature",
      "properties": {
        "extinto": "CAMPANA ROXANA",
        "nacimiento": "2007-09-06 00:00:00",
        "defuncion": "2007-09-06 00:00:00"
      },
      "geometry": {
        "type": "Point",
        "coordinates": [
          -63.51616631636714,
          -31.56754052906018
        ]
      }
    },
    {
      "type": "Feature",
      "properties": {
        "extinto": "ILDA AYDEE FORMENTELLI",
        "nacimiento": "1936-10-05 00:00:00",
        "defuncion": "2009-04-28 00:00:00"
      },
      "geometry": {
        "type": "Point",
        "coordinates": [
          -63.51617245876183,
          -31.567551007471263
        ]
      }
    },
    {
      "type": "Feature",
      "properties": {
        "extinto": "FORMENTELLI MARIA INES",
        "nacimiento": "1926-08-08 00:00:00",
        "defuncion": "2010-03-08 00:00:00"
      },
      "geometry": {
        "type": "Point",
        "coordinates": [
          -63.51617860115791,
          -31.567561485881996
        ]
      }
    },
    {
      "type": "Feature",
      "properties": {
        "extinto": "MARCELA ALMADA",
        "nacimiento": "1994-12-14 00:00:00",
        "defuncion": "1994-12-14 00:00:00"
      },
      "geometry": {
        "type": "Point",
        "coordinates": [
          -63.51617860115791,
          -31.567561485881996
        ]
      }
    },
    {
      "type": "Feature",
      "properties": {
        "extinto": "INES ALMADA",
        "nacimiento": "1999-12-29 00:00:00",
        "defuncion": "1999-12-29 00:00:00"
      },
      "geometry": {
        "type": "Point",
        "coordinates": [
          -63.51617860115791,
          -31.567561485881996
        ]
      }
    },
    {
      "type": "Feature",
      "properties": {
        "extinto": "RAMON ANGEL ALMADA",
        "nacimiento": "1929-11-20 00:00:00",
        "defuncion": "2010-07-26 00:00:00"
      },
      "geometry": {
        "type": "Point",
        "coordinates": [
          -63.51617860115791,
          -31.567561485881996
        ]
      }
    },
    {
      "type": "Feature",
      "properties": {
        "extinto": "CEBALLOS GLADYS",
        "nacimiento": "1947-12-11 00:00:00",
        "defuncion": "1994-02-05 00:00:00"
      },
      "geometry": {
        "type": "Point",
        "coordinates": [
          -63.51619088595426,
          -31.56758244270252
        ]
      }
    },
    {
      "type": "Feature",
      "properties": {
        "extinto": "JUAN CARLOS CAMUSSO",
        "nacimiento": "1941-12-20 00:00:00",
        "defuncion": "2007-11-26 00:00:00"
      },
      "geometry": {
        "type": "Point",
        "coordinates": [
          -63.51619088595426,
          -31.56758244270252
        ]
      }
    },
    {
      "type": "Feature",
      "properties": {
        "extinto": "CAMUSSO JAVIER GUSTAVO",
        "nacimiento": "1971-08-23 00:00:00",
        "defuncion": "2008-03-20 00:00:00"
      },
      "geometry": {
        "type": "Point",
        "coordinates": [
          -63.51619088595426,
          -31.56758244270252
        ]
      }
    },
    {
      "type": "Feature",
      "properties": {
        "extinto": "ADRIANA DEL VALLE SACILOTTO",
        "nacimiento": "1962-10-20 00:00:00",
        "defuncion": "2015-03-05 00:00:00"
      },
      "geometry": {
        "type": "Point",
        "coordinates": [
          -63.516197028354505,
          -31.56759292111228
        ]
      }
    },
    {
      "type": "Feature",
      "properties": {
        "extinto": "PASTORE ESTHER C",
        "nacimiento": "1924-04-10 00:00:00",
        "defuncion": "2001-11-04 00:00:00"
      },
      "geometry": {
        "type": "Point",
        "coordinates": [
          -63.516203170756135,
          -31.56760339952171
        ]
      }
    },
    {
      "type": "Feature",
      "properties": {
        "extinto": "CEBALLOS ABEL",
        "nacimiento": "1920-08-11 00:00:00",
        "defuncion": "2013-02-10 00:00:00"
      },
      "geometry": {
        "type": "Point",
        "coordinates": [
          -63.516203170756135,
          -31.56760339952171
        ]
      }
    },
    {
      "type": "Feature",
      "properties": {
        "extinto": "RAFAELA AGUSTINA CORSETTI",
        "nacimiento": "1940-06-27 00:00:00",
        "defuncion": "2021-09-04 00:00:00"
      },
      "geometry": {
        "type": "Point",
        "coordinates": [
          -63.51620931315916,
          -31.56761387793081
        ]
      }
    },
    {
      "type": "Feature",
      "properties": {
        "extinto": "HUMBERTO ELEAZAR TABORDA",
        "nacimiento": "1933-02-02 00:00:00",
        "defuncion": "2005-07-09 00:00:00"
      },
      "geometry": {
        "type": "Point",
        "coordinates": [
          -63.51620931315916,
          -31.56761387793081
        ]
      }
    },
    {
      "type": "Feature",
      "properties": {
        "extinto": "QUINTEROS MIGUEL ANTONIO",
        "nacimiento": "1945-04-10 00:00:00",
        "defuncion": "2007-01-03 00:00:00"
      },
      "geometry": {
        "type": "Point",
        "coordinates": [
          -63.51622159796938,
          -31.56763483474804
        ]
      }
    },
    {
      "type": "Feature",
      "properties": {
        "extinto": "MARIA ISABEL LUDUEÑA",
        "nacimiento": "1952-12-12 00:00:00",
        "defuncion": "2022-04-29 00:00:00"
      },
      "geometry": {
        "type": "Point",
        "coordinates": [
          -63.51622159796938,
          -31.56763483474804
        ]
      }
    },
    {
      "type": "Feature",
      "properties": {
        "extinto": "ZABALA FROYLAN",
        "nacimiento": "1932-03-10 00:00:00",
        "defuncion": "2012-06-03 00:00:00"
      },
      "geometry": {
        "type": "Point",
        "coordinates": [
          -63.516233861568686,
          -31.567655805845337
        ]
      }
    },
    {
      "type": "Feature",
      "properties": {
        "extinto": "ROCA ANTONIA DEL VALLE",
        "nacimiento": "1918-03-17 00:00:00",
        "defuncion": "1976-07-16 00:00:00"
      },
      "geometry": {
        "type": "Point",
        "coordinates": [
          -63.51613882977398,
          -31.567447397258494
        ]
      }
    },
    {
      "type": "Feature",
      "properties": {
        "extinto": "LOZA MARIA ELSA",
        "nacimiento": "1952-05-26 00:00:00",
        "defuncion": "2001-04-09 00:00:00"
      },
      "geometry": {
        "type": "Point",
        "coordinates": [
          -63.51613882977398,
          -31.567447397258494
        ]
      }
    },
    {
      "type": "Feature",
      "properties": {
        "extinto": "GUILLERMINA LUISA LOZA",
        "nacimiento": "1950-12-18 00:00:00",
        "defuncion": "2006-05-26 00:00:00"
      },
      "geometry": {
        "type": "Point",
        "coordinates": [
          -63.51613882977398,
          -31.567447397258494
        ]
      }
    },
    {
      "type": "Feature",
      "properties": {
        "extinto": "LOZA JOSE LUIS",
        "nacimiento": "1954-08-25 00:00:00",
        "defuncion": "2013-01-24 00:00:00"
      },
      "geometry": {
        "type": "Point",
        "coordinates": [
          -63.51613882977398,
          -31.567447397258494
        ]
      }
    },
    {
      "type": "Feature",
      "properties": {
        "extinto": "GARCIA ALGARRA  VALENTIN",
        "nacimiento": "2011-05-31 00:00:00",
        "defuncion": "2011-12-18 00:00:00"
      },
      "geometry": {
        "type": "Point",
        "coordinates": [
          -63.51614497215938,
          -31.567457875671142
        ]
      }
    },
    {
      "type": "Feature",
      "properties": {
        "extinto": "VALIENTE ALFREDO",
        "nacimiento": "2003-05-15 00:00:00",
        "defuncion": "2003-05-15 00:00:00"
      },
      "geometry": {
        "type": "Point",
        "coordinates": [
          -63.51616339932388,
          -31.567489310907096
        ]
      }
    },
    {
      "type": "Feature",
      "properties": {
        "extinto": "VALIENTE JOSE MARIA",
        "nacimiento": "1978-01-09 00:00:00",
        "defuncion": "2015-05-13 00:00:00"
      },
      "geometry": {
        "type": "Point",
        "coordinates": [
          -63.516169541714824,
          -31.567499789318422
        ]
      }
    },
    {
      "type": "Feature",
      "properties": {
        "extinto": "RUBIOLO CELSO PEDRO",
        "nacimiento": "1936-02-26 00:00:00",
        "defuncion": "2006-05-07 00:00:00"
      },
      "geometry": {
        "type": "Point",
        "coordinates": [
          -63.51617568410715,
          -31.567510267729435
        ]
      }
    },
    {
      "type": "Feature",
      "properties": {
        "extinto": "VALIENTE IRES BLANCA",
        "nacimiento": "1935-04-06 00:00:00",
        "defuncion": "1989-08-28 00:00:00"
      },
      "geometry": {
        "type": "Point",
        "coordinates": [
          -63.51617568410715,
          -31.567510267729435
        ]
      }
    },
    {
      "type": "Feature",
      "properties": {
        "extinto": "UTRERA RAMON EDUARDO",
        "nacimiento": "1947-10-13 00:00:00",
        "defuncion": "2006-07-29 00:00:00"
      },
      "geometry": {
        "type": "Point",
        "coordinates": [
          -63.51618182650086,
          -31.56752074614012
        ]
      }
    },
    {
      "type": "Feature",
      "properties": {
        "extinto": "DONDO ANA MARIA",
        "nacimiento": "1979-07-20 00:00:00",
        "defuncion": "2006-08-08 00:00:00"
      },
      "geometry": {
        "type": "Point",
        "coordinates": [
          -63.51619411129242,
          -31.567541702960497
        ]
      }
    },
    {
      "type": "Feature",
      "properties": {
        "extinto": "JUAN CARLOS ARMANINI",
        "nacimiento": "1948-03-23 00:00:00",
        "defuncion": "2020-10-13 00:00:00"
      },
      "geometry": {
        "type": "Point",
        "coordinates": [
          -63.51620639608957,
          -31.567562659779576
        ]
      }
    },
    {
      "type": "Feature",
      "properties": {
        "extinto": "ROMEO ARMANINI",
        "nacimiento": "2014-09-18 00:00:00",
        "defuncion": "2014-09-18 00:00:00"
      },
      "geometry": {
        "type": "Point",
        "coordinates": [
          -63.51621253849021,
          -31.56757313818862
        ]
      }
    },
    {
      "type": "Feature",
      "properties": {
        "extinto": "ELISA ARMANINI",
        "nacimiento": "2014-09-18 00:00:00",
        "defuncion": "2014-09-18 00:00:00"
      },
      "geometry": {
        "type": "Point",
        "coordinates": [
          -63.51621253849021,
          -31.56757313818862
        ]
      }
    },
    {
      "type": "Feature",
      "properties": {
        "extinto": "GOMEZ MARIA ANTONIA",
        "nacimiento": "1922-09-30 00:00:00",
        "defuncion": "2014-09-15 00:00:00"
      },
      "geometry": {
        "type": "Point",
        "coordinates": [
          -63.51621253849021,
          -31.56757313818862
        ]
      }
    },
    {
      "type": "Feature",
      "properties": {
        "extinto": "ALBINA ROSA TEJEDA",
        "nacimiento": "1936-06-14 00:00:00",
        "defuncion": "2017-06-11 00:00:00"
      },
      "geometry": {
        "type": "Point",
        "coordinates": [
          -63.516218680892244,
          -31.56758361659734
        ]
      }
    },
    {
      "type": "Feature",
      "properties": {
        "extinto": "RAMON NESTOR ARGUELLO",
        "nacimiento": "1933-02-11 00:00:00",
        "defuncion": "2013-04-13 00:00:00"
      },
      "geometry": {
        "type": "Point",
        "coordinates": [
          -63.516218680892244,
          -31.56758361659734
        ]
      }
    },
    {
      "type": "Feature",
      "properties": {
        "extinto": "VIRGIÑO ALBERTO CACIORGNA",
        "nacimiento": "1948-04-15 00:00:00",
        "defuncion": "2021-04-07 00:00:00"
      },
      "geometry": {
        "type": "Point",
        "coordinates": [
          -63.51623710810666,
          -31.567615051821534
        ]
      }
    },
    {
      "type": "Feature",
      "properties": {
        "extinto": "MARIA GABRIELA ARENILLAS",
        "nacimiento": "1965-05-03 00:00:00",
        "defuncion": "2021-06-10 00:00:00"
      },
      "geometry": {
        "type": "Point",
        "coordinates": [
          -63.51624937166344,
          -31.567636022915565
        ]
      }
    },
    {
      "type": "Feature",
      "properties": {
        "extinto": "NELSON LUIS VIGNOLO",
        "nacimiento": "1962-05-25 00:00:00",
        "defuncion": "2020-10-02 00:00:00"
      },
      "geometry": {
        "type": "Point",
        "coordinates": [
          -63.51625553533355,
          -31.567646487042783
        ]
      }
    },
    {
      "type": "Feature",
      "properties": {
        "extinto": "ALGARRA FRANCISCO SANTOS",
        "nacimiento": "1924-07-03 00:00:00",
        "defuncion": "2000-06-28 00:00:00"
      },
      "geometry": {
        "type": "Point",
        "coordinates": [
          -63.5161651893511,
          -31.56743607003454
        ]
      }
    },
    {
      "type": "Feature",
      "properties": {
        "extinto": "NORMA IBI CATTANEO",
        "nacimiento": "1931-02-05 00:00:00",
        "defuncion": "2022-01-17 00:00:00"
      },
      "geometry": {
        "type": "Point",
        "coordinates": [
          -63.5161651893511,
          -31.56743607003454
        ]
      }
    },
    {
      "type": "Feature",
      "properties": {
        "extinto": "ANA  MARIA  ALGARRA",
        "nacimiento": "1954-02-12 00:00:00",
        "defuncion": "2024-06-21 00:00:00"
      },
      "geometry": {
        "type": "Point",
        "coordinates": [
          -63.5161651893511,
          -31.56743607003454
        ]
      }
    },
    {
      "type": "Feature",
      "properties": {
        "extinto": "MARTINEZ JOSE TEOFILO",
        "nacimiento": "1933-11-03 00:00:00",
        "defuncion": "1990-02-04 00:00:00"
      },
      "geometry": {
        "type": "Point",
        "coordinates": [
          -63.51617133173866,
          -31.56744654844593
        ]
      }
    },
    {
      "type": "Feature",
      "properties": {
        "extinto": "MARTINEZ TERESITA DE JESUS",
        "nacimiento": "1961-07-24 00:00:00",
        "defuncion": "1961-07-28 00:00:00"
      },
      "geometry": {
        "type": "Point",
        "coordinates": [
          -63.51617133173866,
          -31.56744654844593
        ]
      }
    },
    {
      "type": "Feature",
      "properties": {
        "extinto": "MARIANI ELDA ANGELICA",
        "nacimiento": "1934-07-29 00:00:00",
        "defuncion": "2017-01-22 00:00:00"
      },
      "geometry": {
        "type": "Point",
        "coordinates": [
          -63.51617133173866,
          -31.56744654844593
        ]
      }
    },
    {
      "type": "Feature",
      "properties": {
        "extinto": "SUAREZ SANTINA",
        "nacimiento": "1935-08-12 00:00:00",
        "defuncion": "2003-03-23 00:00:00"
      },
      "geometry": {
        "type": "Point",
        "coordinates": [
          -63.51618361651793,
          -31.56746750526767
        ]
      }
    },
    {
      "type": "Feature",
      "properties": {
        "extinto": "RAMON HUGO RODRIGUEZ",
        "nacimiento": "1931-10-24 00:00:00",
        "defuncion": "2010-07-22 00:00:00"
      },
      "geometry": {
        "type": "Point",
        "coordinates": [
          -63.51618361651793,
          -31.56746750526767
        ]
      }
    },
    {
      "type": "Feature",
      "properties": {
        "extinto": "DECCICO ANGEL ANTONIO",
        "nacimiento": "1935-07-09 00:00:00",
        "defuncion": "2002-07-07 00:00:00"
      },
      "geometry": {
        "type": "Point",
        "coordinates": [
          -63.51619590130277,
          -31.567488462088125
        ]
      }
    },
    {
      "type": "Feature",
      "properties": {
        "extinto": "ARIAS BLANCA ELENA",
        "nacimiento": "1928-10-06 00:00:00",
        "defuncion": "2011-07-17 00:00:00"
      },
      "geometry": {
        "type": "Point",
        "coordinates": [
          -63.51620204369726,
          -31.56749894049787
        ]
      }
    },
    {
      "type": "Feature",
      "properties": {
        "extinto": "DARIOZZI MARIANO",
        "nacimiento": "1907-07-08 00:00:00",
        "defuncion": "1998-10-28 00:00:00"
      },
      "geometry": {
        "type": "Point",
        "coordinates": [
          -63.51620818609314,
          -31.567509418907285
        ]
      }
    },
    {
      "type": "Feature",
      "properties": {
        "extinto": "FANANI MARIA MARGARITA",
        "nacimiento": "1911-10-26 00:00:00",
        "defuncion": "2002-06-27 00:00:00"
      },
      "geometry": {
        "type": "Point",
        "coordinates": [
          -63.51620818609314,
          -31.567509418907285
        ]
      }
    },
    {
      "type": "Feature",
      "properties": {
        "extinto": "CATALANO VALENTIN LIBERATO",
        "nacimiento": "1937-05-15 00:00:00",
        "defuncion": "2015-07-17 00:00:00"
      },
      "geometry": {
        "type": "Point",
        "coordinates": [
          -63.51620818609314,
          -31.567509418907285
        ]
      }
    },
    {
      "type": "Feature",
      "properties": {
        "extinto": "BERRONE MARIA MARGARITA",
        "nacimiento": "1910-09-24 00:00:00",
        "defuncion": "1991-09-11 00:00:00"
      },
      "geometry": {
        "type": "Point",
        "coordinates": [
          -63.5162143284904,
          -31.567519897316362
        ]
      }
    },
    {
      "type": "Feature",
      "properties": {
        "extinto": "GONZALEZ JUAN HECTOR",
        "nacimiento": "1936-02-08 00:00:00",
        "defuncion": "1990-04-27 00:00:00"
      },
      "geometry": {
        "type": "Point",
        "coordinates": [
          -63.5162143284904,
          -31.567519897316362
        ]
      }
    },
    {
      "type": "Feature",
      "properties": {
        "extinto": "BASSI LUCIA",
        "nacimiento": "2012-02-29 00:00:00",
        "defuncion": "2012-02-29 00:00:00"
      },
      "geometry": {
        "type": "Point",
        "coordinates": [
          -63.5162143284904,
          -31.567519897316362
        ]
      }
    },
    {
      "type": "Feature",
      "properties": {
        "extinto": "GONZALEZ RAUL BONIFACIO",
        "nacimiento": "1959-04-03 00:00:00",
        "defuncion": "2004-06-29 00:00:00"
      },
      "geometry": {
        "type": "Point",
        "coordinates": [
          -63.51622047088905,
          -31.567530375725124
        ]
      }
    },
    {
      "type": "Feature",
      "properties": {
        "extinto": "RIVIERE JULIO",
        "nacimiento": "1925-12-10 00:00:00",
        "defuncion": "2003-09-16 00:00:00"
      },
      "geometry": {
        "type": "Point",
        "coordinates": [
          -63.516226613289085,
          -31.567540854133554
        ]
      }
    },
    {
      "type": "Feature",
      "properties": {
        "extinto": "JULIO E RIVIÈRE",
        "nacimiento": "1944-02-04 00:00:00",
        "defuncion": "1944-02-04 00:00:00"
      },
      "geometry": {
        "type": "Point",
        "coordinates": [
          -63.516226613289085,
          -31.567540854133554
        ]
      }
    },
    {
      "type": "Feature",
      "properties": {
        "extinto": "FLORENTINA VDA. DE RIVIÈRE",
        "nacimiento": "1968-06-09 00:00:00",
        "defuncion": "1968-06-09 00:00:00"
      },
      "geometry": {
        "type": "Point",
        "coordinates": [
          -63.516226613289085,
          -31.567540854133554
        ]
      }
    },
    {
      "type": "Feature",
      "properties": {
        "extinto": "MARIA MAGDALENA SOSA",
        "nacimiento": "1931-08-06 00:00:00",
        "defuncion": "2019-09-05 00:00:00"
      },
      "geometry": {
        "type": "Point",
        "coordinates": [
          -63.516226613289085,
          -31.567540854133554
        ]
      }
    },
    {
      "type": "Feature",
      "properties": {
        "extinto": "ETHEHUALDO CASORRAN",
        "nacimiento": "1933-08-26 00:00:00",
        "defuncion": "2015-06-28 00:00:00"
      },
      "geometry": {
        "type": "Point",
        "coordinates": [
          -63.51623889809332,
          -31.567561810949407
        ]
      }
    },
    {
      "type": "Feature",
      "properties": {
        "extinto": "MANGIERI MARIA DEL CARMEN",
        "nacimiento": "1955-07-31 00:00:00",
        "defuncion": "2016-07-13 00:00:00"
      },
      "geometry": {
        "type": "Point",
        "coordinates": [
          -63.51624504049754,
          -31.567572289356853
        ]
      }
    },
    {
      "type": "Feature",
      "properties": {
        "extinto": "GIACOSSA NATALIO CELSO",
        "nacimiento": "1939-07-09 00:00:00",
        "defuncion": "2016-08-07 00:00:00"
      },
      "geometry": {
        "type": "Point",
        "coordinates": [
          -63.51625118290312,
          -31.567582767763962
        ]
      }
    },
    {
      "type": "Feature",
      "properties": {
        "extinto": "BUFFA VICENTE BARTOLO",
        "nacimiento": "1942-07-28 00:00:00",
        "defuncion": "2016-12-21 00:00:00"
      },
      "geometry": {
        "type": "Point",
        "coordinates": [
          -63.51626346771845,
          -31.567603724577232
        ]
      }
    },
    {
      "type": "Feature",
      "properties": {
        "extinto": "MAIDANA SEGUNDO RAMON",
        "nacimiento": "1941-10-02 00:00:00",
        "defuncion": "2013-12-11 00:00:00"
      },
      "geometry": {
        "type": "Point",
        "coordinates": [
          -63.51627575253933,
          -31.567624681389198
        ]
      }
    },
    {
      "type": "Feature",
      "properties": {
        "extinto": "GUEVARA MARIA TERESA",
        "nacimiento": "1947-05-13 00:00:00",
        "defuncion": "2015-09-28 00:00:00"
      },
      "geometry": {
        "type": "Point",
        "coordinates": [
          -63.51627575253933,
          -31.567624681389198
        ]
      }
    },
    {
      "type": "Feature",
      "properties": {
        "extinto": "GONZALEZ SHEIRLEY TIZIANA",
        "nacimiento": "2002-07-21 00:00:00",
        "defuncion": "2002-10-17 00:00:00"
      },
      "geometry": {
        "type": "Point",
        "coordinates": [
          -63.51628189495184,
          -31.567635159794683
        ]
      }
    },
    {
      "type": "Feature",
      "properties": {
        "extinto": "GAITE FELIZ RAMON",
        "nacimiento": "1919-07-21 00:00:00",
        "defuncion": "2007-08-29 00:00:00"
      },
      "geometry": {
        "type": "Point",
        "coordinates": [
          -63.51618684185603,
          -31.567426765525134
        ]
      }
    },
    {
      "type": "Feature",
      "properties": {
        "extinto": "VACA RAMONA MAGDALENA",
        "nacimiento": "1932-04-25 00:00:00",
        "defuncion": "2013-04-18 00:00:00"
      },
      "geometry": {
        "type": "Point",
        "coordinates": [
          -63.51618684185603,
          -31.567426765525134
        ]
      }
    },
    {
      "type": "Feature",
      "properties": {
        "extinto": "GUEVARA ROBERTO",
        "nacimiento": "1917-06-07 00:00:00",
        "defuncion": "1995-08-09 00:00:00"
      },
      "geometry": {
        "type": "Point",
        "coordinates": [
          -63.51618684185603,
          -31.567426765525134
        ]
      }
    },
    {
      "type": "Feature",
      "properties": {
        "extinto": "MARIANI ATILIO SEGUNDO",
        "nacimiento": "1905-08-27 00:00:00",
        "defuncion": "1981-07-05 00:00:00"
      },
      "geometry": {
        "type": "Point",
        "coordinates": [
          -63.51619298424537,
          -31.567437243935466
        ]
      }
    },
    {
      "type": "Feature",
      "properties": {
        "extinto": "GUMERSINDA RUIZ DE MARIANI",
        "nacimiento": "1910-10-28 00:00:00",
        "defuncion": "2007-01-02 00:00:00"
      },
      "geometry": {
        "type": "Point",
        "coordinates": [
          -63.51619298424537,
          -31.567437243935466
        ]
      }
    },
    {
      "type": "Feature",
      "properties": {
        "extinto": "AUDISIO HILDA AIDE",
        "nacimiento": "1922-05-28 00:00:00",
        "defuncion": "2005-05-29 00:00:00"
      },
      "geometry": {
        "type": "Point",
        "coordinates": [
          -63.5161991266361,
          -31.56744772234545
        ]
      }
    },
    {
      "type": "Feature",
      "properties": {
        "extinto": "MERLO CARLOS ROBERTO",
        "nacimiento": "1918-08-04 00:00:00",
        "defuncion": "2007-03-12 00:00:00"
      },
      "geometry": {
        "type": "Point",
        "coordinates": [
          -63.5161991266361,
          -31.56744772234545
        ]
      }
    },
    {
      "type": "Feature",
      "properties": {
        "extinto": "MANTESE PEDRO",
        "nacimiento": "1883-08-01 00:00:00",
        "defuncion": "1957-08-21 00:00:00"
      },
      "geometry": {
        "type": "Point",
        "coordinates": [
          -63.51620526902821,
          -31.567458200755127
        ]
      }
    },
    {
      "type": "Feature",
      "properties": {
        "extinto": "MANTESE PEDRO (HIJO)",
        "nacimiento": "1913-04-02 00:00:00",
        "defuncion": "1960-11-18 00:00:00"
      },
      "geometry": {
        "type": "Point",
        "coordinates": [
          -63.51620526902821,
          -31.567458200755127
        ]
      }
    },
    {
      "type": "Feature",
      "properties": {
        "extinto": "MARIA OLIVA DE MANTESE",
        "nacimiento": "1900-08-18 00:00:00",
        "defuncion": "1968-01-22 00:00:00"
      },
      "geometry": {
        "type": "Point",
        "coordinates": [
          -63.51620526902821,
          -31.567458200755127
        ]
      }
    },
    {
      "type": "Feature",
      "properties": {
        "extinto": "BELTRAMO ANDRES DOMINGO",
        "nacimiento": "1929-08-26 00:00:00",
        "defuncion": "1992-06-18 00:00:00"
      },
      "geometry": {
        "type": "Point",
        "coordinates": [
          -63.51620526902821,
          -31.567458200755127
        ]
      }
    },
    {
      "type": "Feature",
      "properties": {
        "extinto": "FRANCISCO ANDRES BELTRAMO",
        "nacimiento": "1928-06-20 00:00:00",
        "defuncion": "2009-07-26 00:00:00"
      },
      "geometry": {
        "type": "Point",
        "coordinates": [
          -63.516211411421715,
          -31.567468679164474
        ]
      }
    },
    {
      "type": "Feature",
      "properties": {
        "extinto": "ERNESTO JAVIER GARCIA",
        "nacimiento": "1939-11-15 00:00:00",
        "defuncion": "2021-10-22 00:00:00"
      },
      "geometry": {
        "type": "Point",
        "coordinates": [
          -63.516211411421715,
          -31.567468679164474
        ]
      }
    },
    {
      "type": "Feature",
      "properties": {
        "extinto": "WALTER GERMAN FERREYRA",
        "nacimiento": "1968-03-05 00:00:00",
        "defuncion": "2020-01-20 00:00:00"
      },
      "geometry": {
        "type": "Point",
        "coordinates": [
          -63.51621755381661,
          -31.5674791575735
        ]
      }
    },
    {
      "type": "Feature",
      "properties": {
        "extinto": "RAMON AMADO FERREYRA",
        "nacimiento": "1939-05-04 00:00:00",
        "defuncion": "2022-06-29 00:00:00"
      },
      "geometry": {
        "type": "Point",
        "coordinates": [
          -63.51621755381661,
          -31.5674791575735
        ]
      }
    },
    {
      "type": "Feature",
      "properties": {
        "extinto": "GIACOSSA NORBERTO CARLOS",
        "nacimiento": "1900-12-12 00:00:00",
        "defuncion": "1900-12-12 00:00:00"
      },
      "geometry": {
        "type": "Point",
        "coordinates": [
          -63.51622369621288,
          -31.567489635982188
        ]
      }
    },
    {
      "type": "Feature",
      "properties": {
        "extinto": "GIACOSSA DOMINGO",
        "nacimiento": "1900-11-11 00:00:00",
        "defuncion": "1900-11-11 00:00:00"
      },
      "geometry": {
        "type": "Point",
        "coordinates": [
          -63.51622369621288,
          -31.567489635982188
        ]
      }
    },
    {
      "type": "Feature",
      "properties": {
        "extinto": "FANTONE MARGARITA",
        "nacimiento": "1916-03-01 00:00:00",
        "defuncion": "2006-07-06 00:00:00"
      },
      "geometry": {
        "type": "Point",
        "coordinates": [
          -63.51622369621288,
          -31.567489635982188
        ]
      }
    },
    {
      "type": "Feature",
      "properties": {
        "extinto": "AIMAR HUGO JUAN",
        "nacimiento": "1936-12-04 00:00:00",
        "defuncion": "2009-08-26 00:00:00"
      },
      "geometry": {
        "type": "Point",
        "coordinates": [
          -63.516229838610556,
          -31.567500114390544
        ]
      }
    },
    {
      "type": "Feature",
      "properties": {
        "extinto": "RIOS NIZ ARNALDO",
        "nacimiento": "1900-05-31 00:00:00",
        "defuncion": "1980-02-26 00:00:00"
      },
      "geometry": {
        "type": "Point",
        "coordinates": [
          -63.516229838610556,
          -31.567500114390544
        ]
      }
    },
    {
      "type": "Feature",
      "properties": {
        "extinto": "PLEITAVINO RENE ANSELMO",
        "nacimiento": "1942-07-05 00:00:00",
        "defuncion": "2010-05-24 00:00:00"
      },
      "geometry": {
        "type": "Point",
        "coordinates": [
          -63.51624212341003,
          -31.567521071206304
        ]
      }
    },
    {
      "type": "Feature",
      "properties": {
        "extinto": "LUDUEÑAMARIA ROSA",
        "nacimiento": "1923-06-15 00:00:00",
        "defuncion": "2006-12-16 00:00:00"
      },
      "geometry": {
        "type": "Point",
        "coordinates": [
          -63.51624826581185,
          -31.567531549613694
        ]
      }
    },
    {
      "type": "Feature",
      "properties": {
        "extinto": "PAVON CARDELIO",
        "nacimiento": "1940-10-10 00:00:00",
        "defuncion": "1992-04-10 00:00:00"
      },
      "geometry": {
        "type": "Point",
        "coordinates": [
          -63.51624826581185,
          -31.567531549613694
        ]
      }
    },
    {
      "type": "Feature",
      "properties": {
        "extinto": "CEJAS RAMONA DEL ROSARIO",
        "nacimiento": "2006-12-19 00:00:00",
        "defuncion": "2006-12-19 00:00:00"
      },
      "geometry": {
        "type": "Point",
        "coordinates": [
          -63.51624826581185,
          -31.567531549613694
        ]
      }
    },
    {
      "type": "Feature",
      "properties": {
        "extinto": "ROBLEDO DE FUNES DIONISIA",
        "nacimiento": "2006-12-19 00:00:00",
        "defuncion": "2006-12-19 00:00:00"
      },
      "geometry": {
        "type": "Point",
        "coordinates": [
          -63.51624826581185,
          -31.567531549613694
        ]
      }
    },
    {
      "type": "Feature",
      "properties": {
        "extinto": "PAVON MARTA",
        "nacimiento": "2006-12-19 00:00:00",
        "defuncion": "2006-12-19 00:00:00"
      },
      "geometry": {
        "type": "Point",
        "coordinates": [
          -63.51624826581185,
          -31.567531549613694
        ]
      }
    },
    {
      "type": "Feature",
      "properties": {
        "extinto": "PAVON CARLITOS",
        "nacimiento": "2006-12-19 00:00:00",
        "defuncion": "2006-12-19 00:00:00"
      },
      "geometry": {
        "type": "Point",
        "coordinates": [
          -63.51624826581185,
          -31.567531549613694
        ]
      }
    },
    {
      "type": "Feature",
      "properties": {
        "extinto": "PAVON FAUSTO ROSARIO",
        "nacimiento": "1940-09-06 00:00:00",
        "defuncion": "1986-02-03 00:00:00"
      },
      "geometry": {
        "type": "Point",
        "coordinates": [
          -63.51625440821507,
          -31.56754202802073
        ]
      }
    },
    {
      "type": "Feature",
      "properties": {
        "extinto": "GUGLIELMONE ALBERTO JUAN",
        "nacimiento": "1948-08-14 00:00:00",
        "defuncion": "2007-01-03 00:00:00"
      },
      "geometry": {
        "type": "Point",
        "coordinates": [
          -63.51626055061965,
          -31.56755250642746
        ]
      }
    },
    {
      "type": "Feature",
      "properties": {
        "extinto": "ALVAREZ JOSE VALENTIN",
        "nacimiento": "1912-10-29 00:00:00",
        "defuncion": "1994-12-31 00:00:00"
      },
      "geometry": {
        "type": "Point",
        "coordinates": [
          -63.516266693025635,
          -31.56756298483386
        ]
      }
    },
    {
      "type": "Feature",
      "properties": {
        "extinto": "PALACIOS JUSTA FLORINDA",
        "nacimiento": "1920-02-29 00:00:00",
        "defuncion": "2011-06-02 00:00:00"
      },
      "geometry": {
        "type": "Point",
        "coordinates": [
          -63.516266693025635,
          -31.56756298483386
        ]
      }
    },
    {
      "type": "Feature",
      "properties": {
        "extinto": "PALACIOS JOSEFINA TRINIDAD",
        "nacimiento": "2011-06-08 00:00:00",
        "defuncion": "2011-06-08 00:00:00"
      },
      "geometry": {
        "type": "Point",
        "coordinates": [
          -63.516266693025635,
          -31.56756298483386
        ]
      }
    },
    {
      "type": "Feature",
      "properties": {
        "extinto": "PALACIOS RAMON",
        "nacimiento": "2011-06-08 00:00:00",
        "defuncion": "2011-06-08 00:00:00"
      },
      "geometry": {
        "type": "Point",
        "coordinates": [
          -63.516266693025635,
          -31.56756298483386
        ]
      }
    },
    {
      "type": "Feature",
      "properties": {
        "extinto": "CASAS JOSEFA MARGARITA",
        "nacimiento": "2011-06-08 00:00:00",
        "defuncion": "2011-06-08 00:00:00"
      },
      "geometry": {
        "type": "Point",
        "coordinates": [
          -63.516266693025635,
          -31.56756298483386
        ]
      }
    },
    {
      "type": "Feature",
      "properties": {
        "extinto": "MONTENEGRO ESTANISLAO",
        "nacimiento": "1933-09-08 00:00:00",
        "defuncion": "2015-03-05 00:00:00"
      },
      "geometry": {
        "type": "Point",
        "coordinates": [
          -63.516272835433,
          -31.56757346323993
        ]
      }
    },
    {
      "type": "Feature",
      "properties": {
        "extinto": "CARLOS IVO VARAS",
        "nacimiento": "1939-03-21 00:00:00",
        "defuncion": "2009-07-18 00:00:00"
      },
      "geometry": {
        "type": "Point",
        "coordinates": [
          -63.516278977841765,
          -31.567583941645687
        ]
      }
    },
    {
      "type": "Feature",
      "properties": {
        "extinto": "BUSTAMANTE UBAL LUCINDO",
        "nacimiento": "2012-11-12 00:00:00",
        "defuncion": "2012-11-12 00:00:00"
      },
      "geometry": {
        "type": "Point",
        "coordinates": [
          -63.516278977841765,
          -31.567583941645687
        ]
      }
    },
    {
      "type": "Feature",
      "properties": {
        "extinto": "RODRIGUEZ GRACIELA AIDA",
        "nacimiento": "1964-05-13 00:00:00",
        "defuncion": "2015-05-04 00:00:00"
      },
      "geometry": {
        "type": "Point",
        "coordinates": [
          -63.51628512025191,
          -31.56759442005111
        ]
      }
    },
    {
      "type": "Feature",
      "properties": {
        "extinto": "ANTONIO CAVALLERA",
        "nacimiento": "2015-05-14 00:00:00",
        "defuncion": "2015-05-14 00:00:00"
      },
      "geometry": {
        "type": "Point",
        "coordinates": [
          -63.516291262663415,
          -31.567604898456217
        ]
      }
    },
    {
      "type": "Feature",
      "properties": {
        "extinto": "MARGARITA ABRATTE",
        "nacimiento": "2015-05-14 00:00:00",
        "defuncion": "2015-05-14 00:00:00"
      },
      "geometry": {
        "type": "Point",
        "coordinates": [
          -63.516291262663415,
          -31.567604898456217
        ]
      }
    },
    {
      "type": "Feature",
      "properties": {
        "extinto": "ELENA CAVALLERA",
        "nacimiento": "2015-05-14 00:00:00",
        "defuncion": "2015-05-14 00:00:00"
      },
      "geometry": {
        "type": "Point",
        "coordinates": [
          -63.516291262663415,
          -31.567604898456217
        ]
      }
    },
    {
      "type": "Feature",
      "properties": {
        "extinto": "ELIDA CAVALLERA",
        "nacimiento": "2015-05-14 00:00:00",
        "defuncion": "2015-05-14 00:00:00"
      },
      "geometry": {
        "type": "Point",
        "coordinates": [
          -63.516291262663415,
          -31.567604898456217
        ]
      }
    },
    {
      "type": "Feature",
      "properties": {
        "extinto": "ATILIO CAVALLERA",
        "nacimiento": "2015-05-14 00:00:00",
        "defuncion": "2015-05-14 00:00:00"
      },
      "geometry": {
        "type": "Point",
        "coordinates": [
          -63.516291262663415,
          -31.567604898456217
        ]
      }
    },
    {
      "type": "Feature",
      "properties": {
        "extinto": "NESTOR CAVALLERA",
        "nacimiento": "2015-05-14 00:00:00",
        "defuncion": "2015-05-14 00:00:00"
      },
      "geometry": {
        "type": "Point",
        "coordinates": [
          -63.516291262663415,
          -31.567604898456217
        ]
      }
    },
    {
      "type": "Feature",
      "properties": {
        "extinto": "FUENTES EVELIO ITALO",
        "nacimiento": "1942-07-04 00:00:00",
        "defuncion": "2012-10-29 00:00:00"
      },
      "geometry": {
        "type": "Point",
        "coordinates": [
          -63.51629740507634,
          -31.567615376860974
        ]
      }
    },
    {
      "type": "Feature",
      "properties": {
        "extinto": "GÜIZZO TOMAS",
        "nacimiento": "1929-01-10 00:00:00",
        "defuncion": "2001-07-07 00:00:00"
      },
      "geometry": {
        "type": "Point",
        "coordinates": [
          -63.51607058241856,
          -31.5674779772958
        ]
      }
    },
    {
      "type": "Feature",
      "properties": {
        "extinto": "PEDANO VIRGINIA ANGELICA",
        "nacimiento": "1984-03-20 00:00:00",
        "defuncion": "2009-12-29 00:00:00"
      },
      "geometry": {
        "type": "Point",
        "coordinates": [
          -63.51607678152104,
          -31.567488431195745
        ]
      }
    },
    {
      "type": "Feature",
      "properties": {
        "extinto": "JESUS  ESTEBAN  PEDANO",
        "nacimiento": "1939-12-31 00:00:00",
        "defuncion": "2023-03-17 00:00:00"
      },
      "geometry": {
        "type": "Point",
        "coordinates": [
          -63.51607678152104,
          -31.567488431195745
        ]
      }
    },
    {
      "type": "Feature",
      "properties": {
        "extinto": "CEJAS ALFREDO",
        "nacimiento": "1932-07-02 00:00:00",
        "defuncion": "2004-07-05 00:00:00"
      },
      "geometry": {
        "type": "Point",
        "coordinates": [
          -63.516082980624894,
          -31.56749888509537
        ]
      }
    },
    {
      "type": "Feature",
      "properties": {
        "extinto": "NOELIA SOLEDAD FERREYRA",
        "nacimiento": "1987-05-14 00:00:00",
        "defuncion": "2007-02-11 00:00:00"
      },
      "geometry": {
        "type": "Point",
        "coordinates": [
          -63.516089179730166,
          -31.56750933899465
        ]
      }
    },
    {
      "type": "Feature",
      "properties": {
        "extinto": "PERALTA VICTOR HUGO",
        "nacimiento": "1945-06-24 00:00:00",
        "defuncion": "2009-05-05 00:00:00"
      },
      "geometry": {
        "type": "Point",
        "coordinates": [
          -63.51610157794487,
          -31.567530246792227
        ]
      }
    },
    {
      "type": "Feature",
      "properties": {
        "extinto": "PABLO ALBERTO CARNIEL",
        "nacimiento": "1954-07-07 00:00:00",
        "defuncion": "2022-05-28 00:00:00"
      },
      "geometry": {
        "type": "Point",
        "coordinates": [
          -63.51610777705432,
          -31.567540700690518
        ]
      }
    },
    {
      "type": "Feature",
      "properties": {
        "extinto": "RAMELLO ELENA DE",
        "nacimiento": "1921-09-16 00:00:00",
        "defuncion": "2001-01-23 00:00:00"
      },
      "geometry": {
        "type": "Point",
        "coordinates": [
          -63.516113976165165,
          -31.56755115458848
        ]
      }
    },
    {
      "type": "Feature",
      "properties": {
        "extinto": "SORQUETTI MAFALDA R. DE",
        "nacimiento": "1923-12-01 00:00:00",
        "defuncion": "2008-07-04 00:00:00"
      },
      "geometry": {
        "type": "Point",
        "coordinates": [
          -63.51612017527741,
          -31.567561608486095
        ]
      }
    },
    {
      "type": "Feature",
      "properties": {
        "extinto": "SORQUETTI MIGUEL",
        "nacimiento": "1918-06-05 00:00:00",
        "defuncion": "1974-07-23 00:00:00"
      },
      "geometry": {
        "type": "Point",
        "coordinates": [
          -63.51612017527741,
          -31.567561608486095
        ]
      }
    },
    {
      "type": "Feature",
      "properties": {
        "extinto": "FERNANDEZ MIGUEL ALBERTO",
        "nacimiento": "1946-11-15 00:00:00",
        "defuncion": "2016-08-19 00:00:00"
      },
      "geometry": {
        "type": "Point",
        "coordinates": [
          -63.51612637439106,
          -31.567572062383384
        ]
      }
    },
    {
      "type": "Feature",
      "properties": {
        "extinto": "SARMIENTO ISABEL ESTANISLADA",
        "nacimiento": "1935-03-06 00:00:00",
        "defuncion": "2016-08-10 00:00:00"
      },
      "geometry": {
        "type": "Point",
        "coordinates": [
          -63.51613257350608,
          -31.56758251628035
        ]
      }
    },
    {
      "type": "Feature",
      "properties": {
        "extinto": "CARABANTE JERONIMO",
        "nacimiento": "2011-12-05 00:00:00",
        "defuncion": "2017-11-28 00:00:00"
      },
      "geometry": {
        "type": "Point",
        "coordinates": [
          -63.516138772622504,
          -31.567592970176975
        ]
      }
    },
    {
      "type": "Feature",
      "properties": {
        "extinto": "LEGUIZAMON RAGIEL JACINTO",
        "nacimiento": "1922-09-16 00:00:00",
        "defuncion": "2002-11-17 00:00:00"
      },
      "geometry": {
        "type": "Point",
        "coordinates": [
          -63.51615117085955,
          -31.56761387796923
        ]
      }
    },
    {
      "type": "Feature",
      "properties": {
        "extinto": "LEGUIZAMON MARTHA ISABEL",
        "nacimiento": "1929-10-27 00:00:00",
        "defuncion": "2005-10-20 00:00:00"
      },
      "geometry": {
        "type": "Point",
        "coordinates": [
          -63.51615117085955,
          -31.56761387796923
        ]
      }
    },
    {
      "type": "Feature",
      "properties": {
        "extinto": "LEGUISAMON  ESTER",
        "nacimiento": "1925-07-09 00:00:00",
        "defuncion": "2006-10-17 00:00:00"
      },
      "geometry": {
        "type": "Point",
        "coordinates": [
          -63.51615117085955,
          -31.56761387796923
        ]
      }
    },
    {
      "type": "Feature",
      "properties": {
        "extinto": "NN IGNACIO CARRANZA-ASTRADA",
        "nacimiento": "2022-11-26 00:00:00",
        "defuncion": "2022-11-26 00:00:00"
      },
      "geometry": {
        "type": "Point",
        "coordinates": [
          -63.516157369980185,
          -31.567624331864863
        ]
      }
    },
    {
      "type": "Feature",
      "properties": {
        "extinto": "OSCAR  ANTONIO  CARANDINO",
        "nacimiento": "1958-10-24 00:00:00",
        "defuncion": "2024-06-24 00:00:00"
      },
      "geometry": {
        "type": "Point",
        "coordinates": [
          -63.5161697682256,
          -31.567645239655103
        ]
      }
    },
    {
      "type": "Feature",
      "properties": {
        "extinto": "AYALA JUAN GABRIEL",
        "nacimiento": "2001-07-16 00:00:00",
        "defuncion": "2002-11-22 00:00:00"
      },
      "geometry": {
        "type": "Point",
        "coordinates": [
          -63.51617596735041,
          -31.56765569354974
        ]
      }
    },
    {
      "type": "Feature",
      "properties": {
        "extinto": "RAUL HECTOR ROSAS",
        "nacimiento": "1936-10-08 00:00:00",
        "defuncion": "2020-09-01 00:00:00"
      },
      "geometry": {
        "type": "Point",
        "coordinates": [
          -63.51617596735041,
          -31.56765569354974
        ]
      }
    },
    {
      "type": "Feature",
      "properties": {
        "extinto": "SERRANO PEDRO",
        "nacimiento": "1926-01-01 00:00:00",
        "defuncion": "2006-12-11 00:00:00"
      },
      "geometry": {
        "type": "Point",
        "coordinates": [
          -63.516092184283096,
          -31.56746858687874
        ]
      }
    },
    {
      "type": "Feature",
      "properties": {
        "extinto": "MARIA AGUSTINA ZARZENON",
        "nacimiento": "1918-08-15 00:00:00",
        "defuncion": "2008-10-25 00:00:00"
      },
      "geometry": {
        "type": "Point",
        "coordinates": [
          -63.516092184283096,
          -31.56746858687874
        ]
      }
    },
    {
      "type": "Feature",
      "properties": {
        "extinto": "JUANA ELENA TEJEDA",
        "nacimiento": "2009-02-03 00:00:00",
        "defuncion": "2009-02-03 00:00:00"
      },
      "geometry": {
        "type": "Point",
        "coordinates": [
          -63.516098383387316,
          -31.567479040777638
        ]
      }
    },
    {
      "type": "Feature",
      "properties": {
        "extinto": "GAITE EMILIA FATIMA",
        "nacimiento": "1951-12-27 00:00:00",
        "defuncion": "2014-12-16 00:00:00"
      },
      "geometry": {
        "type": "Point",
        "coordinates": [
          -63.516098383387316,
          -31.567479040777638
        ]
      }
    },
    {
      "type": "Feature",
      "properties": {
        "extinto": "ALBACHIARO JUAN",
        "nacimiento": "1932-06-25 00:00:00",
        "defuncion": "1992-09-21 00:00:00"
      },
      "geometry": {
        "type": "Point",
        "coordinates": [
          -63.51611698070841,
          -31.567510402472323
        ]
      }
    },
    {
      "type": "Feature",
      "properties": {
        "extinto": "MEIRONE ROSA MARIA",
        "nacimiento": "1909-01-07 00:00:00",
        "defuncion": "1991-03-21 00:00:00"
      },
      "geometry": {
        "type": "Point",
        "coordinates": [
          -63.51611698070841,
          -31.567510402472323
        ]
      }
    },
    {
      "type": "Feature",
      "properties": {
        "extinto": "GIRAUDO CARLOS JORGE",
        "nacimiento": "1901-09-20 00:00:00",
        "defuncion": "1954-12-26 00:00:00"
      },
      "geometry": {
        "type": "Point",
        "coordinates": [
          -63.51611698070841,
          -31.567510402472323
        ]
      }
    },
    {
      "type": "Feature",
      "properties": {
        "extinto": "GIRAUDO ELSA JUANA",
        "nacimiento": "1938-09-19 00:00:00",
        "defuncion": "2015-08-03 00:00:00"
      },
      "geometry": {
        "type": "Point",
        "coordinates": [
          -63.51611698070841,
          -31.567510402472323
        ]
      }
    },
    {
      "type": "Feature",
      "properties": {
        "extinto": "ALBACHIARO JULIO CESAR",
        "nacimiento": "1970-04-21 00:00:00",
        "defuncion": "2013-09-03 00:00:00"
      },
      "geometry": {
        "type": "Point",
        "coordinates": [
          -63.516123179818194,
          -31.567520856369896
        ]
      }
    },
    {
      "type": "Feature",
      "properties": {
        "extinto": "TEJEDA CRESENCIO DIEGO",
        "nacimiento": "2012-10-05 00:00:00",
        "defuncion": "2012-10-05 00:00:00"
      },
      "geometry": {
        "type": "Point",
        "coordinates": [
          -63.51612937892942,
          -31.56753131026714
        ]
      }
    },
    {
      "type": "Feature",
      "properties": {
        "extinto": "CORZO JOSEFA",
        "nacimiento": "2012-10-05 00:00:00",
        "defuncion": "2012-10-05 00:00:00"
      },
      "geometry": {
        "type": "Point",
        "coordinates": [
          -63.51612937892942,
          -31.56753131026714
        ]
      }
    },
    {
      "type": "Feature",
      "properties": {
        "extinto": "AMAYA JOSE RAMON",
        "nacimiento": "2012-10-05 00:00:00",
        "defuncion": "2012-10-05 00:00:00"
      },
      "geometry": {
        "type": "Point",
        "coordinates": [
          -63.51612937892942,
          -31.56753131026714
        ]
      }
    },
    {
      "type": "Feature",
      "properties": {
        "extinto": "BAZAN HECTOR RAMON",
        "nacimiento": "1944-04-17 00:00:00",
        "defuncion": "2015-08-26 00:00:00"
      },
      "geometry": {
        "type": "Point",
        "coordinates": [
          -63.51612937892942,
          -31.56753131026714
        ]
      }
    },
    {
      "type": "Feature",
      "properties": {
        "extinto": "LERDA GABRIEL",
        "nacimiento": "1987-06-18 00:00:00",
        "defuncion": "1987-06-18 00:00:00"
      },
      "geometry": {
        "type": "Point",
        "coordinates": [
          -63.51613557804202,
          -31.56754176416404
        ]
      }
    },
    {
      "type": "Feature",
      "properties": {
        "extinto": "LERDA MARA EMILSE",
        "nacimiento": "1989-04-13 00:00:00",
        "defuncion": "1989-04-26 00:00:00"
      },
      "geometry": {
        "type": "Point",
        "coordinates": [
          -63.51613557804202,
          -31.56754176416404
        ]
      }
    },
    {
      "type": "Feature",
      "properties": {
        "extinto": "LERDA FLORENTINO",
        "nacimiento": "1916-05-26 00:00:00",
        "defuncion": "1994-07-23 00:00:00"
      },
      "geometry": {
        "type": "Point",
        "coordinates": [
          -63.51613557804202,
          -31.56754176416404
        ]
      }
    },
    {
      "type": "Feature",
      "properties": {
        "extinto": "LUDUEÑA SARA FELISA",
        "nacimiento": "1922-08-06 00:00:00",
        "defuncion": "1998-01-16 00:00:00"
      },
      "geometry": {
        "type": "Point",
        "coordinates": [
          -63.51613557804202,
          -31.56754176416404
        ]
      }
    },
    {
      "type": "Feature",
      "properties": {
        "extinto": "NELSO ENRIQUE SASIA",
        "nacimiento": "1934-07-30 00:00:00",
        "defuncion": "2003-08-25 00:00:00"
      },
      "geometry": {
        "type": "Point",
        "coordinates": [
          -63.516160374506406,
          -31.56758357974834
        ]
      }
    },
    {
      "type": "Feature",
      "properties": {
        "extinto": "ANITA GUMERSINDA MANDRILE",
        "nacimiento": "1939-02-17 00:00:00",
        "defuncion": "2021-07-02 00:00:00"
      },
      "geometry": {
        "type": "Point",
        "coordinates": [
          -63.516160374506406,
          -31.56758357974834
        ]
      }
    },
    {
      "type": "Feature",
      "properties": {
        "extinto": "NN CAMUSSO",
        "nacimiento": "1993-03-23 00:00:00",
        "defuncion": "1993-03-23 00:00:00"
      },
      "geometry": {
        "type": "Point",
        "coordinates": [
          -63.516166573625966,
          -31.567594033643573
        ]
      }
    },
    {
      "type": "Feature",
      "properties": {
        "extinto": "VICTOR LUIS GIODA",
        "nacimiento": "1946-07-02 00:00:00",
        "defuncion": "2022-12-29 00:00:00"
      },
      "geometry": {
        "type": "Point",
        "coordinates": [
          -63.51618517099312,
          -31.567625395327322
        ]
      }
    },
    {
      "type": "Feature",
      "properties": {
        "extinto": "PEREYRA OSCAR",
        "nacimiento": "1924-12-19 00:00:00",
        "defuncion": "2006-10-04 00:00:00"
      },
      "geometry": {
        "type": "Point",
        "coordinates": [
          -63.51601960590954,
          -31.567514508048973
        ]
      }
    },
    {
      "type": "Feature",
      "properties": {
        "extinto": "ILDA NOEMI AMIONE",
        "nacimiento": "2018-07-30 00:00:00",
        "defuncion": "2018-07-30 00:00:00"
      },
      "geometry": {
        "type": "Point",
        "coordinates": [
          -63.51601960590954,
          -31.567514508048973
        ]
      }
    },
    {
      "type": "Feature",
      "properties": {
        "extinto": "ROJAS RUBEN ADOLFO",
        "nacimiento": "2015-06-09 00:00:00",
        "defuncion": "2015-06-09 00:00:00"
      },
      "geometry": {
        "type": "Point",
        "coordinates": [
          -63.516032432540385,
          -31.567535225529024
        ]
      }
    },
    {
      "type": "Feature",
      "properties": {
        "extinto": "RODOLFO JUAN DENTI",
        "nacimiento": "1948-08-13 00:00:00",
        "defuncion": "2024-03-15 00:00:00"
      },
      "geometry": {
        "type": "Point",
        "coordinates": [
          -63.516032432540385,
          -31.567535225529024
        ]
      }
    },
    {
      "type": "Feature",
      "properties": {
        "extinto": "BRIA ROGELIO",
        "nacimiento": "1930-07-14 00:00:00",
        "defuncion": "1999-09-14 00:00:00"
      },
      "geometry": {
        "type": "Point",
        "coordinates": [
          -63.51603884585795,
          -31.56754558426853
        ]
      }
    },
    {
      "type": "Feature",
      "properties": {
        "extinto": "PONS MARIA",
        "nacimiento": "1910-08-24 00:00:00",
        "defuncion": "1989-11-01 00:00:00"
      },
      "geometry": {
        "type": "Point",
        "coordinates": [
          -63.51603884585795,
          -31.56754558426853
        ]
      }
    },
    {
      "type": "Feature",
      "properties": {
        "extinto": "NOEMI  CAROLE  CATTANEO",
        "nacimiento": "1935-02-03 00:00:00",
        "defuncion": "2024-06-17 00:00:00"
      },
      "geometry": {
        "type": "Point",
        "coordinates": [
          -63.51603884585795,
          -31.56754558426853
        ]
      }
    },
    {
      "type": "Feature",
      "properties": {
        "extinto": "JUNCOS BASTIAN",
        "nacimiento": "2017-01-25 00:00:00",
        "defuncion": "2017-01-27 00:00:00"
      },
      "geometry": {
        "type": "Point",
        "coordinates": [
          -63.51605167249738,
          -31.56756630174648
        ]
      }
    },
    {
      "type": "Feature",
      "properties": {
        "extinto": "JUNCOS LOGAN",
        "nacimiento": "2017-01-25 00:00:00",
        "defuncion": "2017-01-29 00:00:00"
      },
      "geometry": {
        "type": "Point",
        "coordinates": [
          -63.51605167249738,
          -31.56756630174648
        ]
      }
    },
    {
      "type": "Feature",
      "properties": {
        "extinto": "TABORDA JUANA NELIDA",
        "nacimiento": "1915-08-04 00:00:00",
        "defuncion": "2002-11-11 00:00:00"
      },
      "geometry": {
        "type": "Point",
        "coordinates": [
          -63.516058085819225,
          -31.567576660484924
        ]
      }
    },
    {
      "type": "Feature",
      "properties": {
        "extinto": "JUNCOS TOMAS AGUSTIN",
        "nacimiento": "2008-02-05 00:00:00",
        "defuncion": "2008-02-07 00:00:00"
      },
      "geometry": {
        "type": "Point",
        "coordinates": [
          -63.516058085819225,
          -31.567576660484924
        ]
      }
    },
    {
      "type": "Feature",
      "properties": {
        "extinto": "LUQUE JOSE MARTIN",
        "nacimiento": "1931-06-27 00:00:00",
        "defuncion": "2013-01-07 00:00:00"
      },
      "geometry": {
        "type": "Point",
        "coordinates": [
          -63.516058085819225,
          -31.567576660484924
        ]
      }
    },
    {
      "type": "Feature",
      "properties": {
        "extinto": "SERGIO GUSTAVO BRIA",
        "nacimiento": "1960-11-12 00:00:00",
        "defuncion": "2019-08-11 00:00:00"
      },
      "geometry": {
        "type": "Point",
        "coordinates": [
          -63.516070912467264,
          -31.567597377960748
        ]
      }
    },
    {
      "type": "Feature",
      "properties": {
        "extinto": "AMADA GENOVEVA LUDUEÑA",
        "nacimiento": "1915-12-31 00:00:00",
        "defuncion": "2007-06-21 00:00:00"
      },
      "geometry": {
        "type": "Point",
        "coordinates": [
          -63.5160773257934,
          -31.567607736698125
        ]
      }
    },
    {
      "type": "Feature",
      "properties": {
        "extinto": "BRUNO FEDERICO",
        "nacimiento": "1915-11-10 00:00:00",
        "defuncion": "1990-07-21 00:00:00"
      },
      "geometry": {
        "type": "Point",
        "coordinates": [
          -63.51609656578043,
          -31.567638812908154
        ]
      }
    },
    {
      "type": "Feature",
      "properties": {
        "extinto": "MIGLIETTA VICENTA RAFAELA",
        "nacimiento": "1916-10-24 00:00:00",
        "defuncion": "1971-06-24 00:00:00"
      },
      "geometry": {
        "type": "Point",
        "coordinates": [
          -63.51609656578043,
          -31.567638812908154
        ]
      }
    },
    {
      "type": "Feature",
      "properties": {
        "extinto": "GOMEZ VICTOR HUGO",
        "nacimiento": "1971-05-26 00:00:00",
        "defuncion": "1993-12-15 00:00:00"
      },
      "geometry": {
        "type": "Point",
        "coordinates": [
          -63.51604101114509,
          -31.567504793146547
        ]
      }
    },
    {
      "type": "Feature",
      "properties": {
        "extinto": "CRISTIAN GABRIEL TABORDA",
        "nacimiento": "1994-05-13 00:00:00",
        "defuncion": "2001-08-08 00:00:00"
      },
      "geometry": {
        "type": "Point",
        "coordinates": [
          -63.51604742446146,
          -31.567515151885676
        ]
      }
    },
    {
      "type": "Feature",
      "properties": {
        "extinto": "RIVATA MIGUEL ALDO",
        "nacimiento": "1941-04-10 00:00:00",
        "defuncion": "2011-05-21 00:00:00"
      },
      "geometry": {
        "type": "Point",
        "coordinates": [
          -63.51605383777926,
          -31.567525510624456
        ]
      }
    },
    {
      "type": "Feature",
      "properties": {
        "extinto": "GOMEZ LAURA ROSA",
        "nacimiento": "1922-10-21 00:00:00",
        "defuncion": "2003-05-09 00:00:00"
      },
      "geometry": {
        "type": "Point",
        "coordinates": [
          -63.51606025109851,
          -31.567535869362885
        ]
      }
    },
    {
      "type": "Feature",
      "properties": {
        "extinto": "FIGUEREDO ROBERTO FRANCISCO",
        "nacimiento": "1935-07-09 00:00:00",
        "defuncion": "2007-02-12 00:00:00"
      },
      "geometry": {
        "type": "Point",
        "coordinates": [
          -63.51606025109851,
          -31.567535869362885
        ]
      }
    },
    {
      "type": "Feature",
      "properties": {
        "extinto": "ALBANO JUANA ANITA",
        "nacimiento": "1917-09-19 00:00:00",
        "defuncion": "2012-11-19 00:00:00"
      },
      "geometry": {
        "type": "Point",
        "coordinates": [
          -63.51606666441918,
          -31.567546228100966
        ]
      }
    },
    {
      "type": "Feature",
      "properties": {
        "extinto": "LASTRA MOISES",
        "nacimiento": "2012-11-23 00:00:00",
        "defuncion": "2012-11-23 00:00:00"
      },
      "geometry": {
        "type": "Point",
        "coordinates": [
          -63.51606666441918,
          -31.567546228100966
        ]
      }
    },
    {
      "type": "Feature",
      "properties": {
        "extinto": "MARTINEZ MARIA ETELVINA",
        "nacimiento": "2012-11-23 00:00:00",
        "defuncion": "2012-11-23 00:00:00"
      },
      "geometry": {
        "type": "Point",
        "coordinates": [
          -63.51606666441918,
          -31.567546228100966
        ]
      }
    },
    {
      "type": "Feature",
      "properties": {
        "extinto": "HERRERA JUSTO PASTOR",
        "nacimiento": "1916-05-12 00:00:00",
        "defuncion": "2011-08-01 00:00:00"
      },
      "geometry": {
        "type": "Point",
        "coordinates": [
          -63.51607307774129,
          -31.567556586838695
        ]
      }
    },
    {
      "type": "Feature",
      "properties": {
        "extinto": "FELISA ROSA NORIEGA DE HERRERA",
        "nacimiento": "1904-07-24 00:00:00",
        "defuncion": "1992-03-09 00:00:00"
      },
      "geometry": {
        "type": "Point",
        "coordinates": [
          -63.5160794910648,
          -31.567566945576047
        ]
      }
    },
    {
      "type": "Feature",
      "properties": {
        "extinto": "ANGEL ALFONSO HERRERA",
        "nacimiento": "1978-10-27 00:00:00",
        "defuncion": "1978-10-27 00:00:00"
      },
      "geometry": {
        "type": "Point",
        "coordinates": [
          -63.5160794910648,
          -31.567566945576047
        ]
      }
    },
    {
      "type": "Feature",
      "properties": {
        "extinto": "LUIS ALFREDO HERRERA",
        "nacimiento": "1927-11-28 00:00:00",
        "defuncion": "1949-04-20 00:00:00"
      },
      "geometry": {
        "type": "Point",
        "coordinates": [
          -63.5160794910648,
          -31.567566945576047
        ]
      }
    },
    {
      "type": "Feature",
      "properties": {
        "extinto": "VIOLETA DEL VALLE HERRERA",
        "nacimiento": "1936-07-15 00:00:00",
        "defuncion": "2017-07-19 00:00:00"
      },
      "geometry": {
        "type": "Point",
        "coordinates": [
          -63.5160794910648,
          -31.567566945576047
        ]
      }
    },
    {
      "type": "Feature",
      "properties": {
        "extinto": "ROBERTO RAMON DANIELE",
        "nacimiento": "1948-09-17 00:00:00",
        "defuncion": "2022-07-05 00:00:00"
      },
      "geometry": {
        "type": "Point",
        "coordinates": [
          -63.516085904389776,
          -31.567577304313055
        ]
      }
    },
    {
      "type": "Feature",
      "properties": {
        "extinto": "ANA  TEOFILA  MARTINI",
        "nacimiento": "1944-03-15 00:00:00",
        "defuncion": "2024-05-27 00:00:00"
      },
      "geometry": {
        "type": "Point",
        "coordinates": [
          -63.516105144373235,
          -31.567608380521968
        ]
      }
    },
    {
      "type": "Feature",
      "properties": {
        "extinto": "ALARCON JULIO ROBERTO",
        "nacimiento": "1926-01-09 00:00:00",
        "defuncion": "2001-02-17 00:00:00"
      },
      "geometry": {
        "type": "Point",
        "coordinates": [
          -63.515948388787834,
          -31.567546624927857
        ]
      }
    },
    {
      "type": "Feature",
      "properties": {
        "extinto": "ALARCON ISIDRO",
        "nacimiento": "2013-06-27 00:00:00",
        "defuncion": "2013-06-27 00:00:00"
      },
      "geometry": {
        "type": "Point",
        "coordinates": [
          -63.515948388787834,
          -31.567546624927857
        ]
      }
    },
    {
      "type": "Feature",
      "properties": {
        "extinto": "PEREZ MARIA JOSEFA",
        "nacimiento": "2013-06-27 00:00:00",
        "defuncion": "2013-06-27 00:00:00"
      },
      "geometry": {
        "type": "Point",
        "coordinates": [
          -63.515948388787834,
          -31.567546624927857
        ]
      }
    },
    {
      "type": "Feature",
      "properties": {
        "extinto": "BRANDAN JUAN ANGEL",
        "nacimiento": "2006-10-12 00:00:00",
        "defuncion": "2006-10-12 00:00:00"
      },
      "geometry": {
        "type": "Point",
        "coordinates": [
          -63.51595473634613,
          -31.567557013317625
        ]
      }
    },
    {
      "type": "Feature",
      "properties": {
        "extinto": "ROLANDO FRANCISCO V.",
        "nacimiento": "1927-08-01 00:00:00",
        "defuncion": "2010-08-08 00:00:00"
      },
      "geometry": {
        "type": "Point",
        "coordinates": [
          -63.515961083905815,
          -31.56756740170706
        ]
      }
    },
    {
      "type": "Feature",
      "properties": {
        "extinto": "ISABEL JOSEFA CALCATERRA",
        "nacimiento": "1931-10-02 00:00:00",
        "defuncion": "2019-02-11 00:00:00"
      },
      "geometry": {
        "type": "Point",
        "coordinates": [
          -63.515961083905815,
          -31.56756740170706
        ]
      }
    },
    {
      "type": "Feature",
      "properties": {
        "extinto": "SOLA STELLA MARIS",
        "nacimiento": "1957-05-08 00:00:00",
        "defuncion": "2005-08-17 00:00:00"
      },
      "geometry": {
        "type": "Point",
        "coordinates": [
          -63.51596743146696,
          -31.567577790096145
        ]
      }
    },
    {
      "type": "Feature",
      "properties": {
        "extinto": "TAPIA RAMON SECUNDINO",
        "nacimiento": "1922-07-05 00:00:00",
        "defuncion": "1995-03-17 00:00:00"
      },
      "geometry": {
        "type": "Point",
        "coordinates": [
          -63.51598647415889,
          -31.567608955261313
        ]
      }
    },
    {
      "type": "Feature",
      "properties": {
        "extinto": "JUNCOS CANDIDA ROSA",
        "nacimiento": "1929-01-26 00:00:00",
        "defuncion": "2000-01-25 00:00:00"
      },
      "geometry": {
        "type": "Point",
        "coordinates": [
          -63.51598647415889,
          -31.567608955261313
        ]
      }
    },
    {
      "type": "Feature",
      "properties": {
        "extinto": "TAPIA TERESA SUSANA",
        "nacimiento": "1994-02-03 00:00:00",
        "defuncion": "2000-09-27 00:00:00"
      },
      "geometry": {
        "type": "Point",
        "coordinates": [
          -63.51598647415889,
          -31.567608955261313
        ]
      }
    },
    {
      "type": "Feature",
      "properties": {
        "extinto": "GUIZZO MARIA ESTHER",
        "nacimiento": "1930-10-31 00:00:00",
        "defuncion": "2007-08-15 00:00:00"
      },
      "geometry": {
        "type": "Point",
        "coordinates": [
          -63.51599916929394,
          -31.567629732036362
        ]
      }
    },
    {
      "type": "Feature",
      "properties": {
        "extinto": "ALEJANDRA ABACA",
        "nacimiento": "1904-09-09 00:00:00",
        "defuncion": "1964-06-17 00:00:00"
      },
      "geometry": {
        "type": "Point",
        "coordinates": [
          -63.51600551686358,
          -31.567640120423352
        ]
      }
    },
    {
      "type": "Feature",
      "properties": {
        "extinto": "VICENTE ALBACHIARO",
        "nacimiento": "1908-01-04 00:00:00",
        "defuncion": "1981-04-25 00:00:00"
      },
      "geometry": {
        "type": "Point",
        "coordinates": [
          -63.51600551686358,
          -31.567640120423352
        ]
      }
    },
    {
      "type": "Feature",
      "properties": {
        "extinto": "SOSA DAMIAN",
        "nacimiento": "1929-08-04 00:00:00",
        "defuncion": "2013-09-27 00:00:00"
      },
      "geometry": {
        "type": "Point",
        "coordinates": [
          -63.51600551686358,
          -31.567640120423352
        ]
      }
    },
    {
      "type": "Feature",
      "properties": {
        "extinto": "ALBACHIARO ALBA",
        "nacimiento": "1934-01-10 00:00:00",
        "defuncion": "2015-04-11 00:00:00"
      },
      "geometry": {
        "type": "Point",
        "coordinates": [
          -63.51600551686358,
          -31.567640120423352
        ]
      }
    },
    {
      "type": "Feature",
      "properties": {
        "extinto": "JAIME MIGUEL CERDA",
        "nacimiento": "1926-12-12 00:00:00",
        "defuncion": "2006-08-24 00:00:00"
      },
      "geometry": {
        "type": "Point",
        "coordinates": [
          -63.51601186443463,
          -31.567650508810008
        ]
      }
    },
    {
      "type": "Feature",
      "properties": {
        "extinto": "DOMINGA FRONTERA DE ZALAZAR",
        "nacimiento": "1933-02-05 00:00:00",
        "defuncion": "2008-07-05 00:00:00"
      },
      "geometry": {
        "type": "Point",
        "coordinates": [
          -63.51601821200714,
          -31.567660897196316
        ]
      }
    },
    {
      "type": "Feature",
      "properties": {
        "extinto": "ZALAZAR ANASTACIO OMAR",
        "nacimiento": "1934-09-05 00:00:00",
        "defuncion": "1999-03-15 00:00:00"
      },
      "geometry": {
        "type": "Point",
        "coordinates": [
          -63.51601821200714,
          -31.567660897196316
        ]
      }
    },
    {
      "type": "Feature",
      "properties": {
        "extinto": "GERMAN MOYANO",
        "nacimiento": "1903-08-07 00:00:00",
        "defuncion": "1941-03-03 00:00:00"
      },
      "geometry": {
        "type": "Point",
        "coordinates": [
          -63.516024559581055,
          -31.567671285582282
        ]
      }
    },
    {
      "type": "Feature",
      "properties": {
        "extinto": "EINAUDI PEDRO",
        "nacimiento": "1903-02-01 00:00:00",
        "defuncion": "1995-02-05 00:00:00"
      },
      "geometry": {
        "type": "Point",
        "coordinates": [
          -63.516024559581055,
          -31.567671285582282
        ]
      }
    },
    {
      "type": "Feature",
      "properties": {
        "extinto": "HECTOR ANTONIO ISUARDI",
        "nacimiento": "1946-05-20 00:00:00",
        "defuncion": "1991-04-02 00:00:00"
      },
      "geometry": {
        "type": "Point",
        "coordinates": [
          -63.51596985529853,
          -31.56753700963672
        ]
      }
    },
    {
      "type": "Feature",
      "properties": {
        "extinto": "GALFRE ROMULO",
        "nacimiento": "1918-06-07 00:00:00",
        "defuncion": "2005-11-07 00:00:00"
      },
      "geometry": {
        "type": "Point",
        "coordinates": [
          -63.51597620285851,
          -31.567547398025425
        ]
      }
    },
    {
      "type": "Feature",
      "properties": {
        "extinto": "ANGELA VICTORIA DAGATTI",
        "nacimiento": "1926-04-06 00:00:00",
        "defuncion": "2017-06-28 00:00:00"
      },
      "geometry": {
        "type": "Point",
        "coordinates": [
          -63.51597620285851,
          -31.567547398025425
        ]
      }
    },
    {
      "type": "Feature",
      "properties": {
        "extinto": "TABORDA RAUL EDUARDO",
        "nacimiento": "1931-07-11 00:00:00",
        "defuncion": "2004-07-30 00:00:00"
      },
      "geometry": {
        "type": "Point",
        "coordinates": [
          -63.51598255041992,
          -31.567557786413783
        ]
      }
    },
    {
      "type": "Feature",
      "properties": {
        "extinto": "GREGORIA DIAZ DE RIOS",
        "nacimiento": "1912-05-09 00:00:00",
        "defuncion": "2005-10-09 00:00:00"
      },
      "geometry": {
        "type": "Point",
        "coordinates": [
          -63.515995245547025,
          -31.56757856318948
        ]
      }
    },
    {
      "type": "Feature",
      "properties": {
        "extinto": "MALIZIA AGUSTIN ANGEL",
        "nacimiento": "1998-05-19 00:00:00",
        "defuncion": "2008-06-17 00:00:00"
      },
      "geometry": {
        "type": "Point",
        "coordinates": [
          -63.51600159311269,
          -31.567588951576795
        ]
      }
    },
    {
      "type": "Feature",
      "properties": {
        "extinto": "QUAINO HUMBERTO",
        "nacimiento": "1900-03-15 00:00:00",
        "defuncion": "1971-01-09 00:00:00"
      },
      "geometry": {
        "type": "Point",
        "coordinates": [
          -63.51600794067976,
          -31.56759933996377
        ]
      }
    },
    {
      "type": "Feature",
      "properties": {
        "extinto": "BALBI MARIA FRANCISCA",
        "nacimiento": "1900-03-12 00:00:00",
        "defuncion": "1970-06-11 00:00:00"
      },
      "geometry": {
        "type": "Point",
        "coordinates": [
          -63.51600794067976,
          -31.56759933996377
        ]
      }
    },
    {
      "type": "Feature",
      "properties": {
        "extinto": "UNIA PIERINO",
        "nacimiento": "1921-01-26 00:00:00",
        "defuncion": "2014-01-03 00:00:00"
      },
      "geometry": {
        "type": "Point",
        "coordinates": [
          -63.51600794067976,
          -31.56759933996377
        ]
      }
    },
    {
      "type": "Feature",
      "properties": {
        "extinto": "QUAINO ELMA",
        "nacimiento": "1925-09-20 00:00:00",
        "defuncion": "2014-04-06 00:00:00"
      },
      "geometry": {
        "type": "Point",
        "coordinates": [
          -63.51600794067976,
          -31.56759933996377
        ]
      }
    },
    {
      "type": "Feature",
      "properties": {
        "extinto": "ESTHER CORDELIA PASETTO",
        "nacimiento": "1973-12-02 00:00:00",
        "defuncion": "2017-05-19 00:00:00"
      },
      "geometry": {
        "type": "Point",
        "coordinates": [
          -63.516014288248286,
          -31.567609728350387
        ]
      }
    },
    {
      "type": "Feature",
      "properties": {
        "extinto": "FRANCISCO OSCAR RODRIGUEZ",
        "nacimiento": "1935-02-14 00:00:00",
        "defuncion": "2022-06-08 00:00:00"
      },
      "geometry": {
        "type": "Point",
        "coordinates": [
          -63.516014288248286,
          -31.567609728350387
        ]
      }
    },
    {
      "type": "Feature",
      "properties": {
        "extinto": "QUINTEROS LUCIA ALBERTA",
        "nacimiento": "1927-09-13 00:00:00",
        "defuncion": "2006-05-06 00:00:00"
      },
      "geometry": {
        "type": "Point",
        "coordinates": [
          -63.51602063581822,
          -31.567620116736663
        ]
      }
    },
    {
      "type": "Feature",
      "properties": {
        "extinto": "MARTA GRISELDA VACA",
        "nacimiento": "1949-12-21 00:00:00",
        "defuncion": "2011-01-19 00:00:00"
      },
      "geometry": {
        "type": "Point",
        "coordinates": [
          -63.51602063581822,
          -31.567620116736663
        ]
      }
    },
    {
      "type": "Feature",
      "properties": {
        "extinto": "VACA MARTIN MARCELO",
        "nacimiento": "1974-02-26 00:00:00",
        "defuncion": "2017-01-12 00:00:00"
      },
      "geometry": {
        "type": "Point",
        "coordinates": [
          -63.51602063581822,
          -31.567620116736663
        ]
      }
    },
    {
      "type": "Feature",
      "properties": {
        "extinto": "PABLO UZIEL CUEVAS",
        "nacimiento": "1993-09-11 00:00:00",
        "defuncion": "2006-12-06 00:00:00"
      },
      "geometry": {
        "type": "Point",
        "coordinates": [
          -63.516026983389565,
          -31.567630505122608
        ]
      }
    },
    {
      "type": "Feature",
      "properties": {
        "extinto": "MONICA BEATRIZ CABRAL",
        "nacimiento": "1971-01-12 00:00:00",
        "defuncion": "2017-10-21 00:00:00"
      },
      "geometry": {
        "type": "Point",
        "coordinates": [
          -63.516026983389565,
          -31.567630505122608
        ]
      }
    },
    {
      "type": "Feature",
      "properties": {
        "extinto": "GUIZZO YOLANDA",
        "nacimiento": "1926-06-30 00:00:00",
        "defuncion": "2009-05-11 00:00:00"
      },
      "geometry": {
        "type": "Point",
        "coordinates": [
          -63.516033330962316,
          -31.567640893508184
        ]
      }
    },
    {
      "type": "Feature",
      "properties": {
        "extinto": "HECTOR JOSE NEGRO",
        "nacimiento": "1948-06-11 00:00:00",
        "defuncion": "2014-09-28 00:00:00"
      },
      "geometry": {
        "type": "Point",
        "coordinates": [
          -63.516033330962316,
          -31.567640893508184
        ]
      }
    },
    {
      "type": "Feature",
      "properties": {
        "extinto": "TERRANOVA MARIANA",
        "nacimiento": "1915-12-05 00:00:00",
        "defuncion": "2003-03-06 00:00:00"
      },
      "geometry": {
        "type": "Point",
        "coordinates": [
          -63.51603967853652,
          -31.56765128189342
        ]
      }
    },
    {
      "type": "Feature",
      "properties": {
        "extinto": "NEGRO CARLOS PEDRO",
        "nacimiento": "1926-12-07 00:00:00",
        "defuncion": "2006-04-02 00:00:00"
      },
      "geometry": {
        "type": "Point",
        "coordinates": [
          -63.51603967853652,
          -31.56765128189342
        ]
      }
    },
    {
      "type": "Feature",
      "properties": {
        "extinto": "GUIZZO ALBINA",
        "nacimiento": "1933-03-02 00:00:00",
        "defuncion": "2007-11-08 00:00:00"
      },
      "geometry": {
        "type": "Point",
        "coordinates": [
          -63.51603967853652,
          -31.56765128189342
        ]
      }
    },
    {
      "type": "Feature",
      "properties": {
        "extinto": "YOMAHA DORAID MOHAMED",
        "nacimiento": "1937-08-18 00:00:00",
        "defuncion": "2006-03-20 00:00:00"
      },
      "geometry": {
        "type": "Point",
        "coordinates": [
          -63.51604602534816,
          -31.56766168343945
        ]
      }
    },
    {
      "type": "Feature",
      "properties": {
        "extinto": "GONZALEZ RICARDO RUBEN",
        "nacimiento": "1947-01-18 00:00:00",
        "defuncion": "2006-03-20 00:00:00"
      },
      "geometry": {
        "type": "Point",
        "coordinates": [
          -63.51599766936646,
          -31.56753778272964
        ]
      }
    },
    {
      "type": "Feature",
      "properties": {
        "extinto": "GAIDO MARIO PEDRO",
        "nacimiento": "1937-06-20 00:00:00",
        "defuncion": "2005-03-29 00:00:00"
      },
      "geometry": {
        "type": "Point",
        "coordinates": [
          -63.51600401692958,
          -31.567548171116943
        ]
      }
    },
    {
      "type": "Feature",
      "properties": {
        "extinto": "CACERES CARMEN ROSA",
        "nacimiento": "1932-01-18 00:00:00",
        "defuncion": "2006-04-13 00:00:00"
      },
      "geometry": {
        "type": "Point",
        "coordinates": [
          -63.51601036449411,
          -31.567558559503894
        ]
      }
    },
    {
      "type": "Feature",
      "properties": {
        "extinto": "CAUDANA NELSO RAMON",
        "nacimiento": "1938-03-14 00:00:00",
        "defuncion": "1993-01-02 00:00:00"
      },
      "geometry": {
        "type": "Point",
        "coordinates": [
          -63.51601036449411,
          -31.567558559503894
        ]
      }
    },
    {
      "type": "Feature",
      "properties": {
        "extinto": "ACOSTA RAMON JERONIMO",
        "nacimiento": "1936-07-27 00:00:00",
        "defuncion": "2012-12-21 00:00:00"
      },
      "geometry": {
        "type": "Point",
        "coordinates": [
          -63.51602305962743,
          -31.56757933627674
        ]
      }
    },
    {
      "type": "Feature",
      "properties": {
        "extinto": "MARIA ZULMA PEREZ",
        "nacimiento": "1935-04-22 00:00:00",
        "defuncion": "2022-01-14 00:00:00"
      },
      "geometry": {
        "type": "Point",
        "coordinates": [
          -63.51602305962743,
          -31.56757933627674
        ]
      }
    },
    {
      "type": "Feature",
      "properties": {
        "extinto": "ISIDORO ANTONIO HONGN",
        "nacimiento": "1904-05-20 00:00:00",
        "defuncion": "1973-03-10 00:00:00"
      },
      "geometry": {
        "type": "Point",
        "coordinates": [
          -63.51602940719622,
          -31.56758972466264
        ]
      }
    },
    {
      "type": "Feature",
      "properties": {
        "extinto": "TERESA M. CEAGLIO DE HONGN",
        "nacimiento": "1906-04-17 00:00:00",
        "defuncion": "1998-02-06 00:00:00"
      },
      "geometry": {
        "type": "Point",
        "coordinates": [
          -63.51602940719622,
          -31.56758972466264
        ]
      }
    },
    {
      "type": "Feature",
      "properties": {
        "extinto": "MARIO A. HONGN",
        "nacimiento": "1957-11-10 00:00:00",
        "defuncion": "1963-06-10 00:00:00"
      },
      "geometry": {
        "type": "Point",
        "coordinates": [
          -63.51602940719622,
          -31.56758972466264
        ]
      }
    },
    {
      "type": "Feature",
      "properties": {
        "extinto": "HONGN EDELVE HAYDE",
        "nacimiento": "1930-07-11 00:00:00",
        "defuncion": "2017-06-17 00:00:00"
      },
      "geometry": {
        "type": "Point",
        "coordinates": [
          -63.51603575476643,
          -31.56760011304819
        ]
      }
    },
    {
      "type": "Feature",
      "properties": {
        "extinto": "MONICA BEATRIZ MANSILLA",
        "nacimiento": "1974-04-01 00:00:00",
        "defuncion": "2012-05-23 00:00:00"
      },
      "geometry": {
        "type": "Point",
        "coordinates": [
          -63.51604210233804,
          -31.567610501433407
        ]
      }
    },
    {
      "type": "Feature",
      "properties": {
        "extinto": "TULIAN RINA",
        "nacimiento": "1947-07-23 00:00:00",
        "defuncion": "2010-02-26 00:00:00"
      },
      "geometry": {
        "type": "Point",
        "coordinates": [
          -63.516048449911096,
          -31.567620889818276
        ]
      }
    },
    {
      "type": "Feature",
      "properties": {
        "extinto": "HUGO ALFREDO CARRERA",
        "nacimiento": "1943-10-11 00:00:00",
        "defuncion": "2021-06-23 00:00:00"
      },
      "geometry": {
        "type": "Point",
        "coordinates": [
          -63.516048449911096,
          -31.567620889818276
        ]
      }
    },
    {
      "type": "Feature",
      "properties": {
        "extinto": "PALACIOS ERNESTO JUAN",
        "nacimiento": "1916-10-17 00:00:00",
        "defuncion": "1998-05-31 00:00:00"
      },
      "geometry": {
        "type": "Point",
        "coordinates": [
          -63.515755716517354,
          -31.56757224716806
        ]
      }
    },
    {
      "type": "Feature",
      "properties": {
        "extinto": "PEREZ CARMEN",
        "nacimiento": "1923-09-22 00:00:00",
        "defuncion": "2005-07-25 00:00:00"
      },
      "geometry": {
        "type": "Point",
        "coordinates": [
          -63.515755716517354,
          -31.56757224716806
        ]
      }
    },
    {
      "type": "Feature",
      "properties": {
        "extinto": "PALACIOS JUAN DE LA CRUZ",
        "nacimiento": "1945-06-23 00:00:00",
        "defuncion": "2009-10-29 00:00:00"
      },
      "geometry": {
        "type": "Point",
        "coordinates": [
          -63.515755716517354,
          -31.56757224716806
        ]
      }
    },
    {
      "type": "Feature",
      "properties": {
        "extinto": "MARGARITA JUANA MARGARIA",
        "nacimiento": "1928-05-19 00:00:00",
        "defuncion": "2019-01-17 00:00:00"
      },
      "geometry": {
        "type": "Point",
        "coordinates": [
          -63.515767332161374,
          -31.567590450215565
        ]
      }
    },
    {
      "type": "Feature",
      "properties": {
        "extinto": "SANTIAGO ISIDRO SACILOTTO",
        "nacimiento": "1924-04-04 00:00:00",
        "defuncion": "2001-03-27 00:00:00"
      },
      "geometry": {
        "type": "Point",
        "coordinates": [
          -63.51578146000753,
          -31.567612617210102
        ]
      }
    },
    {
      "type": "Feature",
      "properties": {
        "extinto": "ERNESTO BALTAZAR PALACIOS",
        "nacimiento": "1949-01-05 00:00:00",
        "defuncion": "2020-07-29 00:00:00"
      },
      "geometry": {
        "type": "Point",
        "coordinates": [
          -63.5157677333082,
          -31.567566625957244
        ]
      }
    },
    {
      "type": "Feature",
      "properties": {
        "extinto": "ALARCON ISIDRO ROBERTO",
        "nacimiento": "1954-07-16 00:00:00",
        "defuncion": "2013-06-25 00:00:00"
      },
      "geometry": {
        "type": "Point",
        "coordinates": [
          -63.515779348953814,
          -31.567584829003657
        ]
      }
    },
    {
      "type": "Feature",
      "properties": {
        "extinto": "ALARCON NORMA DEL VALLE",
        "nacimiento": "2016-07-11 00:00:00",
        "defuncion": "2016-07-11 00:00:00"
      },
      "geometry": {
        "type": "Point",
        "coordinates": [
          -63.515779348953814,
          -31.567584829003657
        ]
      }
    },
    {
      "type": "Feature",
      "properties": {
        "extinto": "GOMEZ LUIS EDUARDO",
        "nacimiento": "1950-05-06 00:00:00",
        "defuncion": "1983-08-06 00:00:00"
      },
      "geometry": {
        "type": "Point",
        "coordinates": [
          -63.51579347532122,
          -31.56760699595512
        ]
      }
    },
    {
      "type": "Feature",
      "properties": {
        "extinto": "MARIANI FELIPE",
        "nacimiento": "1900-12-17 00:00:00",
        "defuncion": "1985-04-09 00:00:00"
      },
      "geometry": {
        "type": "Point",
        "coordinates": [
          -63.51579347532122,
          -31.56760699595512
        ]
      }
    },
    {
      "type": "Feature",
      "properties": {
        "extinto": "IRENE GIULIANI DE MARIANI",
        "nacimiento": "1921-09-20 00:00:00",
        "defuncion": "2008-09-27 00:00:00"
      },
      "geometry": {
        "type": "Point",
        "coordinates": [
          -63.51579347532122,
          -31.56760699595512
        ]
      }
    },
    {
      "type": "Feature",
      "properties": {
        "extinto": "RAUL ARTURO PEREZ",
        "nacimiento": "1929-12-08 00:00:00",
        "defuncion": "2016-07-27 00:00:00"
      },
      "geometry": {
        "type": "Point",
        "coordinates": [
          -63.51580338253434,
          -31.5675735865765
        ]
      }
    },
    {
      "type": "Feature",
      "properties": {
        "extinto": "FERREYRA MARIA ALICIA",
        "nacimiento": "1916-02-12 00:00:00",
        "defuncion": "2011-04-04 00:00:00"
      },
      "geometry": {
        "type": "Point",
        "coordinates": [
          -63.51581750890565,
          -31.56759575352531
        ]
      }
    },
    {
      "type": "Feature",
      "properties": {
        "extinto": "GOMEZ CARLOS ROBERTO",
        "nacimiento": "1953-08-27 00:00:00",
        "defuncion": "2012-04-12 00:00:00"
      },
      "geometry": {
        "type": "Point",
        "coordinates": [
          -63.51581750890565,
          -31.56759575352531
        ]
      }
    },
    {
      "type": "Feature",
      "properties": {
        "extinto": "GOMEZ ANDRES",
        "nacimiento": "1900-12-05 00:00:00",
        "defuncion": "1981-03-02 00:00:00"
      },
      "geometry": {
        "type": "Point",
        "coordinates": [
          -63.515803783672,
          -31.56754976231811
        ]
      }
    },
    {
      "type": "Feature",
      "properties": {
        "extinto": "GOMEZ ANDRES",
        "nacimiento": "1900-12-05 00:00:00",
        "defuncion": "1981-03-02 00:00:00"
      },
      "geometry": {
        "type": "Point",
        "coordinates": [
          -63.515803783672,
          -31.56754976231811
        ]
      }
    },
    {
      "type": "Feature",
      "properties": {
        "extinto": "PEREYRA CELIA",
        "nacimiento": "1900-10-30 00:00:00",
        "defuncion": "1992-02-19 00:00:00"
      },
      "geometry": {
        "type": "Point",
        "coordinates": [
          -63.515803783672,
          -31.56754976231811
        ]
      }
    },
    {
      "type": "Feature",
      "properties": {
        "extinto": "GOMEZ OMAR ALBERTO",
        "nacimiento": "1935-02-17 00:00:00",
        "defuncion": "2013-04-30 00:00:00"
      },
      "geometry": {
        "type": "Point",
        "coordinates": [
          -63.51581539932242,
          -31.567567965361242
        ]
      }
    },
    {
      "type": "Feature",
      "properties": {
        "extinto": "GOMEZ AURELIA F. GOMEZ DE",
        "nacimiento": "1905-03-12 00:00:00",
        "defuncion": "1992-05-03 00:00:00"
      },
      "geometry": {
        "type": "Point",
        "coordinates": [
          -63.51582952569569,
          -31.56759013230872
        ]
      }
    },
    {
      "type": "Feature",
      "properties": {
        "extinto": "GOMEZ MATILDE",
        "nacimiento": "1930-02-12 00:00:00",
        "defuncion": "1992-02-18 00:00:00"
      },
      "geometry": {
        "type": "Point",
        "coordinates": [
          -63.51582952569569,
          -31.56759013230872
        ]
      }
    },
    {
      "type": "Feature",
      "properties": {
        "extinto": "ROSALIA BETTEGA",
        "nacimiento": "1928-01-19 00:00:00",
        "defuncion": "2006-08-17 00:00:00"
      },
      "geometry": {
        "type": "Point",
        "coordinates": [
          -63.51581579897629,
          -31.567544141061084
        ]
      }
    },
    {
      "type": "Feature",
      "properties": {
        "extinto": "PAPA BLAS",
        "nacimiento": "1925-02-02 00:00:00",
        "defuncion": "2003-02-26 00:00:00"
      },
      "geometry": {
        "type": "Point",
        "coordinates": [
          -63.51582741535013,
          -31.56756234523428
        ]
      }
    },
    {
      "type": "Feature",
      "properties": {
        "extinto": "PAPA MARIA JOSEFA",
        "nacimiento": "1953-08-02 00:00:00",
        "defuncion": "2011-12-06 00:00:00"
      },
      "geometry": {
        "type": "Point",
        "coordinates": [
          -63.51582741535013,
          -31.56756234523428
        ]
      }
    },
    {
      "type": "Feature",
      "properties": {
        "extinto": "CONSETA TORRE",
        "nacimiento": "1927-11-28 00:00:00",
        "defuncion": "2023-08-16 00:00:00"
      },
      "geometry": {
        "type": "Point",
        "coordinates": [
          -63.51582741535013,
          -31.56756234523428
        ]
      }
    },
    {
      "type": "Feature",
      "properties": {
        "extinto": "GALOPPO JOSE",
        "nacimiento": "2004-01-27 00:00:00",
        "defuncion": "2004-01-27 00:00:00"
      },
      "geometry": {
        "type": "Point",
        "coordinates": [
          -63.51568073444017,
          -31.567625331278983
        ]
      }
    },
    {
      "type": "Feature",
      "properties": {
        "extinto": "GOMEZ RITA IRENE",
        "nacimiento": "1926-06-07 00:00:00",
        "defuncion": "2013-05-20 00:00:00"
      },
      "geometry": {
        "type": "Point",
        "coordinates": [
          -63.51568073444017,
          -31.567625331278983
        ]
      }
    },
    {
      "type": "Feature",
      "properties": {
        "extinto": "AMAYA RUFINO HEMENEGILDO",
        "nacimiento": "1944-04-12 00:00:00",
        "defuncion": "2001-02-19 00:00:00"
      },
      "geometry": {
        "type": "Point",
        "coordinates": [
          -63.515706873486195,
          -31.567665514566603
        ]
      }
    },
    {
      "type": "Feature",
      "properties": {
        "extinto": "SORIA ANGELINA ISABEL",
        "nacimiento": "1921-03-01 00:00:00",
        "defuncion": "2007-07-05 00:00:00"
      },
      "geometry": {
        "type": "Point",
        "coordinates": [
          -63.515706873486195,
          -31.567665514566603
        ]
      }
    },
    {
      "type": "Feature",
      "properties": {
        "extinto": "DELOGU JUAN",
        "nacimiento": "1938-01-01 00:00:00",
        "defuncion": "1979-08-02 00:00:00"
      },
      "geometry": {
        "type": "Point",
        "coordinates": [
          -63.51569269561046,
          -31.567619623758002
        ]
      }
    },
    {
      "type": "Feature",
      "properties": {
        "extinto": "VICTORIA CISTERNA",
        "nacimiento": "1917-05-05 00:00:00",
        "defuncion": "2007-08-02 00:00:00"
      },
      "geometry": {
        "type": "Point",
        "coordinates": [
          -63.51569269561046,
          -31.567619623758002
        ]
      }
    },
    {
      "type": "Feature",
      "properties": {
        "extinto": "SISTERNA MARIA CELINA",
        "nacimiento": "1939-10-17 00:00:00",
        "defuncion": "2012-08-30 00:00:00"
      },
      "geometry": {
        "type": "Point",
        "coordinates": [
          -63.515704489613775,
          -31.56763774253993
        ]
      }
    },
    {
      "type": "Feature",
      "properties": {
        "extinto": "ARIEL FABIAN JUAREZ",
        "nacimiento": "1970-10-04 00:00:00",
        "defuncion": "2021-01-26 00:00:00"
      },
      "geometry": {
        "type": "Point",
        "coordinates": [
          -63.515704489613775,
          -31.56763774253993
        ]
      }
    },
    {
      "type": "Feature",
      "properties": {
        "extinto": "FRANCISCO AMADEO JUAREZ",
        "nacimiento": "1935-10-11 00:00:00",
        "defuncion": "2007-10-05 00:00:00"
      },
      "geometry": {
        "type": "Point",
        "coordinates": [
          -63.515704489613775,
          -31.56763774253993
        ]
      }
    },
    {
      "type": "Feature",
      "properties": {
        "extinto": "ADRIAN ALBERTO AMAYA",
        "nacimiento": "1955-05-15 00:00:00",
        "defuncion": "2007-02-01 00:00:00"
      },
      "geometry": {
        "type": "Point",
        "coordinates": [
          -63.51571883317887,
          -31.567659807012095
        ]
      }
    },
    {
      "type": "Feature",
      "properties": {
        "extinto": "HUZULIAK DEMETRIO VICENTE",
        "nacimiento": "1922-07-19 00:00:00",
        "defuncion": "2004-06-20 00:00:00"
      },
      "geometry": {
        "type": "Point",
        "coordinates": [
          -63.51570465677928,
          -31.56761391623591
        ]
      }
    },
    {
      "type": "Feature",
      "properties": {
        "extinto": "MATIAS ELVIO EDUARDO",
        "nacimiento": "1962-10-14 00:00:00",
        "defuncion": "2010-07-26 00:00:00"
      },
      "geometry": {
        "type": "Point",
        "coordinates": [
          -63.515730794351136,
          -31.567654099487555
        ]
      }
    },
    {
      "type": "Feature",
      "properties": {
        "extinto": "PEDRO DAMIAN MANSILLA",
        "nacimiento": "1938-02-23 00:00:00",
        "defuncion": "2016-04-19 00:00:00"
      },
      "geometry": {
        "type": "Point",
        "coordinates": [
          -63.51571661794663,
          -31.567608208712706
        ]
      }
    },
    {
      "type": "Feature",
      "properties": {
        "extinto": "LUDUEÑA ROBERTO GABRIEL",
        "nacimiento": "1963-02-09 00:00:00",
        "defuncion": "2015-06-10 00:00:00"
      },
      "geometry": {
        "type": "Point",
        "coordinates": [
          -63.51572841195306,
          -31.567626327492423
        ]
      }
    },
    {
      "type": "Feature",
      "properties": {
        "extinto": "BESSONE CANDIDA ESTHER",
        "nacimiento": "1926-02-28 00:00:00",
        "defuncion": "2016-01-30 00:00:00"
      },
      "geometry": {
        "type": "Point",
        "coordinates": [
          -63.51572841195306,
          -31.567626327492423
        ]
      }
    },
    {
      "type": "Feature",
      "properties": {
        "extinto": "AUDISIO EUGENIO RAFAEL",
        "nacimiento": "1953-05-12 00:00:00",
        "defuncion": "2013-04-25 00:00:00"
      },
      "geometry": {
        "type": "Point",
        "coordinates": [
          -63.51574275552198,
          -31.56764839196192
        ]
      }
    },
    {
      "type": "Feature",
      "properties": {
        "extinto": "DIAZ ANTONIO",
        "nacimiento": "1928-06-23 00:00:00",
        "defuncion": "2010-11-02 00:00:00"
      },
      "geometry": {
        "type": "Point",
        "coordinates": [
          -63.51572857911252,
          -31.5676025011884
        ]
      }
    },
    {
      "type": "Feature",
      "properties": {
        "extinto": "ANA JESUS ZAPPA",
        "nacimiento": "2010-11-11 00:00:00",
        "defuncion": "2010-11-11 00:00:00"
      },
      "geometry": {
        "type": "Point",
        "coordinates": [
          -63.51572857911252,
          -31.5676025011884
        ]
      }
    },
    {
      "type": "Feature",
      "properties": {
        "extinto": "STROGUSZ ALEJANDRO",
        "nacimiento": "1909-01-16 00:00:00",
        "defuncion": "1990-02-27 00:00:00"
      },
      "geometry": {
        "type": "Point",
        "coordinates": [
          -63.51574053879588,
          -31.567596793631914
        ]
      }
    },
    {
      "type": "Feature",
      "properties": {
        "extinto": "POSSE JUANA",
        "nacimiento": "1924-01-20 00:00:00",
        "defuncion": "2003-08-27 00:00:00"
      },
      "geometry": {
        "type": "Point",
        "coordinates": [
          -63.51574053879588,
          -31.567596793631914
        ]
      }
    },
    {
      "type": "Feature",
      "properties": {
        "extinto": "GUZMAN MARIA ADELA",
        "nacimiento": "1918-08-26 00:00:00",
        "defuncion": "2011-03-25 00:00:00"
      },
      "geometry": {
        "type": "Point",
        "coordinates": [
          -63.5157523305759,
          -31.56761491347301
        ]
      }
    },
    {
      "type": "Feature",
      "properties": {
        "extinto": "MARIA TERESA GUDIÑO",
        "nacimiento": "1940-11-13 00:00:00",
        "defuncion": "2005-05-03 00:00:00"
      },
      "geometry": {
        "type": "Point",
        "coordinates": [
          -63.51554382749869,
          -31.567689702169353
        ]
      }
    },
    {
      "type": "Feature",
      "properties": {
        "extinto": "ELPIDIO LEGUIZAMON",
        "nacimiento": "1948-11-20 00:00:00",
        "defuncion": "2020-03-04 00:00:00"
      },
      "geometry": {
        "type": "Point",
        "coordinates": [
          -63.51554382749869,
          -31.567689702169353
        ]
      }
    },
    {
      "type": "Feature",
      "properties": {
        "extinto": "IDELIO JUAN DANIELE",
        "nacimiento": "1940-03-22 00:00:00",
        "defuncion": "2006-12-03 00:00:00"
      },
      "geometry": {
        "type": "Point",
        "coordinates": [
          -63.51555424125044,
          -31.567708430769482
        ]
      }
    },
    {
      "type": "Feature",
      "properties": {
        "extinto": "REYNA MANUELA AMAYA",
        "nacimiento": "1935-04-21 00:00:00",
        "defuncion": "2021-05-10 00:00:00"
      },
      "geometry": {
        "type": "Point",
        "coordinates": [
          -63.51555424125044,
          -31.567708430769482
        ]
      }
    },
    {
      "type": "Feature",
      "properties": {
        "extinto": "FARIAS ASENCIO REGINALDO",
        "nacimiento": "1930-12-20 00:00:00",
        "defuncion": "2000-06-06 00:00:00"
      },
      "geometry": {
        "type": "Point",
        "coordinates": [
          -63.51556690550307,
          -31.567731236939895
        ]
      }
    },
    {
      "type": "Feature",
      "properties": {
        "extinto": "MOREYRA LIDIA ISABEL",
        "nacimiento": "1938-11-05 00:00:00",
        "defuncion": "2013-10-05 00:00:00"
      },
      "geometry": {
        "type": "Point",
        "coordinates": [
          -63.51556690550307,
          -31.567731236939895
        ]
      }
    },
    {
      "type": "Feature",
      "properties": {
        "extinto": "TOMAS MARTINEZ",
        "nacimiento": "1995-09-10 00:00:00",
        "defuncion": "2019-01-05 00:00:00"
      },
      "geometry": {
        "type": "Point",
        "coordinates": [
          -63.51555619125025,
          -31.56768466260201
        ]
      }
    },
    {
      "type": "Feature",
      "properties": {
        "extinto": "FARIAS VICTOR HUGO",
        "nacimiento": "1958-12-16 00:00:00",
        "defuncion": "2013-10-07 00:00:00"
      },
      "geometry": {
        "type": "Point",
        "coordinates": [
          -63.515579267783096,
          -31.56772619725804
        ]
      }
    },
    {
      "type": "Feature",
      "properties": {
        "extinto": "CISMONDI DAVID ANTONIO",
        "nacimiento": "1935-03-07 00:00:00",
        "defuncion": "2017-04-24 00:00:00"
      },
      "geometry": {
        "type": "Point",
        "coordinates": [
          -63.51556855500043,
          -31.567679623033484
        ]
      }
    },
    {
      "type": "Feature",
      "properties": {
        "extinto": "JUANA CLEMIRA LUDUEÑA",
        "nacimiento": "1953-09-29 00:00:00",
        "defuncion": "2019-02-18 00:00:00"
      },
      "geometry": {
        "type": "Point",
        "coordinates": [
          -63.515578968755946,
          -31.567698351631613
        ]
      }
    },
    {
      "type": "Feature",
      "properties": {
        "extinto": "HECTOR  JULIO  ALARCON",
        "nacimiento": "1956-09-27 00:00:00",
        "defuncion": "2024-04-22 00:00:00"
      },
      "geometry": {
        "type": "Point",
        "coordinates": [
          -63.515578968755946,
          -31.567698351631613
        ]
      }
    },
    {
      "type": "Feature",
      "properties": {
        "extinto": "LUDUEÑA CARMEN MERCEDES",
        "nacimiento": "1921-01-02 00:00:00",
        "defuncion": "2001-03-24 00:00:00"
      },
      "geometry": {
        "type": "Point",
        "coordinates": [
          -63.515580918749286,
          -31.567674583463795
        ]
      }
    },
    {
      "type": "Feature",
      "properties": {
        "extinto": "LUQUE TEODORA CELMIRA",
        "nacimiento": "1923-11-11 00:00:00",
        "defuncion": "1992-01-07 00:00:00"
      },
      "geometry": {
        "type": "Point",
        "coordinates": [
          -63.515580918749286,
          -31.567674583463795
        ]
      }
    },
    {
      "type": "Feature",
      "properties": {
        "extinto": "ALDO ORFELIO DOFFO",
        "nacimiento": "1932-10-15 00:00:00",
        "defuncion": "2018-06-21 00:00:00"
      },
      "geometry": {
        "type": "Point",
        "coordinates": [
          -63.51559133250667,
          -31.5676933120609
        ]
      }
    },
    {
      "type": "Feature",
      "properties": {
        "extinto": "CELINA DOMINGA TARQUINO",
        "nacimiento": "1931-05-09 00:00:00",
        "defuncion": "2021-03-08 00:00:00"
      },
      "geometry": {
        "type": "Point",
        "coordinates": [
          -63.51559133250667,
          -31.5676933120609
        ]
      }
    },
    {
      "type": "Feature",
      "properties": {
        "extinto": "EMILIO MARCOS TRUCCHIA",
        "nacimiento": "2018-08-13 00:00:00",
        "defuncion": "2018-08-13 00:00:00"
      },
      "geometry": {
        "type": "Point",
        "coordinates": [
          -63.51559328249679,
          -31.5676695438929
        ]
      }
    },
    {
      "type": "Feature",
      "properties": {
        "extinto": "RAQUEL  SUSANA  GOMEZ",
        "nacimiento": "1945-07-31 00:00:00",
        "defuncion": "2023-06-11 00:00:00"
      },
      "geometry": {
        "type": "Point",
        "coordinates": [
          -63.51559328249679,
          -31.5676695438929
        ]
      }
    },
    {
      "type": "Feature",
      "properties": {
        "extinto": "MIGUEL  ANGEL  MARCO",
        "nacimiento": "1944-04-29 00:00:00",
        "defuncion": "2023-12-02 00:00:00"
      },
      "geometry": {
        "type": "Point",
        "coordinates": [
          -63.51560369625608,
          -31.567688272488994
        ]
      }
    },
    {
      "type": "Feature",
      "properties": {
        "extinto": "FELIPA JUVENCIA GOMEZ",
        "nacimiento": "1907-06-01 00:00:00",
        "defuncion": "1972-05-13 00:00:00"
      },
      "geometry": {
        "type": "Point",
        "coordinates": [
          -63.51561635904217,
          -31.56771107854219
        ]
      }
    },
    {
      "type": "Feature",
      "properties": {
        "extinto": "EMILIO MARCO",
        "nacimiento": "1903-06-16 00:00:00",
        "defuncion": "2020-09-12 00:00:00"
      },
      "geometry": {
        "type": "Point",
        "coordinates": [
          -63.51561635904217,
          -31.56771107854219
        ]
      }
    },
    {
      "type": "Feature",
      "properties": {
        "extinto": "NORMA ESTHER MARCO",
        "nacimiento": "1940-06-03 00:00:00",
        "defuncion": "2024-06-26 00:00:00"
      },
      "geometry": {
        "type": "Point",
        "coordinates": [
          -63.51561635904217,
          -31.56771107854219
        ]
      }
    },
    {
      "type": "Feature",
      "properties": {
        "extinto": "BAUTISTA CLEMENTE FELIPPA",
        "nacimiento": "1934-04-23 00:00:00",
        "defuncion": "2016-10-21 00:00:00"
      },
      "geometry": {
        "type": "Point",
        "coordinates": [
          -63.515605646242975,
          -31.567664504320835
        ]
      }
    },
    {
      "type": "Feature",
      "properties": {
        "extinto": "ADELAIDA ENRIQUETA SALVUCCI",
        "nacimiento": "1931-01-21 00:00:00",
        "defuncion": "2022-02-28 00:00:00"
      },
      "geometry": {
        "type": "Point",
        "coordinates": [
          -63.515605646242975,
          -31.567664504320835
        ]
      }
    },
    {
      "type": "Feature",
      "properties": {
        "extinto": "RUBEN ALBERTO JUAREZ",
        "nacimiento": "1953-09-04 00:00:00",
        "defuncion": "2021-05-27 00:00:00"
      },
      "geometry": {
        "type": "Point",
        "coordinates": [
          -63.51561606000411,
          -31.56768323291589
        ]
      }
    },
    {
      "type": "Feature",
      "properties": {
        "extinto": "TOMAS SALVADOR MARCO",
        "nacimiento": "1939-04-10 00:00:00",
        "defuncion": "2017-07-22 00:00:00"
      },
      "geometry": {
        "type": "Point",
        "coordinates": [
          -63.515628722792506,
          -31.56770603896786
        ]
      }
    },
    {
      "type": "Feature",
      "properties": {
        "extinto": "NELIDA  HAYDEE  CORTEZ",
        "nacimiento": "1940-05-10 00:00:00",
        "defuncion": "2023-10-27 00:00:00"
      },
      "geometry": {
        "type": "Point",
        "coordinates": [
          -63.515628722792506,
          -31.56770603896786
        ]
      }
    },
    {
      "type": "Feature",
      "properties": {
        "extinto": "CONTRINI ROSA",
        "nacimiento": "1913-02-07 00:00:00",
        "defuncion": "2003-07-08 00:00:00"
      },
      "geometry": {
        "type": "Point",
        "coordinates": [
          -63.5156180099878,
          -31.56765946474756
        ]
      }
    },
    {
      "type": "Feature",
      "properties": {
        "extinto": "MARCO EMILIO ALBERTO",
        "nacimiento": "1942-02-06 00:00:00",
        "defuncion": "2014-06-14 00:00:00"
      },
      "geometry": {
        "type": "Point",
        "coordinates": [
          -63.51562842375083,
          -31.567678193341624
        ]
      }
    },
    {
      "type": "Feature",
      "properties": {
        "extinto": "MARIA  URSULA  DEL VALLE  PIATTI",
        "nacimiento": "1942-12-05 00:00:00",
        "defuncion": "2023-10-27 00:00:00"
      },
      "geometry": {
        "type": "Point",
        "coordinates": [
          -63.51562842375083,
          -31.567678193341624
        ]
      }
    },
    {
      "type": "Feature",
      "properties": {
        "extinto": "FERREYRA BACILIO MAGNO",
        "nacimiento": "1927-06-14 00:00:00",
        "defuncion": "2014-11-08 00:00:00"
      },
      "geometry": {
        "type": "Point",
        "coordinates": [
          -63.51563037373127,
          -31.56765442517311
        ]
      }
    },
    {
      "type": "Feature",
      "properties": {
        "extinto": "LUIS SANTIAGO GIGENA",
        "nacimiento": "1951-12-01 00:00:00",
        "defuncion": "2021-03-31 00:00:00"
      },
      "geometry": {
        "type": "Point",
        "coordinates": [
          -63.515640787496196,
          -31.56767315376616
        ]
      }
    },
    {
      "type": "Feature",
      "properties": {
        "extinto": "GIGENA JUANA ADALIA",
        "nacimiento": "1936-09-15 00:00:00",
        "defuncion": "2005-07-26 00:00:00"
      },
      "geometry": {
        "type": "Point",
        "coordinates": [
          -63.515642737473414,
          -31.56764938559749
        ]
      }
    },
    {
      "type": "Feature",
      "properties": {
        "extinto": "ANDRES JORGE RUBIOLO",
        "nacimiento": "1964-03-21 00:00:00",
        "defuncion": "2021-06-29 00:00:00"
      },
      "geometry": {
        "type": "Point",
        "coordinates": [
          -63.515665814035486,
          -31.567690920237784
        ]
      }
    },
    {
      "type": "Feature",
      "properties": {
        "extinto": "BENJAMIN AMUCHASTEGUI",
        "nacimiento": "2010-11-24 00:00:00",
        "defuncion": "2010-11-24 00:00:00"
      },
      "geometry": {
        "type": "Point",
        "coordinates": [
          -63.51565510121419,
          -31.56764434602067
        ]
      }
    },
    {
      "type": "Feature",
      "properties": {
        "extinto": "ELOISA AMUCHASTEGUI",
        "nacimiento": "2010-11-24 00:00:00",
        "defuncion": "2010-11-24 00:00:00"
      },
      "geometry": {
        "type": "Point",
        "coordinates": [
          -63.51565510121419,
          -31.56764434602067
        ]
      }
    },
    {
      "type": "Feature",
      "properties": {
        "extinto": "JUAN AMUCHASTEGUI",
        "nacimiento": "2010-11-24 00:00:00",
        "defuncion": "2010-11-24 00:00:00"
      },
      "geometry": {
        "type": "Point",
        "coordinates": [
          -63.51565510121419,
          -31.56764434602067
        ]
      }
    },
    {
      "type": "Feature",
      "properties": {
        "extinto": "TRINIDAD AMUCHASTEGUI",
        "nacimiento": "2010-11-24 00:00:00",
        "defuncion": "2010-11-24 00:00:00"
      },
      "geometry": {
        "type": "Point",
        "coordinates": [
          -63.51565510121419,
          -31.56764434602067
        ]
      }
    },
    {
      "type": "Feature",
      "properties": {
        "extinto": "ARMINDA ARRIETA",
        "nacimiento": "2010-11-24 00:00:00",
        "defuncion": "2010-11-24 00:00:00"
      },
      "geometry": {
        "type": "Point",
        "coordinates": [
          -63.51565510121419,
          -31.56764434602067
        ]
      }
    },
    {
      "type": "Feature",
      "properties": {
        "extinto": "FAUSTO AMUCHASTEGUI",
        "nacimiento": "1930-03-14 00:00:00",
        "defuncion": "2010-07-29 00:00:00"
      },
      "geometry": {
        "type": "Point",
        "coordinates": [
          -63.51565510121419,
          -31.56764434602067
        ]
      }
    },
    {
      "type": "Feature",
      "properties": {
        "extinto": "LUJAN RAMON ANASTACIO",
        "nacimiento": "1935-04-15 00:00:00",
        "defuncion": "2010-06-25 00:00:00"
      },
      "geometry": {
        "type": "Point",
        "coordinates": [
          -63.515665514982885,
          -31.567663074611698
        ]
      }
    },
    {
      "type": "Feature",
      "properties": {
        "extinto": "FERRARIS AMERICO MARTIN",
        "nacimiento": "1944-05-06 00:00:00",
        "defuncion": "2016-06-22 00:00:00"
      },
      "geometry": {
        "type": "Point",
        "coordinates": [
          -63.51567817778045,
          -31.56768588065872
        ]
      }
    },
    {
      "type": "Feature",
      "properties": {
        "extinto": "GUGLIELMONE MARIA CACILDA",
        "nacimiento": "1939-06-02 00:00:00",
        "defuncion": "2001-04-10 00:00:00"
      },
      "geometry": {
        "type": "Point",
        "coordinates": [
          -63.51566746495366,
          -31.56763930644266
        ]
      }
    },
    {
      "type": "Feature",
      "properties": {
        "extinto": "ESPAÑOM MIRIAM HORTENCIA",
        "nacimiento": "1968-10-05 00:00:00",
        "defuncion": "2016-03-21 00:00:00"
      },
      "geometry": {
        "type": "Point",
        "coordinates": [
          -63.51566746495366,
          -31.56763930644266
        ]
      }
    },
    {
      "type": "Feature",
      "properties": {
        "extinto": "ACOSTA VIRGINIO",
        "nacimiento": "1951-08-25 00:00:00",
        "defuncion": "2013-09-23 00:00:00"
      },
      "geometry": {
        "type": "Point",
        "coordinates": [
          -63.51567787789564,
          -31.567658036084193
        ]
      }
    },
    {
      "type": "Feature",
      "properties": {
        "extinto": "MUSSO ALICIA",
        "nacimiento": "1957-02-28 00:00:00",
        "defuncion": "2015-08-11 00:00:00"
      },
      "geometry": {
        "type": "Point",
        "coordinates": [
          -63.51569054152406,
          -31.56768084107847
        ]
      }
    },
    {
      "type": "Feature",
      "properties": {
        "extinto": "HERRERA ALBERTO ORLANDO",
        "nacimiento": "1975-08-24 00:00:00",
        "defuncion": "2001-01-29 00:00:00"
      },
      "geometry": {
        "type": "Point",
        "coordinates": [
          -63.51543407931808,
          -31.567732885346306
        ]
      }
    },
    {
      "type": "Feature",
      "properties": {
        "extinto": "N/N BRIA FINE",
        "nacimiento": "2011-08-02 00:00:00",
        "defuncion": "2011-08-02 00:00:00"
      },
      "geometry": {
        "type": "Point",
        "coordinates": [
          -63.51543407931808,
          -31.567732885346306
        ]
      }
    },
    {
      "type": "Feature",
      "properties": {
        "extinto": "CANDIDO JESUS HERRERA",
        "nacimiento": "1936-09-20 00:00:00",
        "defuncion": "2011-08-18 00:00:00"
      },
      "geometry": {
        "type": "Point",
        "coordinates": [
          -63.51543407931808,
          -31.567732885346306
        ]
      }
    },
    {
      "type": "Feature",
      "properties": {
        "extinto": "FERNANDEZ,HECTOR JAIME",
        "nacimiento": "1938-03-27 00:00:00",
        "defuncion": "2022-11-26 00:00:00"
      },
      "geometry": {
        "type": "Point",
        "coordinates": [
          -63.515471683161394,
          -31.567718725239466
        ]
      }
    },
    {
      "type": "Feature",
      "properties": {
        "extinto": "REGE DORA",
        "nacimiento": "1932-10-12 00:00:00",
        "defuncion": "2007-07-09 00:00:00"
      },
      "geometry": {
        "type": "Point",
        "coordinates": [
          -63.51549675238389,
          -31.56770928516214
        ]
      }
    },
    {
      "type": "Feature",
      "properties": {
        "extinto": "ROMERO CIPRIANA RAMONA",
        "nacimiento": "1933-09-16 00:00:00",
        "defuncion": "2011-03-25 00:00:00"
      },
      "geometry": {
        "type": "Point",
        "coordinates": [
          -63.515506505868,
          -31.567728272573483
        ]
      }
    },
    {
      "type": "Feature",
      "properties": {
        "extinto": "CORNEJO JUAN CARLOS",
        "nacimiento": "1965-01-12 00:00:00",
        "defuncion": "2013-11-27 00:00:00"
      },
      "geometry": {
        "type": "Point",
        "coordinates": [
          -63.515506505868,
          -31.567728272573483
        ]
      }
    },
    {
      "type": "Feature",
      "properties": {
        "extinto": "CORNEJO ADELMA ANSELMA",
        "nacimiento": "1951-05-03 00:00:00",
        "defuncion": "2015-09-12 00:00:00"
      },
      "geometry": {
        "type": "Point",
        "coordinates": [
          -63.51551836463634,
          -31.567751393322755
        ]
      }
    },
    {
      "type": "Feature",
      "properties": {
        "extinto": "JUAN JOSE RADALJ",
        "nacimiento": "1933-06-08 00:00:00",
        "defuncion": "1971-11-20 00:00:00"
      },
      "geometry": {
        "type": "Point",
        "coordinates": [
          -63.51550928699323,
          -31.567704565121662
        ]
      }
    },
    {
      "type": "Feature",
      "properties": {
        "extinto": "ALBERTO SERVILIANO FERREYRA",
        "nacimiento": "1940-10-03 00:00:00",
        "defuncion": "1997-01-06 00:00:00"
      },
      "geometry": {
        "type": "Point",
        "coordinates": [
          -63.51550928699323,
          -31.567704565121662
        ]
      }
    },
    {
      "type": "Feature",
      "properties": {
        "extinto": "DELGADO ADELA EUSEBIA",
        "nacimiento": "1938-08-22 00:00:00",
        "defuncion": "1997-09-13 00:00:00"
      },
      "geometry": {
        "type": "Point",
        "coordinates": [
          -63.51552182013012,
          -31.567699844929795
        ]
      }
    },
    {
      "type": "Feature",
      "properties": {
        "extinto": "ANGEL RODOLFO MARIN",
        "nacimiento": "1929-12-30 00:00:00",
        "defuncion": "2009-01-22 00:00:00"
      },
      "geometry": {
        "type": "Point",
        "coordinates": [
          -63.515365615106504,
          -31.568019148389315
        ]
      }
    },
    {
      "type": "Feature",
      "properties": {
        "extinto": "MIGUEL ANGEL MARIN",
        "nacimiento": "1960-02-25 00:00:00",
        "defuncion": "2021-08-11 00:00:00"
      },
      "geometry": {
        "type": "Point",
        "coordinates": [
          -63.515365615106504,
          -31.568019148389315
        ]
      }
    },
    {
      "type": "Feature",
      "properties": {
        "extinto": "CLEMENTINO REGINALDO AGUERO",
        "nacimiento": "1917-11-28 00:00:00",
        "defuncion": "2000-12-07 00:00:00"
      },
      "geometry": {
        "type": "Point",
        "coordinates": [
          -63.515542360605686,
          -31.567992304051273
        ]
      }
    },
    {
      "type": "Feature",
      "properties": {
        "extinto": "RIVATA JUAN ALBERTO",
        "nacimiento": "1936-04-08 00:00:00",
        "defuncion": "2016-02-18 00:00:00"
      },
      "geometry": {
        "type": "Point",
        "coordinates": [
          -63.515807846732955,
          -31.56796403999952
        ]
      }
    },
    {
      "type": "Feature",
      "properties": {
        "extinto": "GARAY FORTUNATO",
        "nacimiento": "1914-06-29 00:00:00",
        "defuncion": "2003-04-16 00:00:00"
      },
      "geometry": {
        "type": "Point",
        "coordinates": [
          -63.515919922887534,
          -31.567936599777273
        ]
      }
    },
    {
      "type": "Feature",
      "properties": {
        "extinto": "FARIA EUDOSIA DEIDAD",
        "nacimiento": "1927-02-23 00:00:00",
        "defuncion": "2004-08-28 00:00:00"
      },
      "geometry": {
        "type": "Point",
        "coordinates": [
          -63.515919922887534,
          -31.567936599777273
        ]
      }
    },
    {
      "type": "Feature",
      "properties": {
        "extinto": "VAZQUEZ RAMON ARGENTINO",
        "nacimiento": "1946-11-12 00:00:00",
        "defuncion": "2007-12-11 00:00:00"
      },
      "geometry": {
        "type": "Point",
        "coordinates": [
          -63.5159333270643,
          -31.56793420294507
        ]
      }
    },
    {
      "type": "Feature",
      "properties": {
        "extinto": "VAZQUEZ VALERIA EDITH",
        "nacimiento": "1981-03-16 00:00:00",
        "defuncion": "2012-10-11 00:00:00"
      },
      "geometry": {
        "type": "Point",
        "coordinates": [
          -63.5159333270643,
          -31.56793420294507
        ]
      }
    },
    {
      "type": "Feature",
      "properties": {
        "extinto": "LUISA MAXIMINA ZABADILLA",
        "nacimiento": "1948-05-17 00:00:00",
        "defuncion": "2022-11-03 00:00:00"
      },
      "geometry": {
        "type": "Point",
        "coordinates": [
          -63.5159333270643,
          -31.56793420294507
        ]
      }
    },
    {
      "type": "Feature",
      "properties": {
        "extinto": "CARMEN DOROTEO MAYDANA",
        "nacimiento": "1948-07-06 00:00:00",
        "defuncion": "2019-09-17 00:00:00"
      },
      "geometry": {
        "type": "Point",
        "coordinates": [
          -63.51594673124035,
          -31.56793180611146
        ]
      }
    },
    {
      "type": "Feature",
      "properties": {
        "extinto": "MARIANI PASCUAL",
        "nacimiento": "1921-08-18 00:00:00",
        "defuncion": "2003-01-07 00:00:00"
      },
      "geometry": {
        "type": "Point",
        "coordinates": [
          -63.51596363393144,
          -31.567886403281776
        ]
      }
    },
    {
      "type": "Feature",
      "properties": {
        "extinto": "AIDA CERONI",
        "nacimiento": "1921-12-21 00:00:00",
        "defuncion": "2014-12-14 00:00:00"
      },
      "geometry": {
        "type": "Point",
        "coordinates": [
          -63.51596363393144,
          -31.567886403281776
        ]
      }
    },
    {
      "type": "Feature",
      "properties": {
        "extinto": "SANTIAGO MANUEL LUDUEÑA",
        "nacimiento": "1943-07-25 00:00:00",
        "defuncion": "2016-04-11 00:00:00"
      },
      "geometry": {
        "type": "Point",
        "coordinates": [
          -63.51598694376429,
          -31.567924615602234
        ]
      }
    },
    {
      "type": "Feature",
      "properties": {
        "extinto": "GASTON  LUDUEÑA  BARADAD",
        "nacimiento": "2004-04-08 00:00:00",
        "defuncion": "2023-04-21 00:00:00"
      },
      "geometry": {
        "type": "Point",
        "coordinates": [
          -63.51598694376429,
          -31.567924615602234
        ]
      }
    },
    {
      "type": "Feature",
      "properties": {
        "extinto": "RUGGERI SEGUNDO CECAR",
        "nacimiento": "1924-06-27 00:00:00",
        "defuncion": "2015-10-08 00:00:00"
      },
      "geometry": {
        "type": "Point",
        "coordinates": [
          -63.515995395101434,
          -31.56790191418512
        ]
      }
    },
    {
      "type": "Feature",
      "properties": {
        "extinto": "MARCELO ALEJANDRO MUGAS",
        "nacimiento": "1971-03-16 00:00:00",
        "defuncion": "2018-06-13 00:00:00"
      },
      "geometry": {
        "type": "Point",
        "coordinates": [
          -63.516000347937506,
          -31.567922218763034
        ]
      }
    },
    {
      "type": "Feature",
      "properties": {
        "extinto": "ROBERTO JULIO MUGAS",
        "nacimiento": "1963-08-18 00:00:00",
        "defuncion": "2012-12-22 00:00:00"
      },
      "geometry": {
        "type": "Point",
        "coordinates": [
          -63.516000347937506,
          -31.567922218763034
        ]
      }
    },
    {
      "type": "Feature",
      "properties": {
        "extinto": "ANTONIO AMERICO MUGAS",
        "nacimiento": "1935-01-17 00:00:00",
        "defuncion": "2002-02-09 00:00:00"
      },
      "geometry": {
        "type": "Point",
        "coordinates": [
          -63.516000347937506,
          -31.567922218763034
        ]
      }
    },
    {
      "type": "Feature",
      "properties": {
        "extinto": "VELEZ MIGUEL IGNACIO",
        "nacimiento": "1947-07-31 00:00:00",
        "defuncion": "2006-08-14 00:00:00"
      },
      "geometry": {
        "type": "Point",
        "coordinates": [
          -63.51601375211004,
          -31.567919821922438
        ]
      }
    },
    {
      "type": "Feature",
      "properties": {
        "extinto": "JOSE MODESTO VELEZ",
        "nacimiento": "1938-03-19 00:00:00",
        "defuncion": "2020-05-23 00:00:00"
      },
      "geometry": {
        "type": "Point",
        "coordinates": [
          -63.516027156281865,
          -31.567917425080434
        ]
      }
    },
    {
      "type": "Feature",
      "properties": {
        "extinto": "GONZALEZ ISALON",
        "nacimiento": "1931-01-17 00:00:00",
        "defuncion": "2002-07-11 00:00:00"
      },
      "geometry": {
        "type": "Point",
        "coordinates": [
          -63.51606091251301,
          -31.567868969877402
        ]
      }
    },
    {
      "type": "Feature",
      "properties": {
        "extinto": "GOMEZ MIGUEL ANGEL",
        "nacimiento": "1955-07-01 00:00:00",
        "defuncion": "2005-06-23 00:00:00"
      },
      "geometry": {
        "type": "Point",
        "coordinates": [
          -63.51606091251301,
          -31.567868969877402
        ]
      }
    },
    {
      "type": "Feature",
      "properties": {
        "extinto": "CIPRIANA REGINALDA ESPINOSA",
        "nacimiento": "1937-09-29 00:00:00",
        "defuncion": "2020-02-05 00:00:00"
      },
      "geometry": {
        "type": "Point",
        "coordinates": [
          -63.51606091251301,
          -31.567868969877402
        ]
      }
    },
    {
      "type": "Feature",
      "properties": {
        "extinto": "GOMEZ JORGE ENRIQUE",
        "nacimiento": "2014-04-24 00:00:00",
        "defuncion": "2014-06-27 00:00:00"
      },
      "geometry": {
        "type": "Point",
        "coordinates": [
          -63.516070620955745,
          -31.56790961393371
        ]
      }
    },
    {
      "type": "Feature",
      "properties": {
        "extinto": "GOMEZ JESUS MARIA",
        "nacimiento": "1923-01-26 00:00:00",
        "defuncion": "1978-03-18 00:00:00"
      },
      "geometry": {
        "type": "Point",
        "coordinates": [
          -63.516074328197945,
          -31.567866620759926
        ]
      }
    },
    {
      "type": "Feature",
      "properties": {
        "extinto": "GOMEZ PEDRO MARIO",
        "nacimiento": "1953-12-04 00:00:00",
        "defuncion": "1993-06-03 00:00:00"
      },
      "geometry": {
        "type": "Point",
        "coordinates": [
          -63.516074328197945,
          -31.567866620759926
        ]
      }
    },
    {
      "type": "Feature",
      "properties": {
        "extinto": "DIAZ JUANA LIDIA",
        "nacimiento": "1923-11-02 00:00:00",
        "defuncion": "2009-04-01 00:00:00"
      },
      "geometry": {
        "type": "Point",
        "coordinates": [
          -63.516074328197945,
          -31.567866620759926
        ]
      }
    },
    {
      "type": "Feature",
      "properties": {
        "extinto": "NAVARRO MARIA VICTORIA",
        "nacimiento": "1939-12-23 00:00:00",
        "defuncion": "2011-03-23 00:00:00"
      },
      "geometry": {
        "type": "Point",
        "coordinates": [
          -63.51608403664621,
          -31.56790726481515
        ]
      }
    },
    {
      "type": "Feature",
      "properties": {
        "extinto": "GOMEZ MARCELO ARIEL",
        "nacimiento": "1977-02-03 00:00:00",
        "defuncion": "2012-10-17 00:00:00"
      },
      "geometry": {
        "type": "Point",
        "coordinates": [
          -63.5160877438822,
          -31.56786427164104
        ]
      }
    },
    {
      "type": "Feature",
      "properties": {
        "extinto": "JUAREZ ROQUE RAFAEL",
        "nacimiento": "1949-03-13 00:00:00",
        "defuncion": "2008-09-10 00:00:00"
      },
      "geometry": {
        "type": "Point",
        "coordinates": [
          -63.51609745233599,
          -31.567904915695205
        ]
      }
    },
    {
      "type": "Feature",
      "properties": {
        "extinto": "CASSIANI CLARA",
        "nacimiento": "1905-08-12 00:00:00",
        "defuncion": "1987-09-02 00:00:00"
      },
      "geometry": {
        "type": "Point",
        "coordinates": [
          -63.51611942948001,
          -31.567879895425214
        ]
      }
    },
    {
      "type": "Feature",
      "properties": {
        "extinto": "COVADIS JUAN",
        "nacimiento": "1939-11-20 00:00:00",
        "defuncion": "2007-03-26 00:00:00"
      },
      "geometry": {
        "type": "Point",
        "coordinates": [
          -63.51611942948001,
          -31.567879895425214
        ]
      }
    },
    {
      "type": "Feature",
      "properties": {
        "extinto": "NOEMI GONZALEZ",
        "nacimiento": "1942-04-25 00:00:00",
        "defuncion": "2021-09-23 00:00:00"
      },
      "geometry": {
        "type": "Point",
        "coordinates": [
          -63.51611942948001,
          -31.567879895425214
        ]
      }
    },
    {
      "type": "Feature",
      "properties": {
        "extinto": "NELIDA BEATRIZ VACA",
        "nacimiento": "1967-01-28 00:00:00",
        "defuncion": "2010-04-30 00:00:00"
      },
      "geometry": {
        "type": "Point",
        "coordinates": [
          -63.51612428371355,
          -31.567900217451104
        ]
      }
    },
    {
      "type": "Feature",
      "properties": {
        "extinto": "HECTOR LUIS VACA",
        "nacimiento": "1940-07-01 00:00:00",
        "defuncion": "2021-06-24 00:00:00"
      },
      "geometry": {
        "type": "Point",
        "coordinates": [
          -63.51613769940124,
          -31.567897868326938
        ]
      }
    },
    {
      "type": "Feature",
      "properties": {
        "extinto": "NELIDA TERESA JUAREZ",
        "nacimiento": "1943-01-20 00:00:00",
        "defuncion": "2022-07-04 00:00:00"
      },
      "geometry": {
        "type": "Point",
        "coordinates": [
          -63.51613769940124,
          -31.567897868326938
        ]
      }
    },
    {
      "type": "Feature",
      "properties": {
        "extinto": "NAVARRO MARIA ESTER",
        "nacimiento": "1963-11-12 00:00:00",
        "defuncion": "2008-05-27 00:00:00"
      },
      "geometry": {
        "type": "Point",
        "coordinates": [
          -63.51614626084918,
          -31.567875197176562
        ]
      }
    },
    {
      "type": "Feature",
      "properties": {
        "extinto": "RODRIGUEZ CECILIA INES",
        "nacimiento": "1960-04-09 00:00:00",
        "defuncion": "2017-09-27 00:00:00"
      },
      "geometry": {
        "type": "Point",
        "coordinates": [
          -63.51615111508825,
          -31.567895519201375
        ]
      }
    },
    {
      "type": "Feature",
      "properties": {
        "extinto": "DANIEL RAFAEL RODRIGUEZ",
        "nacimiento": "1929-05-01 00:00:00",
        "defuncion": "2023-11-08 00:00:00"
      },
      "geometry": {
        "type": "Point",
        "coordinates": [
          -63.51615111508825,
          -31.567895519201375
        ]
      }
    },
    {
      "type": "Feature",
      "properties": {
        "extinto": "MIGUEL ANGEL FERNANDEZ",
        "nacimiento": "1935-02-28 00:00:00",
        "defuncion": "2007-04-30 00:00:00"
      },
      "geometry": {
        "type": "Point",
        "coordinates": [
          -63.516204777829415,
          -31.567886122685124
        ]
      }
    },
    {
      "type": "Feature",
      "properties": {
        "extinto": "MARTINEZ JUAN DE DIOS",
        "nacimiento": "1944-12-27 00:00:00",
        "defuncion": "2010-10-28 00:00:00"
      },
      "geometry": {
        "type": "Point",
        "coordinates": [
          -63.51622112666675,
          -31.567841312218437
        ]
      }
    },
    {
      "type": "Feature",
      "properties": {
        "extinto": "UTRERA ANITA ELENA",
        "nacimiento": "1928-09-20 00:00:00",
        "defuncion": "2014-05-19 00:00:00"
      },
      "geometry": {
        "type": "Point",
        "coordinates": [
          -63.51622918568482,
          -31.567882219703606
        ]
      }
    },
    {
      "type": "Feature",
      "properties": {
        "extinto": "DITTOMASSO DOMINGA MARIA",
        "nacimiento": "1924-11-18 00:00:00",
        "defuncion": "2016-04-07 00:00:00"
      },
      "geometry": {
        "type": "Point",
        "coordinates": [
          -63.51624268832333,
          -31.567880269689958
        ]
      }
    },
    {
      "type": "Feature",
      "properties": {
        "extinto": "JOSE FAUSTINO PERALTA",
        "nacimiento": "1920-11-01 00:00:00",
        "defuncion": "1994-05-10 00:00:00"
      },
      "geometry": {
        "type": "Point",
        "coordinates": [
          -63.51624268832333,
          -31.567880269689958
        ]
      }
    },
    {
      "type": "Feature",
      "properties": {
        "extinto": "CAMILLO HUGO DANIEL",
        "nacimiento": "1974-01-19 00:00:00",
        "defuncion": "2017-11-19 00:00:00"
      },
      "geometry": {
        "type": "Point",
        "coordinates": [
          -63.51625619096128,
          -31.5678783196749
        ]
      }
    },
    {
      "type": "Feature",
      "properties": {
        "extinto": "CENONA AMELIA CARNERO",
        "nacimiento": "1917-07-09 00:00:00",
        "defuncion": "2019-07-11 00:00:00"
      },
      "geometry": {
        "type": "Point",
        "coordinates": [
          -63.51625619096128,
          -31.5678783196749
        ]
      }
    },
    {
      "type": "Feature",
      "properties": {
        "extinto": "TERESITA MILVA PEREZ",
        "nacimiento": "1946-04-24 00:00:00",
        "defuncion": "2023-01-23 00:00:00"
      },
      "geometry": {
        "type": "Point",
        "coordinates": [
          -63.51625619096128,
          -31.5678783196749
        ]
      }
    },
    {
      "type": "Feature",
      "properties": {
        "extinto": "RAMALLO GERALDO RAFAEL",
        "nacimiento": "1956-06-05 00:00:00",
        "defuncion": "2017-01-25 00:00:00"
      },
      "geometry": {
        "type": "Point",
        "coordinates": [
          -63.516269693598645,
          -31.567876369658403
        ]
      }
    },
    {
      "type": "Feature",
      "properties": {
        "extinto": "ARNEUDO JUAN BAUTISTA",
        "nacimiento": "1922-05-15 00:00:00",
        "defuncion": "2006-05-28 00:00:00"
      },
      "geometry": {
        "type": "Point",
        "coordinates": [
          -63.51630214245499,
          -31.567829612120644
        ]
      }
    },
    {
      "type": "Feature",
      "properties": {
        "extinto": "BRUCELLO MARIA ERNESTA",
        "nacimiento": "1920-07-31 00:00:00",
        "defuncion": "2013-08-21 00:00:00"
      },
      "geometry": {
        "type": "Point",
        "coordinates": [
          -63.51630214245499,
          -31.567829612120644
        ]
      }
    },
    {
      "type": "Feature",
      "properties": {
        "extinto": "ARNEUDO JORGE PEDRO",
        "nacimiento": "1977-03-24 00:00:00",
        "defuncion": "1977-03-25 00:00:00"
      },
      "geometry": {
        "type": "Point",
        "coordinates": [
          -63.51631564508431,
          -31.567827662099383
        ]
      }
    },
    {
      "type": "Feature",
      "properties": {
        "extinto": "ARNEUDO CARLOS OSCAR",
        "nacimiento": "1977-03-24 00:00:00",
        "defuncion": "1977-03-25 00:00:00"
      },
      "geometry": {
        "type": "Point",
        "coordinates": [
          -63.51631564508431,
          -31.567827662099383
        ]
      }
    },
    {
      "type": "Feature",
      "properties": {
        "extinto": "EDE  ANGELA  PORCARI",
        "nacimiento": "1940-02-04 00:00:00",
        "defuncion": "2024-04-26 00:00:00"
      },
      "geometry": {
        "type": "Point",
        "coordinates": [
          -63.51632370414229,
          -31.56786856957824
        ]
      }
    },
    {
      "type": "Feature",
      "properties": {
        "extinto": "RICARDO MATA",
        "nacimiento": "1937-09-20 00:00:00",
        "defuncion": "2014-12-04 00:00:00"
      },
      "geometry": {
        "type": "Point",
        "coordinates": [
          -63.51635070941063,
          -31.56786466952963
        ]
      }
    },
    {
      "type": "Feature",
      "properties": {
        "extinto": "KURINA MARIA FRANCISCA",
        "nacimiento": "1937-04-27 00:00:00",
        "defuncion": "2016-08-25 00:00:00"
      },
      "geometry": {
        "type": "Point",
        "coordinates": [
          -63.51635070941063,
          -31.56786466952963
        ]
      }
    },
    {
      "type": "Feature",
      "properties": {
        "extinto": "PEREZ OSFALDO ERNESTO",
        "nacimiento": "1935-01-28 00:00:00",
        "defuncion": "2002-01-25 00:00:00"
      },
      "geometry": {
        "type": "Point",
        "coordinates": [
          -63.516364212043904,
          -31.567862719503193
        ]
      }
    },
    {
      "type": "Feature",
      "properties": {
        "extinto": "FERNANDEZ MIRTA GRACIELA",
        "nacimiento": "2003-05-27 00:00:00",
        "defuncion": "2003-05-27 00:00:00"
      },
      "geometry": {
        "type": "Point",
        "coordinates": [
          -63.51637953212745,
          -31.567810227456516
        ]
      }
    },
    {
      "type": "Feature",
      "properties": {
        "extinto": "GABRIELA A ZANONI",
        "nacimiento": "1974-10-02 00:00:00",
        "defuncion": "1983-06-11 00:00:00"
      },
      "geometry": {
        "type": "Point",
        "coordinates": [
          -63.51637953212745,
          -31.567810227456516
        ]
      }
    },
    {
      "type": "Feature",
      "properties": {
        "extinto": "ELENA GRASSO",
        "nacimiento": "1926-07-11 00:00:00",
        "defuncion": "2010-02-09 00:00:00"
      },
      "geometry": {
        "type": "Point",
        "coordinates": [
          -63.516392827090534,
          -31.567807419971007
        ]
      }
    },
    {
      "type": "Feature",
      "properties": {
        "extinto": "FERNANDEZ ANTONIO",
        "nacimiento": "1925-05-24 00:00:00",
        "defuncion": "1971-11-29 00:00:00"
      },
      "geometry": {
        "type": "Point",
        "coordinates": [
          -63.516392827090534,
          -31.567807419971007
        ]
      }
    },
    {
      "type": "Feature",
      "properties": {
        "extinto": "FERNANDEZ SUSANA ELENA",
        "nacimiento": "1951-03-05 00:00:00",
        "defuncion": "1951-03-08 00:00:00"
      },
      "geometry": {
        "type": "Point",
        "coordinates": [
          -63.516392827090534,
          -31.567807419971007
        ]
      }
    },
    {
      "type": "Feature",
      "properties": {
        "extinto": "LOPEZ LAURO RAMON",
        "nacimiento": "1920-08-18 00:00:00",
        "defuncion": "2012-05-30 00:00:00"
      },
      "geometry": {
        "type": "Point",
        "coordinates": [
          -63.516398628482506,
          -31.567827559142508
        ]
      }
    },
    {
      "type": "Feature",
      "properties": {
        "extinto": "PAVON JENARA",
        "nacimiento": "1924-09-19 00:00:00",
        "defuncion": "2016-07-26 00:00:00"
      },
      "geometry": {
        "type": "Point",
        "coordinates": [
          -63.516398628482506,
          -31.567827559142508
        ]
      }
    },
    {
      "type": "Feature",
      "properties": {
        "extinto": "RAUL GERMAN URTEAGA",
        "nacimiento": "1929-11-23 00:00:00",
        "defuncion": "2016-01-25 00:00:00"
      },
      "geometry": {
        "type": "Point",
        "coordinates": [
          -63.516404429877056,
          -31.567847698313678
        ]
      }
    },
    {
      "type": "Feature",
      "properties": {
        "extinto": "CRISTINA ROSA GRASSO",
        "nacimiento": "1931-08-20 00:00:00",
        "defuncion": "2018-04-06 00:00:00"
      },
      "geometry": {
        "type": "Point",
        "coordinates": [
          -63.516404429877056,
          -31.567847698313678
        ]
      }
    },
    {
      "type": "Feature",
      "properties": {
        "extinto": "ANGEL LEIRIA",
        "nacimiento": "2014-04-09 00:00:00",
        "defuncion": "2014-04-09 00:00:00"
      },
      "geometry": {
        "type": "Point",
        "coordinates": [
          -63.51641772484461,
          -31.567844890825548
        ]
      }
    },
    {
      "type": "Feature",
      "properties": {
        "extinto": "FILOMENA CLEMIRA ZABALA",
        "nacimiento": "2014-04-09 00:00:00",
        "defuncion": "2014-04-09 00:00:00"
      },
      "geometry": {
        "type": "Point",
        "coordinates": [
          -63.51641772484461,
          -31.567844890825548
        ]
      }
    },
    {
      "type": "Feature",
      "properties": {
        "extinto": "HERMINIA ROSA LEIRIA",
        "nacimiento": "1936-05-08 00:00:00",
        "defuncion": "2014-12-04 00:00:00"
      },
      "geometry": {
        "type": "Point",
        "coordinates": [
          -63.51641772484461,
          -31.567844890825548
        ]
      }
    },
    {
      "type": "Feature",
      "properties": {
        "extinto": "ROSSI VIRGILIO SANTOS",
        "nacimiento": "1918-11-01 00:00:00",
        "defuncion": "2000-05-09 00:00:00"
      },
      "geometry": {
        "type": "Point",
        "coordinates": [
          -63.51641941701425,
          -31.567801804995867
        ]
      }
    },
    {
      "type": "Feature",
      "properties": {
        "extinto": "ROSSI VICTORIA",
        "nacimiento": "1900-01-01 00:00:00",
        "defuncion": "1978-02-06 00:00:00"
      },
      "geometry": {
        "type": "Point",
        "coordinates": [
          -63.51641941701425,
          -31.567801804995867
        ]
      }
    },
    {
      "type": "Feature",
      "properties": {
        "extinto": "ISABEL ROSA PERALTA",
        "nacimiento": "1924-09-04 00:00:00",
        "defuncion": "2013-06-11 00:00:00"
      },
      "geometry": {
        "type": "Point",
        "coordinates": [
          -63.51641941701425,
          -31.567801804995867
        ]
      }
    },
    {
      "type": "Feature",
      "properties": {
        "extinto": "CEJAS CARLOS OSVALDO",
        "nacimiento": "1941-10-22 00:00:00",
        "defuncion": "2006-02-13 00:00:00"
      },
      "geometry": {
        "type": "Point",
        "coordinates": [
          -63.51644600693469,
          -31.567796190015244
        ]
      }
    },
    {
      "type": "Feature",
      "properties": {
        "extinto": "JORGE RUBEN YERCOVICH",
        "nacimiento": "1952-01-01 00:00:00",
        "defuncion": "2022-11-20 00:00:00"
      },
      "geometry": {
        "type": "Point",
        "coordinates": [
          -63.5164576097425,
          -31.56783646835291
        ]
      }
    },
    {
      "type": "Feature",
      "properties": {
        "extinto": "MOLINA LAURA DE",
        "nacimiento": "1924-04-30 00:00:00",
        "defuncion": "2001-11-19 00:00:00"
      },
      "geometry": {
        "type": "Point",
        "coordinates": [
          -63.516470904706836,
          -31.567833660859296
        ]
      }
    },
    {
      "type": "Feature",
      "properties": {
        "extinto": "CROSS EDUARDO",
        "nacimiento": "1920-01-28 00:00:00",
        "defuncion": "1991-10-16 00:00:00"
      },
      "geometry": {
        "type": "Point",
        "coordinates": [
          -63.516470904706836,
          -31.567833660859296
        ]
      }
    },
    {
      "type": "Feature",
      "properties": {
        "extinto": "CROSS JUAN CARLOS",
        "nacimiento": "1951-11-29 00:00:00",
        "defuncion": "1989-01-06 00:00:00"
      },
      "geometry": {
        "type": "Point",
        "coordinates": [
          -63.516470904706836,
          -31.567833660859296
        ]
      }
    },
    {
      "type": "Feature",
      "properties": {
        "extinto": "ROBERTO LUIS FENOGLIO",
        "nacimiento": "1931-12-17 00:00:00",
        "defuncion": "2019-09-23 00:00:00"
      },
      "geometry": {
        "type": "Point",
        "coordinates": [
          -63.51647259685186,
          -31.567790575029097
        ]
      }
    },
    {
      "type": "Feature",
      "properties": {
        "extinto": "TERESITA ELVIRA VASALLO",
        "nacimiento": "1939-01-25 00:00:00",
        "defuncion": "2021-07-28 00:00:00"
      },
      "geometry": {
        "type": "Point",
        "coordinates": [
          -63.51647259685186,
          -31.567790575029097
        ]
      }
    },
    {
      "type": "Feature",
      "properties": {
        "extinto": "LAURA TERESA CROSS",
        "nacimiento": "1946-03-21 00:00:00",
        "defuncion": "2017-03-26 00:00:00"
      },
      "geometry": {
        "type": "Point",
        "coordinates": [
          -63.51647839825982,
          -31.56781071419687
        ]
      }
    },
    {
      "type": "Feature",
      "properties": {
        "extinto": "LUQUE LUIS LINDOR",
        "nacimiento": "1909-11-29 00:00:00",
        "defuncion": "1997-12-16 00:00:00"
      },
      "geometry": {
        "type": "Point",
        "coordinates": [
          -63.51648419967035,
          -31.567830853364292
        ]
      }
    },
    {
      "type": "Feature",
      "properties": {
        "extinto": "MARIA MAGDALENA ALVAREZ",
        "nacimiento": "1954-05-30 00:00:00",
        "defuncion": "2009-04-16 00:00:00"
      },
      "geometry": {
        "type": "Point",
        "coordinates": [
          -63.51648419967035,
          -31.567830853364292
        ]
      }
    },
    {
      "type": "Feature",
      "properties": {
        "extinto": "AMADO LUNA JUAN CARLOS",
        "nacimiento": "2017-03-14 00:00:00",
        "defuncion": "2017-03-14 00:00:00"
      },
      "geometry": {
        "type": "Point",
        "coordinates": [
          -63.51649749463303,
          -31.567828045867902
        ]
      }
    },
    {
      "type": "Feature",
      "properties": {
        "extinto": "BACILE LUDUEÑA EMMA",
        "nacimiento": "2017-03-14 00:00:00",
        "defuncion": "2017-03-14 00:00:00"
      },
      "geometry": {
        "type": "Point",
        "coordinates": [
          -63.51649749463303,
          -31.567828045867902
        ]
      }
    },
    {
      "type": "Feature",
      "properties": {
        "extinto": "RAUL EDUARDO LUDUEÑA",
        "nacimiento": "1969-12-30 00:00:00",
        "defuncion": "2020-11-15 00:00:00"
      },
      "geometry": {
        "type": "Point",
        "coordinates": [
          -63.51650498817907,
          -31.56780509920398
        ]
      }
    },
    {
      "type": "Feature",
      "properties": {
        "extinto": "ALVAREZ MARIA",
        "nacimiento": "1915-06-20 00:00:00",
        "defuncion": "2001-10-08 00:00:00"
      },
      "geometry": {
        "type": "Point",
        "coordinates": [
          -63.51651078959492,
          -31.567825238370148
        ]
      }
    },
    {
      "type": "Feature",
      "properties": {
        "extinto": "HORACIO ESTEBAN CISTERNA",
        "nacimiento": "1912-08-03 00:00:00",
        "defuncion": "1989-09-23 00:00:00"
      },
      "geometry": {
        "type": "Point",
        "coordinates": [
          -63.51651078959492,
          -31.567825238370148
        ]
      }
    },
    {
      "type": "Feature",
      "properties": {
        "extinto": "CISTERNA ROBERTO ESTEBAN",
        "nacimiento": "1952-10-29 00:00:00",
        "defuncion": "2010-07-01 00:00:00"
      },
      "geometry": {
        "type": "Point",
        "coordinates": [
          -63.51651078959492,
          -31.567825238370148
        ]
      }
    },
    {
      "type": "Feature",
      "properties": {
        "extinto": "PEDERNERA BERNARDA CELIA",
        "nacimiento": "1937-06-11 00:00:00",
        "defuncion": "2013-06-28 00:00:00"
      },
      "geometry": {
        "type": "Point",
        "coordinates": [
          -63.51652408455599,
          -31.567822430871015
        ]
      }
    },
    {
      "type": "Feature",
      "properties": {
        "extinto": "RODRIGUEZ CARMEN F",
        "nacimiento": "1917-12-08 00:00:00",
        "defuncion": "1993-03-06 00:00:00"
      },
      "geometry": {
        "type": "Point",
        "coordinates": [
          -63.51620756326186,
          -31.567689517870004
        ]
      }
    },
    {
      "type": "Feature",
      "properties": {
        "extinto": "PEREZ MARIA ALCIRA",
        "nacimiento": "1924-04-29 00:00:00",
        "defuncion": "1969-10-04 00:00:00"
      },
      "geometry": {
        "type": "Point",
        "coordinates": [
          -63.51620756326186,
          -31.567689517870004
        ]
      }
    },
    {
      "type": "Feature",
      "properties": {
        "extinto": "FLORES MARIA VICTORIA DEL CARMEN",
        "nacimiento": "1916-02-25 00:00:00",
        "defuncion": "2004-07-12 00:00:00"
      },
      "geometry": {
        "type": "Point",
        "coordinates": [
          -63.516234351195145,
          -31.567792512078697
        ]
      }
    },
    {
      "type": "Feature",
      "properties": {
        "extinto": "FLORES BRUNO EMILIO",
        "nacimiento": "1919-10-06 00:00:00",
        "defuncion": "2007-01-05 00:00:00"
      },
      "geometry": {
        "type": "Point",
        "coordinates": [
          -63.516234351195145,
          -31.567792512078697
        ]
      }
    },
    {
      "type": "Feature",
      "properties": {
        "extinto": "MENCEGUEZ IRMA BEATRIZ",
        "nacimiento": "1971-07-01 00:00:00",
        "defuncion": "2008-10-19 00:00:00"
      },
      "geometry": {
        "type": "Point",
        "coordinates": [
          -63.5162403040774,
          -31.567815399679546
        ]
      }
    },
    {
      "type": "Feature",
      "properties": {
        "extinto": "ALANIS ALBERTO NILO",
        "nacimiento": "1952-09-26 00:00:00",
        "defuncion": "2017-05-13 00:00:00"
      },
      "geometry": {
        "type": "Point",
        "coordinates": [
          -63.5162403040774,
          -31.567815399679546
        ]
      }
    },
    {
      "type": "Feature",
      "properties": {
        "extinto": "ALFARO JORGE ALDO",
        "nacimiento": "1957-07-25 00:00:00",
        "defuncion": "2006-09-06 00:00:00"
      },
      "geometry": {
        "type": "Point",
        "coordinates": [
          -63.5162401400193,
          -31.56771934057085
        ]
      }
    },
    {
      "type": "Feature",
      "properties": {
        "extinto": "MOLINA MARIA ESTHER",
        "nacimiento": "1932-09-03 00:00:00",
        "defuncion": "2016-10-02 00:00:00"
      },
      "geometry": {
        "type": "Point",
        "coordinates": [
          -63.5162401400193,
          -31.56771934057085
        ]
      }
    },
    {
      "type": "Feature",
      "properties": {
        "extinto": "JUAN  CARLOS  FAILLA",
        "nacimiento": "1946-06-12 00:00:00",
        "defuncion": "2024-03-30 00:00:00"
      },
      "geometry": {
        "type": "Point",
        "coordinates": [
          -63.5162401400193,
          -31.56771934057085
        ]
      }
    },
    {
      "type": "Feature",
      "properties": {
        "extinto": "MACHADO OSVALDO PEDRO",
        "nacimiento": "1940-01-17 00:00:00",
        "defuncion": "2004-07-25 00:00:00"
      },
      "geometry": {
        "type": "Point",
        "coordinates": [
          -63.516246092898086,
          -31.56774222817174
        ]
      }
    },
    {
      "type": "Feature",
      "properties": {
        "extinto": "FLORENTINO HERNANDEZ",
        "nacimiento": "1937-10-30 00:00:00",
        "defuncion": "2022-02-02 00:00:00"
      },
      "geometry": {
        "type": "Point",
        "coordinates": [
          -63.516246092898086,
          -31.56774222817174
        ]
      }
    },
    {
      "type": "Feature",
      "properties": {
        "extinto": "TERESA ALDA CRISTIN",
        "nacimiento": "1948-10-23 00:00:00",
        "defuncion": "2020-01-25 00:00:00"
      },
      "geometry": {
        "type": "Point",
        "coordinates": [
          -63.516249069338585,
          -31.56775367197203
        ]
      }
    },
    {
      "type": "Feature",
      "properties": {
        "extinto": "EDMUNDO FRANCISCO CRISTIN",
        "nacimiento": "1940-03-09 00:00:00",
        "defuncion": "2017-10-23 00:00:00"
      },
      "geometry": {
        "type": "Point",
        "coordinates": [
          -63.51625204577984,
          -31.56776511577222
        ]
      }
    },
    {
      "type": "Feature",
      "properties": {
        "extinto": "ELVA ROSA RIGAZIO",
        "nacimiento": "1942-08-10 00:00:00",
        "defuncion": "2022-01-07 00:00:00"
      },
      "geometry": {
        "type": "Point",
        "coordinates": [
          -63.51625204577984,
          -31.56776511577222
        ]
      }
    },
    {
      "type": "Feature",
      "properties": {
        "extinto": "EMILIO BARBIERI",
        "nacimiento": "1942-08-15 00:00:00",
        "defuncion": "2018-07-01 00:00:00"
      },
      "geometry": {
        "type": "Point",
        "coordinates": [
          -63.51626097510808,
          -31.567799447172245
        ]
      }
    },
    {
      "type": "Feature",
      "properties": {
        "extinto": "CARLOS BARBIERI",
        "nacimiento": "1939-11-11 00:00:00",
        "defuncion": "2017-01-10 00:00:00"
      },
      "geometry": {
        "type": "Point",
        "coordinates": [
          -63.516263951552325,
          -31.567810890972044
        ]
      }
    },
    {
      "type": "Feature",
      "properties": {
        "extinto": "PALAZON JOSEFINA SARA",
        "nacimiento": "1925-02-26 00:00:00",
        "defuncion": "2006-06-06 00:00:00"
      },
      "geometry": {
        "type": "Point",
        "coordinates": [
          -63.51625999889735,
          -31.567679520309277
        ]
      }
    },
    {
      "type": "Feature",
      "properties": {
        "extinto": "ALFREDO BENJAMIN PALAZON",
        "nacimiento": "1932-12-31 00:00:00",
        "defuncion": "2019-08-30 00:00:00"
      },
      "geometry": {
        "type": "Point",
        "coordinates": [
          -63.51625999889735,
          -31.567679520309277
        ]
      }
    },
    {
      "type": "Feature",
      "properties": {
        "extinto": "ALGARBE JUAN CARLOS",
        "nacimiento": "1952-12-21 00:00:00",
        "defuncion": "1992-06-01 00:00:00"
      },
      "geometry": {
        "type": "Point",
        "coordinates": [
          -63.51626297533744,
          -31.56769096410935
        ]
      }
    },
    {
      "type": "Feature",
      "properties": {
        "extinto": "LISTELLO CARLOS ERNESTO ENRIQUE",
        "nacimiento": "1966-01-12 00:00:00",
        "defuncion": "2017-05-27 00:00:00"
      },
      "geometry": {
        "type": "Point",
        "coordinates": [
          -63.516265951778294,
          -31.56770240790934
        ]
      }
    },
    {
      "type": "Feature",
      "properties": {
        "extinto": "ARNOLETTI FLORENTINO",
        "nacimiento": "1938-07-25 00:00:00",
        "defuncion": "2013-02-25 00:00:00"
      },
      "geometry": {
        "type": "Point",
        "coordinates": [
          -63.51626892821989,
          -31.567713851709232
        ]
      }
    },
    {
      "type": "Feature",
      "properties": {
        "extinto": "ESTER LUCINIA GONZALEZ",
        "nacimiento": "1946-08-06 00:00:00",
        "defuncion": "2019-12-09 00:00:00"
      },
      "geometry": {
        "type": "Point",
        "coordinates": [
          -63.51626892821989,
          -31.567713851709232
        ]
      }
    },
    {
      "type": "Feature",
      "properties": {
        "extinto": "FLORES JUAN GABRIEL",
        "nacimiento": "1922-12-05 00:00:00",
        "defuncion": "2004-08-31 00:00:00"
      },
      "geometry": {
        "type": "Point",
        "coordinates": [
          -63.51627190466223,
          -31.567725295509035
        ]
      }
    },
    {
      "type": "Feature",
      "properties": {
        "extinto": "RAMONA OLGA PEREZ",
        "nacimiento": "1930-12-25 00:00:00",
        "defuncion": "2011-01-13 00:00:00"
      },
      "geometry": {
        "type": "Point",
        "coordinates": [
          -63.51627190466223,
          -31.567725295509035
        ]
      }
    },
    {
      "type": "Feature",
      "properties": {
        "extinto": "JUAN HUMBERTO FLORES",
        "nacimiento": "1957-03-16 00:00:00",
        "defuncion": "1993-05-23 00:00:00"
      },
      "geometry": {
        "type": "Point",
        "coordinates": [
          -63.51627785754912,
          -31.56774818310833
        ]
      }
    },
    {
      "type": "Feature",
      "properties": {
        "extinto": "MOLINA FREDESVINDA",
        "nacimiento": "1916-08-21 00:00:00",
        "defuncion": "2003-06-01 00:00:00"
      },
      "geometry": {
        "type": "Point",
        "coordinates": [
          -63.516283810439035,
          -31.56777107070723
        ]
      }
    },
    {
      "type": "Feature",
      "properties": {
        "extinto": "LUCAS OSCAR BROCHERO",
        "nacimiento": "1941-01-14 00:00:00",
        "defuncion": "2018-03-30 00:00:00"
      },
      "geometry": {
        "type": "Point",
        "coordinates": [
          -63.51629176352791,
          -31.567685475242683
        ]
      }
    },
    {
      "type": "Feature",
      "properties": {
        "extinto": "N/N REMENTERIA/JUAREZ",
        "nacimiento": "2007-09-01 00:00:00",
        "defuncion": "2007-09-01 00:00:00"
      },
      "geometry": {
        "type": "Point",
        "coordinates": [
          -63.51630069286264,
          -31.567719806640277
        ]
      }
    },
    {
      "type": "Feature",
      "properties": {
        "extinto": "MARGARIA CLIBER HILARIO",
        "nacimiento": "1935-10-21 00:00:00",
        "defuncion": "2007-02-06 00:00:00"
      },
      "geometry": {
        "type": "Point",
        "coordinates": [
          -63.516303669309046,
          -31.56773125043927
        ]
      }
    },
    {
      "type": "Feature",
      "properties": {
        "extinto": "MARGARIA LORENZO",
        "nacimiento": "1915-10-20 00:00:00",
        "defuncion": "1975-09-11 00:00:00"
      },
      "geometry": {
        "type": "Point",
        "coordinates": [
          -63.516303669309046,
          -31.56773125043927
        ]
      }
    },
    {
      "type": "Feature",
      "properties": {
        "extinto": "CASAS DE MARGARIA VICTORIA",
        "nacimiento": "1910-10-10 00:00:00",
        "defuncion": "1970-01-12 00:00:00"
      },
      "geometry": {
        "type": "Point",
        "coordinates": [
          -63.516303669309046,
          -31.56773125043927
        ]
      }
    },
    {
      "type": "Feature",
      "properties": {
        "extinto": "VARAS VICTOR HUGO",
        "nacimiento": "1947-12-04 00:00:00",
        "defuncion": "2017-09-14 00:00:00"
      },
      "geometry": {
        "type": "Point",
        "coordinates": [
          -63.51631259865274,
          -31.567765581835687
        ]
      }
    },
    {
      "type": "Feature",
      "properties": {
        "extinto": "RONCATO DOMINGA",
        "nacimiento": "1918-09-18 00:00:00",
        "defuncion": "1991-09-12 00:00:00"
      },
      "geometry": {
        "type": "Point",
        "coordinates": [
          -63.516312434521325,
          -31.56766952272714
        ]
      }
    },
    {
      "type": "Feature",
      "properties": {
        "extinto": "NAZETTA ANGEL JOSE",
        "nacimiento": "1915-03-16 00:00:00",
        "defuncion": "2007-08-02 00:00:00"
      },
      "geometry": {
        "type": "Point",
        "coordinates": [
          -63.516312434521325,
          -31.56766952272714
        ]
      }
    },
    {
      "type": "Feature",
      "properties": {
        "extinto": "LUIS DOMINGO GOMEZ",
        "nacimiento": "1947-08-10 00:00:00",
        "defuncion": "2010-02-11 00:00:00"
      },
      "geometry": {
        "type": "Point",
        "coordinates": [
          -63.516315410967465,
          -31.567680966525955
        ]
      }
    },
    {
      "type": "Feature",
      "properties": {
        "extinto": "LUQUE NANCY",
        "nacimiento": "1971-04-12 00:00:00",
        "defuncion": "1971-04-16 00:00:00"
      },
      "geometry": {
        "type": "Point",
        "coordinates": [
          -63.51631838741437,
          -31.56769241032467
        ]
      }
    },
    {
      "type": "Feature",
      "properties": {
        "extinto": "MONGILARDI JUAN JOSE",
        "nacimiento": "1980-12-09 00:00:00",
        "defuncion": "1980-12-09 00:00:00"
      },
      "geometry": {
        "type": "Point",
        "coordinates": [
          -63.51631838741437,
          -31.56769241032467
        ]
      }
    },
    {
      "type": "Feature",
      "properties": {
        "extinto": "LUIS  ENRIQUE  LUQUE",
        "nacimiento": "1941-05-25 00:00:00",
        "defuncion": "2023-08-05 00:00:00"
      },
      "geometry": {
        "type": "Point",
        "coordinates": [
          -63.51631838741437,
          -31.56769241032467
        ]
      }
    },
    {
      "type": "Feature",
      "properties": {
        "extinto": "HECTOR HUGO GOMEZ",
        "nacimiento": "1958-04-23 00:00:00",
        "defuncion": "2020-05-23 00:00:00"
      },
      "geometry": {
        "type": "Point",
        "coordinates": [
          -63.516321363862005,
          -31.567703854123305
        ]
      }
    },
    {
      "type": "Feature",
      "properties": {
        "extinto": "NIS ELENA",
        "nacimiento": "1900-10-10 00:00:00",
        "defuncion": "1900-10-10 00:00:00"
      },
      "geometry": {
        "type": "Point",
        "coordinates": [
          -63.516324340310405,
          -31.56771529792183
        ]
      }
    },
    {
      "type": "Feature",
      "properties": {
        "extinto": "LIENDO ESTANISLAO",
        "nacimiento": "1900-10-10 00:00:00",
        "defuncion": "1900-10-10 00:00:00"
      },
      "geometry": {
        "type": "Point",
        "coordinates": [
          -63.516324340310405,
          -31.56771529792183
        ]
      }
    },
    {
      "type": "Feature",
      "properties": {
        "extinto": "MORAL MARGARITA",
        "nacimiento": "1908-09-07 00:00:00",
        "defuncion": "1999-06-19 00:00:00"
      },
      "geometry": {
        "type": "Point",
        "coordinates": [
          -63.516324340310405,
          -31.56771529792183
        ]
      }
    },
    {
      "type": "Feature",
      "properties": {
        "extinto": "LIENDO NIS MIGUEL ANGEL",
        "nacimiento": "1909-12-31 00:00:00",
        "defuncion": "1980-04-01 00:00:00"
      },
      "geometry": {
        "type": "Point",
        "coordinates": [
          -63.516324340310405,
          -31.56771529792183
        ]
      }
    },
    {
      "type": "Feature",
      "properties": {
        "extinto": "N/N PEDRO BENJAMIN MOLINA MARINEZ",
        "nacimiento": "2018-10-08 00:00:00",
        "defuncion": "2018-10-08 00:00:00"
      },
      "geometry": {
        "type": "Point",
        "coordinates": [
          -63.51632731675952,
          -31.567726741720257
        ]
      }
    },
    {
      "type": "Feature",
      "properties": {
        "extinto": "BOSSIO TOMAS JUAN VALENTIN",
        "nacimiento": "1927-02-14 00:00:00",
        "defuncion": "1996-07-09 00:00:00"
      },
      "geometry": {
        "type": "Point",
        "coordinates": [
          -63.516330293209414,
          -31.567738185518586
        ]
      }
    },
    {
      "type": "Feature",
      "properties": {
        "extinto": "CAMARADA MARIA SOFIA",
        "nacimiento": "1938-07-13 00:00:00",
        "defuncion": "2013-09-07 00:00:00"
      },
      "geometry": {
        "type": "Point",
        "coordinates": [
          -63.516330293209414,
          -31.567738185518586
        ]
      }
    },
    {
      "type": "Feature",
      "properties": {
        "extinto": "MICHELLI NESTOR JUAN",
        "nacimiento": "1932-02-28 00:00:00",
        "defuncion": "2016-01-22 00:00:00"
      },
      "geometry": {
        "type": "Point",
        "coordinates": [
          -63.516333269660045,
          -31.567749629316808
        ]
      }
    },
    {
      "type": "Feature",
      "properties": {
        "extinto": "SARA MERCEDES GAZZONI",
        "nacimiento": "1932-09-25 00:00:00",
        "defuncion": "2018-05-13 00:00:00"
      },
      "geometry": {
        "type": "Point",
        "coordinates": [
          -63.516333269660045,
          -31.567749629316808
        ]
      }
    },
    {
      "type": "Feature",
      "properties": {
        "extinto": "DUGATTO DANILO",
        "nacimiento": "1943-01-29 00:00:00",
        "defuncion": "1999-03-22 00:00:00"
      },
      "geometry": {
        "type": "Point",
        "coordinates": [
          -63.51634517547,
          -31.567795404508775
        ]
      }
    },
    {
      "type": "Feature",
      "properties": {
        "extinto": "DUGATTO MILVA",
        "nacimiento": "1991-09-29 00:00:00",
        "defuncion": "1991-09-29 00:00:00"
      },
      "geometry": {
        "type": "Point",
        "coordinates": [
          -63.51634517547,
          -31.567795404508775
        ]
      }
    },
    {
      "type": "Feature",
      "properties": {
        "extinto": "HERMINIO EMILIO RIVARA",
        "nacimiento": "1941-07-09 00:00:00",
        "defuncion": "2011-07-10 00:00:00"
      },
      "geometry": {
        "type": "Point",
        "coordinates": [
          -63.51591631392774,
          -31.567739655287628
        ]
      }
    },
    {
      "type": "Feature",
      "properties": {
        "extinto": "RIVARA MIGUEL PEDRO",
        "nacimiento": "1912-12-10 00:00:00",
        "defuncion": "1957-01-22 00:00:00"
      },
      "geometry": {
        "type": "Point",
        "coordinates": [
          -63.51591891731182,
          -31.567751165566026
        ]
      }
    },
    {
      "type": "Feature",
      "properties": {
        "extinto": "CRISTIN JOSEFA",
        "nacimiento": "1914-08-09 00:00:00",
        "defuncion": "1970-01-04 00:00:00"
      },
      "geometry": {
        "type": "Point",
        "coordinates": [
          -63.51591891731182,
          -31.567751165566026
        ]
      }
    },
    {
      "type": "Feature",
      "properties": {
        "extinto": "RIVARA VICTORIO H.",
        "nacimiento": "1934-04-15 00:00:00",
        "defuncion": "2000-06-10 00:00:00"
      },
      "geometry": {
        "type": "Point",
        "coordinates": [
          -63.51591891731182,
          -31.567751165566026
        ]
      }
    },
    {
      "type": "Feature",
      "properties": {
        "extinto": "VERONICA DEL VALLE CEAGLIO",
        "nacimiento": "1975-06-14 00:00:00",
        "defuncion": "1975-06-15 00:00:00"
      },
      "geometry": {
        "type": "Point",
        "coordinates": [
          -63.5159267274681,
          -31.567785696400758
        ]
      }
    },
    {
      "type": "Feature",
      "properties": {
        "extinto": "ADRIANA RAMONA CEAGLIO",
        "nacimiento": "1977-06-19 00:00:00",
        "defuncion": "1977-06-20 00:00:00"
      },
      "geometry": {
        "type": "Point",
        "coordinates": [
          -63.5159267274681,
          -31.567785696400758
        ]
      }
    },
    {
      "type": "Feature",
      "properties": {
        "extinto": "DELQUI CEAGLIO",
        "nacimiento": "1943-08-04 00:00:00",
        "defuncion": "2017-08-10 00:00:00"
      },
      "geometry": {
        "type": "Point",
        "coordinates": [
          -63.5159267274681,
          -31.567785696400758
        ]
      }
    },
    {
      "type": "Feature",
      "properties": {
        "extinto": "MARIA ROSA C",
        "nacimiento": "1979-03-03 00:00:00",
        "defuncion": "1979-03-03 00:00:00"
      },
      "geometry": {
        "type": "Point",
        "coordinates": [
          -63.515931934242246,
          -31.567808716956854
        ]
      }
    },
    {
      "type": "Feature",
      "properties": {
        "extinto": "EDUARDO OSCAR C",
        "nacimiento": "1964-11-12 00:00:00",
        "defuncion": "1977-07-25 00:00:00"
      },
      "geometry": {
        "type": "Point",
        "coordinates": [
          -63.515931934242246,
          -31.567808716956854
        ]
      }
    },
    {
      "type": "Feature",
      "properties": {
        "extinto": "ESTAURINO FRANCO",
        "nacimiento": "2008-01-11 00:00:00",
        "defuncion": "2008-01-11 00:00:00"
      },
      "geometry": {
        "type": "Point",
        "coordinates": [
          -63.515931934242246,
          -31.567808716956854
        ]
      }
    },
    {
      "type": "Feature",
      "properties": {
        "extinto": "MAIDANA MARIA HIPOLITA",
        "nacimiento": "1917-08-17 00:00:00",
        "defuncion": "2000-11-07 00:00:00"
      },
      "geometry": {
        "type": "Point",
        "coordinates": [
          -63.51594495118913,
          -31.567866268345647
        ]
      }
    },
    {
      "type": "Feature",
      "properties": {
        "extinto": "ALDO  GASPAR  CEAGLIO",
        "nacimiento": "1945-03-02 00:00:00",
        "defuncion": "1985-12-07 00:00:00"
      },
      "geometry": {
        "type": "Point",
        "coordinates": [
          -63.51594495118913,
          -31.567866268345647
        ]
      }
    },
    {
      "type": "Feature",
      "properties": {
        "extinto": "ELDA ARGUELLO",
        "nacimiento": "1950-04-08 00:00:00",
        "defuncion": "2009-04-11 00:00:00"
      },
      "geometry": {
        "type": "Point",
        "coordinates": [
          -63.51594009875367,
          -31.567735711684183
        ]
      }
    },
    {
      "type": "Feature",
      "properties": {
        "extinto": "PRADO JAVIER MARTIN",
        "nacimiento": "1995-08-05 00:00:00",
        "defuncion": "2009-01-16 00:00:00"
      },
      "geometry": {
        "type": "Point",
        "coordinates": [
          -63.51594270214059,
          -31.567747221962087
        ]
      }
    },
    {
      "type": "Feature",
      "properties": {
        "extinto": "RAMALLO ORFILIO",
        "nacimiento": "1933-04-11 00:00:00",
        "defuncion": "1982-01-10 00:00:00"
      },
      "geometry": {
        "type": "Point",
        "coordinates": [
          -63.51594790891635,
          -31.567770242517625
        ]
      }
    },
    {
      "type": "Feature",
      "properties": {
        "extinto": "ARGUELLO MANUELA GRISELDA",
        "nacimiento": "1930-12-03 00:00:00",
        "defuncion": "1965-12-03 00:00:00"
      },
      "geometry": {
        "type": "Point",
        "coordinates": [
          -63.51594790891635,
          -31.567770242517625
        ]
      }
    },
    {
      "type": "Feature",
      "properties": {
        "extinto": "PERALTA MARIA CATALINA",
        "nacimiento": "1935-04-28 00:00:00",
        "defuncion": "2012-12-28 00:00:00"
      },
      "geometry": {
        "type": "Point",
        "coordinates": [
          -63.51594790891635,
          -31.567770242517625
        ]
      }
    },
    {
      "type": "Feature",
      "properties": {
        "extinto": "LARROSA FRANCISCO",
        "nacimiento": "1934-06-04 00:00:00",
        "defuncion": "1988-02-14 00:00:00"
      },
      "geometry": {
        "type": "Point",
        "coordinates": [
          -63.51595051230523,
          -31.567781752795284
        ]
      }
    },
    {
      "type": "Feature",
      "properties": {
        "extinto": "ROGELIA  ROSA  LARROSA",
        "nacimiento": "1935-08-30 00:00:00",
        "defuncion": "2023-04-20 00:00:00"
      },
      "geometry": {
        "type": "Point",
        "coordinates": [
          -63.51595051230523,
          -31.567781752795284
        ]
      }
    },
    {
      "type": "Feature",
      "properties": {
        "extinto": "LOYOLA EVELINA DEL VALLE",
        "nacimiento": "1960-02-06 00:00:00",
        "defuncion": "2017-10-05 00:00:00"
      },
      "geometry": {
        "type": "Point",
        "coordinates": [
          -63.51595311569477,
          -31.567793263072872
        ]
      }
    },
    {
      "type": "Feature",
      "properties": {
        "extinto": "JULIO MODESTO BARBOZA",
        "nacimiento": "1936-02-12 00:00:00",
        "defuncion": "2015-06-05 00:00:00"
      },
      "geometry": {
        "type": "Point",
        "coordinates": [
          -63.515968736045856,
          -31.567862324736627
        ]
      }
    },
    {
      "type": "Feature",
      "properties": {
        "extinto": "SIMBRON MARIO CESAR",
        "nacimiento": "1980-05-31 00:00:00",
        "defuncion": "1980-05-31 00:00:00"
      },
      "geometry": {
        "type": "Point",
        "coordinates": [
          -63.51596905419115,
          -31.567730910769708
        ]
      }
    },
    {
      "type": "Feature",
      "properties": {
        "extinto": "VILLABAZA ERMELINDA",
        "nacimiento": "1918-11-18 00:00:00",
        "defuncion": "1998-12-09 00:00:00"
      },
      "geometry": {
        "type": "Point",
        "coordinates": [
          -63.51596905419115,
          -31.567730910769708
        ]
      }
    },
    {
      "type": "Feature",
      "properties": {
        "extinto": "SIMBRON MIGUEL CIPRIANO",
        "nacimiento": "1918-09-26 00:00:00",
        "defuncion": "1996-04-29 00:00:00"
      },
      "geometry": {
        "type": "Point",
        "coordinates": [
          -63.51596905419115,
          -31.567730910769708
        ]
      }
    },
    {
      "type": "Feature",
      "properties": {
        "extinto": "LEIVA ANTONIA",
        "nacimiento": "1919-01-17 00:00:00",
        "defuncion": "2012-06-19 00:00:00"
      },
      "geometry": {
        "type": "Point",
        "coordinates": [
          -63.51597426097243,
          -31.567753931324173
        ]
      }
    },
    {
      "type": "Feature",
      "properties": {
        "extinto": "ALBERT CARLOS",
        "nacimiento": "1949-11-04 00:00:00",
        "defuncion": "1951-08-26 00:00:00"
      },
      "geometry": {
        "type": "Point",
        "coordinates": [
          -63.51597426097243,
          -31.567753931324173
        ]
      }
    },
    {
      "type": "Feature",
      "properties": {
        "extinto": "ALBERT ALFONSO",
        "nacimiento": "1911-10-30 00:00:00",
        "defuncion": "1956-12-20 00:00:00"
      },
      "geometry": {
        "type": "Point",
        "coordinates": [
          -63.51597426097243,
          -31.567753931324173
        ]
      }
    },
    {
      "type": "Feature",
      "properties": {
        "extinto": "OEREZ LIDIA ROSA",
        "nacimiento": "1942-06-30 00:00:00",
        "defuncion": "2013-03-25 00:00:00"
      },
      "geometry": {
        "type": "Point",
        "coordinates": [
          -63.515976864364056,
          -31.56776544160129
        ]
      }
    },
    {
      "type": "Feature",
      "properties": {
        "extinto": "ELEUTERIO  NERIO  PERALTA",
        "nacimiento": "1944-06-05 00:00:00",
        "defuncion": "2024-02-10 00:00:00"
      },
      "geometry": {
        "type": "Point",
        "coordinates": [
          -63.515976864364056,
          -31.56776544160129
        ]
      }
    },
    {
      "type": "Feature",
      "properties": {
        "extinto": "SIMBRON ERGIDIO YSABELINO",
        "nacimiento": "1945-07-01 00:00:00",
        "defuncion": "2000-04-19 00:00:00"
      },
      "geometry": {
        "type": "Point",
        "coordinates": [
          -63.515979467756324,
          -31.567776951878322
        ]
      }
    },
    {
      "type": "Feature",
      "properties": {
        "extinto": "DARIO SEBASTIAN SIMBRON",
        "nacimiento": "1983-12-25 00:00:00",
        "defuncion": "2022-01-08 00:00:00"
      },
      "geometry": {
        "type": "Point",
        "coordinates": [
          -63.51598207114928,
          -31.567788462155296
        ]
      }
    },
    {
      "type": "Feature",
      "properties": {
        "extinto": "MARCELO DALMIRO RAMON ISLA",
        "nacimiento": "1967-02-20 00:00:00",
        "defuncion": "2021-06-21 00:00:00"
      },
      "geometry": {
        "type": "Point",
        "coordinates": [
          -63.51598467454288,
          -31.567799972432173
        ]
      }
    },
    {
      "type": "Feature",
      "properties": {
        "extinto": "ISABEL BORGIATTINO",
        "nacimiento": "1942-11-19 00:00:00",
        "defuncion": "2001-01-11 00:00:00"
      },
      "geometry": {
        "type": "Point",
        "coordinates": [
          -63.51598988133207,
          -31.56782299298568
        ]
      }
    },
    {
      "type": "Feature",
      "properties": {
        "extinto": "LUIS FRANCISCO LUQUE",
        "nacimiento": "1937-05-14 00:00:00",
        "defuncion": "1998-06-07 00:00:00"
      },
      "geometry": {
        "type": "Point",
        "coordinates": [
          -63.51598988133207,
          -31.56782299298568
        ]
      }
    },
    {
      "type": "Feature",
      "properties": {
        "extinto": "LUIS OVIDIO GONZALEZ",
        "nacimiento": "2014-09-23 00:00:00",
        "defuncion": "2014-09-23 00:00:00"
      },
      "geometry": {
        "type": "Point",
        "coordinates": [
          -63.515995442405604,
          -31.56773847743326
        ]
      }
    },
    {
      "type": "Feature",
      "properties": {
        "extinto": "ELECTRA AURELIA AMEDEI",
        "nacimiento": "2014-09-23 00:00:00",
        "defuncion": "2014-09-23 00:00:00"
      },
      "geometry": {
        "type": "Point",
        "coordinates": [
          -63.515995442405604,
          -31.56773847743326
        ]
      }
    },
    {
      "type": "Feature",
      "properties": {
        "extinto": "GONZALEZ AMEIDE AIDA AURORA",
        "nacimiento": "1934-12-25 00:00:00",
        "defuncion": "2017-08-21 00:00:00"
      },
      "geometry": {
        "type": "Point",
        "coordinates": [
          -63.515995442405604,
          -31.56773847743326
        ]
      }
    },
    {
      "type": "Feature",
      "properties": {
        "extinto": "ZABALA MARIA TERESA",
        "nacimiento": "1917-10-15 00:00:00",
        "defuncion": "2004-01-12 00:00:00"
      },
      "geometry": {
        "type": "Point",
        "coordinates": [
          -63.51599804579936,
          -31.567749987709945
        ]
      }
    },
    {
      "type": "Feature",
      "properties": {
        "extinto": "ANDRES VICENTE BONGIOVANNI",
        "nacimiento": "1925-08-25 00:00:00",
        "defuncion": "2012-07-10 00:00:00"
      },
      "geometry": {
        "type": "Point",
        "coordinates": [
          -63.51600064919378,
          -31.567761497986552
        ]
      }
    },
    {
      "type": "Feature",
      "properties": {
        "extinto": "SILVIA HAYDEE GOMEZ",
        "nacimiento": "1928-08-06 00:00:00",
        "defuncion": "2013-04-01 00:00:00"
      },
      "geometry": {
        "type": "Point",
        "coordinates": [
          -63.51600064919378,
          -31.567761497986552
        ]
      }
    },
    {
      "type": "Feature",
      "properties": {
        "extinto": "JAVIER HORACIO ALBERT",
        "nacimiento": "1974-08-09 00:00:00",
        "defuncion": "1983-02-09 00:00:00"
      },
      "geometry": {
        "type": "Point",
        "coordinates": [
          -63.51600064919378,
          -31.567761497986552
        ]
      }
    },
    {
      "type": "Feature",
      "properties": {
        "extinto": "FARRANDO ANA CECILIA",
        "nacimiento": "1975-05-08 00:00:00",
        "defuncion": "1983-09-07 00:00:00"
      },
      "geometry": {
        "type": "Point",
        "coordinates": [
          -63.51601106277807,
          -31.567807539092193
        ]
      }
    },
    {
      "type": "Feature",
      "properties": {
        "extinto": "FRANCISCO  JUSTO  AGUIRRE",
        "nacimiento": "1944-09-20 00:00:00",
        "defuncion": "2023-10-20 00:00:00"
      },
      "geometry": {
        "type": "Point",
        "coordinates": [
          -63.516021476372934,
          -31.567853580196537
        ]
      }
    },
    {
      "type": "Feature",
      "properties": {
        "extinto": "GONZALEZ AMEDEI JUAN",
        "nacimiento": "1939-06-18 00:00:00",
        "defuncion": "2011-06-06 00:00:00"
      },
      "geometry": {
        "type": "Point",
        "coordinates": [
          -63.51602179444441,
          -31.567722166230112
        ]
      }
    },
    {
      "type": "Feature",
      "properties": {
        "extinto": "MORUÑA JULIETA",
        "nacimiento": "1987-05-10 00:00:00",
        "defuncion": "2003-12-19 00:00:00"
      },
      "geometry": {
        "type": "Point",
        "coordinates": [
          -63.516024397840916,
          -31.56773367650627
        ]
      }
    },
    {
      "type": "Feature",
      "properties": {
        "extinto": "RICARDO HUGO QUARANTELLI",
        "nacimiento": "1960-04-09 00:00:00",
        "defuncion": "2009-04-08 00:00:00"
      },
      "geometry": {
        "type": "Point",
        "coordinates": [
          -63.516024397840916,
          -31.56773367650627
        ]
      }
    },
    {
      "type": "Feature",
      "properties": {
        "extinto": "ANTONIO JOSE CORTEZ",
        "nacimiento": "1945-04-02 00:00:00",
        "defuncion": "2010-09-20 00:00:00"
      },
      "geometry": {
        "type": "Point",
        "coordinates": [
          -63.51602700123808,
          -31.56774518678233
        ]
      }
    },
    {
      "type": "Feature",
      "properties": {
        "extinto": "JOSE CORTEZ",
        "nacimiento": "2017-09-13 00:00:00",
        "defuncion": "2017-09-13 00:00:00"
      },
      "geometry": {
        "type": "Point",
        "coordinates": [
          -63.51602700123808,
          -31.56774518678233
        ]
      }
    },
    {
      "type": "Feature",
      "properties": {
        "extinto": "JUAN ZABALA",
        "nacimiento": "2016-11-22 00:00:00",
        "defuncion": "2016-11-22 00:00:00"
      },
      "geometry": {
        "type": "Point",
        "coordinates": [
          -63.516037414833356,
          -31.56779122788582
        ]
      }
    },
    {
      "type": "Feature",
      "properties": {
        "extinto": "PAULINA MAIDANA",
        "nacimiento": "2016-11-22 00:00:00",
        "defuncion": "2016-11-22 00:00:00"
      },
      "geometry": {
        "type": "Point",
        "coordinates": [
          -63.516037414833356,
          -31.56779122788582
        ]
      }
    },
    {
      "type": "Feature",
      "properties": {
        "extinto": "MARIA AURELIA ZABALA",
        "nacimiento": "2016-11-22 00:00:00",
        "defuncion": "2016-11-22 00:00:00"
      },
      "geometry": {
        "type": "Point",
        "coordinates": [
          -63.516037414833356,
          -31.56779122788582
        ]
      }
    },
    {
      "type": "Feature",
      "properties": {
        "extinto": "ROBERTO TABORDA",
        "nacimiento": "1949-07-09 00:00:00",
        "defuncion": "1990-05-15 00:00:00"
      },
      "geometry": {
        "type": "Point",
        "coordinates": [
          -63.516037414833356,
          -31.56779122788582
        ]
      }
    },
    {
      "type": "Feature",
      "properties": {
        "extinto": "GALINDEZ JULIA",
        "nacimiento": "1917-08-19 00:00:00",
        "defuncion": "2002-01-08 00:00:00"
      },
      "geometry": {
        "type": "Point",
        "coordinates": [
          -63.516045579261196,
          -31.56771822260712
        ]
      }
    },
    {
      "type": "Feature",
      "properties": {
        "extinto": "GALINDEZ MAURICIO",
        "nacimiento": "1919-12-03 00:00:00",
        "defuncion": "2002-08-12 00:00:00"
      },
      "geometry": {
        "type": "Point",
        "coordinates": [
          -63.516045579261196,
          -31.56771822260712
        ]
      }
    },
    {
      "type": "Feature",
      "properties": {
        "extinto": "AGUIAR BLANCA ARGENTINA",
        "nacimiento": "1924-01-04 00:00:00",
        "defuncion": "2012-06-16 00:00:00"
      },
      "geometry": {
        "type": "Point",
        "coordinates": [
          -63.5160481826605,
          -31.567729732882764
        ]
      }
    },
    {
      "type": "Feature",
      "properties": {
        "extinto": "JUAREZ DANIEL",
        "nacimiento": "1965-12-31 00:00:00",
        "defuncion": "2011-10-16 00:00:00"
      },
      "geometry": {
        "type": "Point",
        "coordinates": [
          -63.51605078606047,
          -31.56774124315833
        ]
      }
    },
    {
      "type": "Feature",
      "properties": {
        "extinto": "MARCELO OSCAR BOEHLER",
        "nacimiento": "1964-12-27 00:00:00",
        "defuncion": "2016-03-07 00:00:00"
      },
      "geometry": {
        "type": "Point",
        "coordinates": [
          -63.516090155113716,
          -31.567782483317806
        ]
      }
    },
    {
      "type": "Feature",
      "properties": {
        "extinto": "BOEHLER MIRTA",
        "nacimiento": "1940-03-23 00:00:00",
        "defuncion": "2002-12-27 00:00:00"
      },
      "geometry": {
        "type": "Point",
        "coordinates": [
          -63.5160927585204,
          -31.567793993592357
        ]
      }
    },
    {
      "type": "Feature",
      "properties": {
        "extinto": "BOEHLER VICTOR LUIS",
        "nacimiento": "1942-02-26 00:00:00",
        "defuncion": "2003-12-05 00:00:00"
      },
      "geometry": {
        "type": "Point",
        "coordinates": [
          -63.5160927585204,
          -31.567793993592357
        ]
      }
    },
    {
      "type": "Feature",
      "properties": {
        "extinto": "CAUDANA EDELMO JUAN MANUEL",
        "nacimiento": "1937-03-15 00:00:00",
        "defuncion": "2015-06-24 00:00:00"
      },
      "geometry": {
        "type": "Point",
        "coordinates": [
          -63.5160927585204,
          -31.567793993592357
        ]
      }
    },
    {
      "type": "Feature",
      "properties": {
        "extinto": "SEBASTIAN CAUDANA",
        "nacimiento": "1907-12-27 00:00:00",
        "defuncion": "1978-03-30 00:00:00"
      },
      "geometry": {
        "type": "Point",
        "coordinates": [
          -63.51609796533573,
          -31.567817014141195
        ]
      }
    },
    {
      "type": "Feature",
      "properties": {
        "extinto": "CAROLINA CLARA CRAVERO",
        "nacimiento": "1995-06-03 00:00:00",
        "defuncion": "1999-08-03 00:00:00"
      },
      "geometry": {
        "type": "Point",
        "coordinates": [
          -63.51609796533573,
          -31.567817014141195
        ]
      }
    },
    {
      "type": "Feature",
      "properties": {
        "extinto": "ORELLANA DIONICIA",
        "nacimiento": "1940-10-14 00:00:00",
        "defuncion": "2013-01-20 00:00:00"
      },
      "geometry": {
        "type": "Point",
        "coordinates": [
          -63.516126956996644,
          -31.56783609105137
        ]
      }
    },
    {
      "type": "Feature",
      "properties": {
        "extinto": "ALBERICI  ROBERTO",
        "nacimiento": "1939-07-09 00:00:00",
        "defuncion": "2004-03-23 00:00:00"
      },
      "geometry": {
        "type": "Point",
        "coordinates": [
          -63.51612727492047,
          -31.56770467708592
        ]
      }
    },
    {
      "type": "Feature",
      "properties": {
        "extinto": "BRAVO ANGELA INES",
        "nacimiento": "1948-11-01 00:00:00",
        "defuncion": "2014-07-07 00:00:00"
      },
      "geometry": {
        "type": "Point",
        "coordinates": [
          -63.51612727492047,
          -31.56770467708592
        ]
      }
    },
    {
      "type": "Feature",
      "properties": {
        "extinto": "J.JAVIER VOCOS",
        "nacimiento": "2007-12-06 00:00:00",
        "defuncion": "2007-12-06 00:00:00"
      },
      "geometry": {
        "type": "Point",
        "coordinates": [
          -63.51614029197168,
          -31.567762228454626
        ]
      }
    },
    {
      "type": "Feature",
      "properties": {
        "extinto": "M.NIGELIA VOCOS",
        "nacimiento": "2007-12-06 00:00:00",
        "defuncion": "2007-12-06 00:00:00"
      },
      "geometry": {
        "type": "Point",
        "coordinates": [
          -63.51614029197168,
          -31.567762228454626
        ]
      }
    },
    {
      "type": "Feature",
      "properties": {
        "extinto": "J.HERMENGAUDIO VOCOS",
        "nacimiento": "2007-12-06 00:00:00",
        "defuncion": "2007-12-06 00:00:00"
      },
      "geometry": {
        "type": "Point",
        "coordinates": [
          -63.51614029197168,
          -31.567762228454626
        ]
      }
    },
    {
      "type": "Feature",
      "properties": {
        "extinto": "ESPIRITU VOCOS",
        "nacimiento": "2007-12-06 00:00:00",
        "defuncion": "2007-12-06 00:00:00"
      },
      "geometry": {
        "type": "Point",
        "coordinates": [
          -63.51614289538391,
          -31.567773738728132
        ]
      }
    },
    {
      "type": "Feature",
      "properties": {
        "extinto": "HERMENGAUDIO VOCOS",
        "nacimiento": "2007-12-06 00:00:00",
        "defuncion": "2007-12-06 00:00:00"
      },
      "geometry": {
        "type": "Point",
        "coordinates": [
          -63.51614289538391,
          -31.567773738728132
        ]
      }
    },
    {
      "type": "Feature",
      "properties": {
        "extinto": "ARGENTES YOLANDA VIRGINIA",
        "nacimiento": "1936-06-15 00:00:00",
        "defuncion": "2010-12-29 00:00:00"
      },
      "geometry": {
        "type": "Point",
        "coordinates": [
          -63.51614549879678,
          -31.567785249001542
        ]
      }
    },
    {
      "type": "Feature",
      "properties": {
        "extinto": "ARGENTE ORLANDO ALBERTO",
        "nacimiento": "1939-12-20 00:00:00",
        "defuncion": "2011-01-24 00:00:00"
      },
      "geometry": {
        "type": "Point",
        "coordinates": [
          -63.51614549879678,
          -31.567785249001542
        ]
      }
    },
    {
      "type": "Feature",
      "properties": {
        "extinto": "ARGENTE JOSE",
        "nacimiento": "1912-09-06 00:00:00",
        "defuncion": "1997-04-10 00:00:00"
      },
      "geometry": {
        "type": "Point",
        "coordinates": [
          -63.5161481022103,
          -31.567796759274877
        ]
      }
    },
    {
      "type": "Feature",
      "properties": {
        "extinto": "DELFITO JOSEFINA DOROTEA",
        "nacimiento": "1914-12-10 00:00:00",
        "defuncion": "2003-02-27 00:00:00"
      },
      "geometry": {
        "type": "Point",
        "coordinates": [
          -63.5161481022103,
          -31.567796759274877
        ]
      }
    },
    {
      "type": "Feature",
      "properties": {
        "extinto": "MAURICIO OMAR SAMBRENIL",
        "nacimiento": "1938-08-11 00:00:00",
        "defuncion": "2018-06-27 00:00:00"
      },
      "geometry": {
        "type": "Point",
        "coordinates": [
          -63.51615366313983,
          -31.56771224371678
        ]
      }
    },
    {
      "type": "Feature",
      "properties": {
        "extinto": "LUIS ARMANDO CONTRERAS",
        "nacimiento": "1954-08-05 00:00:00",
        "defuncion": "2003-08-22 00:00:00"
      },
      "geometry": {
        "type": "Point",
        "coordinates": [
          -63.51616407679329,
          -31.56775828480956
        ]
      }
    },
    {
      "type": "Feature",
      "properties": {
        "extinto": "QUINTERO LOURDES MARTINA",
        "nacimiento": "2010-03-17 00:00:00",
        "defuncion": "2010-03-26 00:00:00"
      },
      "geometry": {
        "type": "Point",
        "coordinates": [
          -63.51616407679329,
          -31.56775828480956
        ]
      }
    },
    {
      "type": "Feature",
      "properties": {
        "extinto": "SILVINA   CONTRERAS",
        "nacimiento": "1981-01-05 00:00:00",
        "defuncion": "1988-12-05 00:00:00"
      },
      "geometry": {
        "type": "Point",
        "coordinates": [
          -63.51616668020832,
          -31.56776979508256
        ]
      }
    },
    {
      "type": "Feature",
      "properties": {
        "extinto": "CHIALVA RAUL EDUARDO",
        "nacimiento": "1968-06-05 00:00:00",
        "defuncion": "2016-12-31 00:00:00"
      },
      "geometry": {
        "type": "Point",
        "coordinates": [
          -63.51617484453368,
          -31.567696789796457
        ]
      }
    },
    {
      "type": "Feature",
      "properties": {
        "extinto": "MARINA DE LOS ANGELES ATTIS",
        "nacimiento": "1978-01-04 00:00:00",
        "defuncion": "2021-12-02 00:00:00"
      },
      "geometry": {
        "type": "Point",
        "coordinates": [
          -63.516193068449134,
          -31.567777361704977
        ]
      }
    },
    {
      "type": "Feature",
      "properties": {
        "extinto": "ROSSO CAROLINA",
        "nacimiento": "1925-02-15 00:00:00",
        "defuncion": "2009-06-22 00:00:00"
      },
      "geometry": {
        "type": "Point",
        "coordinates": [
          -63.51620087870851,
          -31.567811892521703
        ]
      }
    },
    {
      "type": "Feature",
      "properties": {
        "extinto": "OVIDIO RAUL CORDOBA",
        "nacimiento": "1955-12-30 00:00:00",
        "defuncion": "2021-03-25 00:00:00"
      },
      "geometry": {
        "type": "Point",
        "coordinates": [
          -63.51620087870851,
          -31.567811892521703
        ]
      }
    },
    {
      "type": "Feature",
      "properties": {
        "extinto": "ISLAS JOSE RUPERTO",
        "nacimiento": "1927-04-07 00:00:00",
        "defuncion": "2002-08-03 00:00:00"
      },
      "geometry": {
        "type": "Point",
        "coordinates": [
          -63.516203482129626,
          -31.567823402793778
        ]
      }
    },
    {
      "type": "Feature",
      "properties": {
        "extinto": "TAMAGNINI RUBEN ORESTE",
        "nacimiento": "2009-07-02 00:00:00",
        "defuncion": "2009-07-02 00:00:00"
      },
      "geometry": {
        "type": "Point",
        "coordinates": [
          -63.516203482129626,
          -31.567823402793778
        ]
      }
    },
    {
      "type": "Feature",
      "properties": {
        "extinto": "NIETO JUAN IGNACIO",
        "nacimiento": "1947-01-27 00:00:00",
        "defuncion": "2011-02-28 00:00:00"
      },
      "geometry": {
        "type": "Point",
        "coordinates": [
          -63.51572415903602,
          -31.567688421340375
        ]
      }
    },
    {
      "type": "Feature",
      "properties": {
        "extinto": "MORENO ELENA",
        "nacimiento": "1924-01-08 00:00:00",
        "defuncion": "2007-09-02 00:00:00"
      },
      "geometry": {
        "type": "Point",
        "coordinates": [
          -63.5157312781498,
          -31.56770824822602
        ]
      }
    },
    {
      "type": "Feature",
      "properties": {
        "extinto": "ZORZENON JUAN MARCELINO",
        "nacimiento": "1920-03-01 00:00:00",
        "defuncion": "2000-07-19 00:00:00"
      },
      "geometry": {
        "type": "Point",
        "coordinates": [
          -63.5157312781498,
          -31.56770824822602
        ]
      }
    },
    {
      "type": "Feature",
      "properties": {
        "extinto": "ZORZENON  ANTONIO",
        "nacimiento": "1900-10-05 00:00:00",
        "defuncion": "1983-09-12 00:00:00"
      },
      "geometry": {
        "type": "Point",
        "coordinates": [
          -63.5157312781498,
          -31.56770824822602
        ]
      }
    },
    {
      "type": "Feature",
      "properties": {
        "extinto": "CARLOS OMAR NORIEGA",
        "nacimiento": "1931-12-13 00:00:00",
        "defuncion": "1976-06-10 00:00:00"
      },
      "geometry": {
        "type": "Point",
        "coordinates": [
          -63.51577708817283,
          -31.567835829913204
        ]
      }
    },
    {
      "type": "Feature",
      "properties": {
        "extinto": "ESTANISLAO OMAR NORIEGA",
        "nacimiento": "2009-08-13 00:00:00",
        "defuncion": "2009-08-13 00:00:00"
      },
      "geometry": {
        "type": "Point",
        "coordinates": [
          -63.51577708817283,
          -31.567835829913204
        ]
      }
    },
    {
      "type": "Feature",
      "properties": {
        "extinto": "MARIA GILA SORIA",
        "nacimiento": "1930-11-22 00:00:00",
        "defuncion": "1999-11-26 00:00:00"
      },
      "geometry": {
        "type": "Point",
        "coordinates": [
          -63.51577708817283,
          -31.567835829913204
        ]
      }
    },
    {
      "type": "Feature",
      "properties": {
        "extinto": "ANDRADA RAMON ALBERTO",
        "nacimiento": "1942-05-10 00:00:00",
        "defuncion": "2013-09-23 00:00:00"
      },
      "geometry": {
        "type": "Point",
        "coordinates": [
          -63.51577708817283,
          -31.567835829913204
        ]
      }
    },
    {
      "type": "Feature",
      "properties": {
        "extinto": "LEANDRO DAVID ROSSI",
        "nacimiento": "1979-12-06 00:00:00",
        "defuncion": "2022-10-04 00:00:00"
      },
      "geometry": {
        "type": "Point",
        "coordinates": [
          -63.51578420730942,
          -31.567855656795192
        ]
      }
    },
    {
      "type": "Feature",
      "properties": {
        "extinto": "LUPARIA CARLOS ALBERTO",
        "nacimiento": "1939-08-01 00:00:00",
        "defuncion": "2009-07-27 00:00:00"
      },
      "geometry": {
        "type": "Point",
        "coordinates": [
          -63.515792874088575,
          -31.56787979386826
        ]
      }
    },
    {
      "type": "Feature",
      "properties": {
        "extinto": "CATALINA RE DE VAUDAGNA",
        "nacimiento": "2013-12-24 00:00:00",
        "defuncion": "2013-12-24 00:00:00"
      },
      "geometry": {
        "type": "Point",
        "coordinates": [
          -63.515792874088575,
          -31.56787979386826
        ]
      }
    },
    {
      "type": "Feature",
      "properties": {
        "extinto": "ANA BELE ROSSI",
        "nacimiento": "2013-12-24 00:00:00",
        "defuncion": "2013-12-24 00:00:00"
      },
      "geometry": {
        "type": "Point",
        "coordinates": [
          -63.515792874088575,
          -31.56787979386826
        ]
      }
    },
    {
      "type": "Feature",
      "properties": {
        "extinto": "JUAN BAUDAGNA",
        "nacimiento": "2013-12-24 00:00:00",
        "defuncion": "2013-12-24 00:00:00"
      },
      "geometry": {
        "type": "Point",
        "coordinates": [
          -63.515792874088575,
          -31.56787979386826
        ]
      }
    },
    {
      "type": "Feature",
      "properties": {
        "extinto": "LESBEGURIS MARIA",
        "nacimiento": "1945-03-12 00:00:00",
        "defuncion": "1948-02-11 00:00:00"
      },
      "geometry": {
        "type": "Point",
        "coordinates": [
          -63.51579999323199,
          -31.567899620749184
        ]
      }
    },
    {
      "type": "Feature",
      "properties": {
        "extinto": "LESBEGUERIS ROSA RAMONA",
        "nacimiento": "1919-12-22 00:00:00",
        "defuncion": "1920-02-05 00:00:00"
      },
      "geometry": {
        "type": "Point",
        "coordinates": [
          -63.51579999323199,
          -31.567899620749184
        ]
      }
    },
    {
      "type": "Feature",
      "properties": {
        "extinto": "RIOS ROSENDO",
        "nacimiento": "1900-12-22 00:00:00",
        "defuncion": "1964-02-20 00:00:00"
      },
      "geometry": {
        "type": "Point",
        "coordinates": [
          -63.51579999323199,
          -31.567899620749184
        ]
      }
    },
    {
      "type": "Feature",
      "properties": {
        "extinto": "VAUDAGNA EDGAR BAUTISTA",
        "nacimiento": "1933-07-23 00:00:00",
        "defuncion": "1994-07-18 00:00:00"
      },
      "geometry": {
        "type": "Point",
        "coordinates": [
          -63.51579999323199,
          -31.567899620749184
        ]
      }
    },
    {
      "type": "Feature",
      "properties": {
        "extinto": "LESBEGUERIS ANA CLEOTILDE",
        "nacimiento": "1936-07-26 00:00:00",
        "defuncion": "2000-12-20 00:00:00"
      },
      "geometry": {
        "type": "Point",
        "coordinates": [
          -63.51579999323199,
          -31.567899620749184
        ]
      }
    },
    {
      "type": "Feature",
      "properties": {
        "extinto": "CABRERA HORTENCIA",
        "nacimiento": "1928-08-15 00:00:00",
        "defuncion": "2007-08-04 00:00:00"
      },
      "geometry": {
        "type": "Point",
        "coordinates": [
          -63.51573724782448,
          -31.567684976159736
        ]
      }
    },
    {
      "type": "Feature",
      "properties": {
        "extinto": "BARRERA JOSE ATILIO",
        "nacimiento": "1961-07-29 00:00:00",
        "defuncion": "2011-11-02 00:00:00"
      },
      "geometry": {
        "type": "Point",
        "coordinates": [
          -63.51573724782448,
          -31.567684976159736
        ]
      }
    },
    {
      "type": "Feature",
      "properties": {
        "extinto": "FORNERO JUAN ERNESTO",
        "nacimiento": "1962-06-21 00:00:00",
        "defuncion": "2014-12-09 00:00:00"
      },
      "geometry": {
        "type": "Point",
        "coordinates": [
          -63.51574436694073,
          -31.567704803044624
        ]
      }
    },
    {
      "type": "Feature",
      "properties": {
        "extinto": "JUANA AUDELINA CABRERA",
        "nacimiento": "1945-05-15 00:00:00",
        "defuncion": "2021-01-07 00:00:00"
      },
      "geometry": {
        "type": "Point",
        "coordinates": [
          -63.51574436694073,
          -31.567704803044624
        ]
      }
    },
    {
      "type": "Feature",
      "properties": {
        "extinto": "LUQUE HILDA ESMILDA",
        "nacimiento": "1939-12-12 00:00:00",
        "defuncion": "2008-05-04 00:00:00"
      },
      "geometry": {
        "type": "Point",
        "coordinates": [
          -63.5157514860601,
          -31.56772462992903
        ]
      }
    },
    {
      "type": "Feature",
      "properties": {
        "extinto": "ELVIO CARMEN BALBO",
        "nacimiento": "1938-02-20 00:00:00",
        "defuncion": "2019-11-17 00:00:00"
      },
      "geometry": {
        "type": "Point",
        "coordinates": [
          -63.5157514860601,
          -31.56772462992903
        ]
      }
    },
    {
      "type": "Feature",
      "properties": {
        "extinto": "CRETTINO BAUTISTA ERNESTO",
        "nacimiento": "1934-03-31 00:00:00",
        "defuncion": "2011-04-13 00:00:00"
      },
      "geometry": {
        "type": "Point",
        "coordinates": [
          -63.51579017697978,
          -31.567832384727012
        ]
      }
    },
    {
      "type": "Feature",
      "properties": {
        "extinto": "JUAN CARLOS CRETTINO",
        "nacimiento": "1970-07-27 00:00:00",
        "defuncion": "2021-09-06 00:00:00"
      },
      "geometry": {
        "type": "Point",
        "coordinates": [
          -63.51579017697978,
          -31.567832384727012
        ]
      }
    },
    {
      "type": "Feature",
      "properties": {
        "extinto": "ACOSTA MIGUELINA DEL VALLE",
        "nacimiento": "1946-10-28 00:00:00",
        "defuncion": "2005-03-14 00:00:00"
      },
      "geometry": {
        "type": "Point",
        "coordinates": [
          -63.515750336611966,
          -31.567681530977747
        ]
      }
    },
    {
      "type": "Feature",
      "properties": {
        "extinto": "MILAGROS MORELLO- MONCADA",
        "nacimiento": "2007-04-16 00:00:00",
        "defuncion": "2007-04-16 00:00:00"
      },
      "geometry": {
        "type": "Point",
        "coordinates": [
          -63.51576457485255,
          -31.56772118474556
        ]
      }
    },
    {
      "type": "Feature",
      "properties": {
        "extinto": "DOMINGA ELVIRA BRIA",
        "nacimiento": "2018-08-31 00:00:00",
        "defuncion": "2018-08-31 00:00:00"
      },
      "geometry": {
        "type": "Point",
        "coordinates": [
          -63.51576342539845,
          -31.567678085794427
        ]
      }
    },
    {
      "type": "Feature",
      "properties": {
        "extinto": "CATALINA BRIA DE FERNANDEZ",
        "nacimiento": "2018-08-31 00:00:00",
        "defuncion": "2018-08-31 00:00:00"
      },
      "geometry": {
        "type": "Point",
        "coordinates": [
          -63.51576342539845,
          -31.567678085794427
        ]
      }
    },
    {
      "type": "Feature",
      "properties": {
        "extinto": "DOMINGO BRIA",
        "nacimiento": "2018-08-31 00:00:00",
        "defuncion": "2018-08-31 00:00:00"
      },
      "geometry": {
        "type": "Point",
        "coordinates": [
          -63.51576342539845,
          -31.567678085794427
        ]
      }
    },
    {
      "type": "Feature",
      "properties": {
        "extinto": "DOMINGA DENINOTTI DE BRIA",
        "nacimiento": "2018-08-31 00:00:00",
        "defuncion": "2018-08-31 00:00:00"
      },
      "geometry": {
        "type": "Point",
        "coordinates": [
          -63.51576342539845,
          -31.567678085794427
        ]
      }
    },
    {
      "type": "Feature",
      "properties": {
        "extinto": "INES RAMONA HUZULIAK",
        "nacimiento": "1921-06-30 00:00:00",
        "defuncion": "1979-08-18 00:00:00"
      },
      "geometry": {
        "type": "Point",
        "coordinates": [
          -63.5157705445197,
          -31.567697912677833
        ]
      }
    },
    {
      "type": "Feature",
      "properties": {
        "extinto": "JOSE BARTOLO BRIA",
        "nacimiento": "1919-06-26 00:00:00",
        "defuncion": "1983-02-05 00:00:00"
      },
      "geometry": {
        "type": "Point",
        "coordinates": [
          -63.5157705445197,
          -31.567697912677833
        ]
      }
    },
    {
      "type": "Feature",
      "properties": {
        "extinto": "YOLANDA ESTHER BRIA",
        "nacimiento": "1946-06-16 00:00:00",
        "defuncion": "1974-10-25 00:00:00"
      },
      "geometry": {
        "type": "Point",
        "coordinates": [
          -63.5157705445197,
          -31.567697912677833
        ]
      }
    },
    {
      "type": "Feature",
      "properties": {
        "extinto": "BERNABE RAUL FARIAS",
        "nacimiento": "1945-06-11 00:00:00",
        "defuncion": "2009-11-16 00:00:00"
      },
      "geometry": {
        "type": "Point",
        "coordinates": [
          -63.515776514183976,
          -31.567674640609784
        ]
      }
    },
    {
      "type": "Feature",
      "properties": {
        "extinto": "GLADIS MARGARITA PESANDO",
        "nacimiento": "1947-03-30 00:00:00",
        "defuncion": "2022-12-24 00:00:00"
      },
      "geometry": {
        "type": "Point",
        "coordinates": [
          -63.515776514183976,
          -31.567674640609784
        ]
      }
    },
    {
      "type": "Feature",
      "properties": {
        "extinto": "FALCO MIRTA DEL CARMEN",
        "nacimiento": "1963-07-16 00:00:00",
        "defuncion": "2017-09-11 00:00:00"
      },
      "geometry": {
        "type": "Point",
        "coordinates": [
          -63.51579075243451,
          -31.567714294374614
        ]
      }
    },
    {
      "type": "Feature",
      "properties": {
        "extinto": "BENZO RUBEN PEDRO",
        "nacimiento": "1929-12-08 00:00:00",
        "defuncion": "1982-03-25 00:00:00"
      },
      "geometry": {
        "type": "Point",
        "coordinates": [
          -63.51578960296854,
          -31.567671195423816
        ]
      }
    },
    {
      "type": "Feature",
      "properties": {
        "extinto": "FERNANDEZ RUBEN TIMOTEO",
        "nacimiento": "1931-05-06 00:00:00",
        "defuncion": "2011-11-14 00:00:00"
      },
      "geometry": {
        "type": "Point",
        "coordinates": [
          -63.515796722094755,
          -31.567691022305716
        ]
      }
    },
    {
      "type": "Feature",
      "properties": {
        "extinto": "NEVA MARIA CALVO",
        "nacimiento": "1933-08-01 00:00:00",
        "defuncion": "2019-08-19 00:00:00"
      },
      "geometry": {
        "type": "Point",
        "coordinates": [
          -63.515796722094755,
          -31.567691022305716
        ]
      }
    },
    {
      "type": "Feature",
      "properties": {
        "extinto": "MARSILI JUANA CARMEN",
        "nacimiento": "1945-01-09 00:00:00",
        "defuncion": "2007-09-08 00:00:00"
      },
      "geometry": {
        "type": "Point",
        "coordinates": [
          -63.51580384122404,
          -31.567710849187137
        ]
      }
    },
    {
      "type": "Feature",
      "properties": {
        "extinto": "FALCO MAURICIO HECTOR",
        "nacimiento": "1943-04-21 00:00:00",
        "defuncion": "2010-01-01 00:00:00"
      },
      "geometry": {
        "type": "Point",
        "coordinates": [
          -63.51580384122404,
          -31.567710849187137
        ]
      }
    },
    {
      "type": "Feature",
      "properties": {
        "extinto": "BLANCA MARGARITA TONATTO",
        "nacimiento": "1943-01-19 00:00:00",
        "defuncion": "2007-09-07 00:00:00"
      },
      "geometry": {
        "type": "Point",
        "coordinates": [
          -63.51580269175212,
          -31.567667750236495
        ]
      }
    },
    {
      "type": "Feature",
      "properties": {
        "extinto": "VICTOR LEOPOLDO PEDRAZA",
        "nacimiento": "1939-05-03 00:00:00",
        "defuncion": "2020-09-13 00:00:00"
      },
      "geometry": {
        "type": "Point",
        "coordinates": [
          -63.51580269175212,
          -31.567667750236495
        ]
      }
    },
    {
      "type": "Feature",
      "properties": {
        "extinto": "MOSSATTO CANDIDA",
        "nacimiento": "1949-09-22 00:00:00",
        "defuncion": "2014-08-31 00:00:00"
      },
      "geometry": {
        "type": "Point",
        "coordinates": [
          -63.51580981088082,
          -31.567687577117667
        ]
      }
    },
    {
      "type": "Feature",
      "properties": {
        "extinto": "RAMOS JORGE MACIEL",
        "nacimiento": "1992-05-09 00:00:00",
        "defuncion": "1992-05-10 00:00:00"
      },
      "geometry": {
        "type": "Point",
        "coordinates": [
          -63.515816930012576,
          -31.567707403998355
        ]
      }
    },
    {
      "type": "Feature",
      "properties": {
        "extinto": "N-N RAMOS GIOVANNI",
        "nacimiento": "2019-12-02 00:00:00",
        "defuncion": "2019-12-02 00:00:00"
      },
      "geometry": {
        "type": "Point",
        "coordinates": [
          -63.515816930012576,
          -31.567707403998355
        ]
      }
    },
    {
      "type": "Feature",
      "properties": {
        "extinto": "FERNANDO LUIS HERRERA",
        "nacimiento": "1957-03-11 00:00:00",
        "defuncion": "2017-12-02 00:00:00"
      },
      "geometry": {
        "type": "Point",
        "coordinates": [
          -63.51582559678585,
          -31.56773154106981
        ]
      }
    },
    {
      "type": "Feature",
      "properties": {
        "extinto": "GABRIEL HECTOR VIDELA",
        "nacimiento": "1940-05-03 00:00:00",
        "defuncion": "1995-09-04 00:00:00"
      },
      "geometry": {
        "type": "Point",
        "coordinates": [
          -63.51583271592445,
          -31.5677513679494
        ]
      }
    },
    {
      "type": "Feature",
      "properties": {
        "extinto": "ESTELA  ROSA  ISAIA",
        "nacimiento": "1960-02-02 00:00:00",
        "defuncion": "2023-02-19 00:00:00"
      },
      "geometry": {
        "type": "Point",
        "coordinates": [
          -63.51583983506611,
          -31.567771194828513
        ]
      }
    },
    {
      "type": "Feature",
      "properties": {
        "extinto": "PERALTA REYNALDO RAMON",
        "nacimiento": "1927-02-11 00:00:00",
        "defuncion": "2004-08-02 00:00:00"
      },
      "geometry": {
        "type": "Point",
        "coordinates": [
          -63.515878526107,
          -31.567878949597667
        ]
      }
    },
    {
      "type": "Feature",
      "properties": {
        "extinto": "JUAREZ ANTONIA CITA",
        "nacimiento": "1931-03-11 00:00:00",
        "defuncion": "2017-07-14 00:00:00"
      },
      "geometry": {
        "type": "Point",
        "coordinates": [
          -63.515878526107,
          -31.567878949597667
        ]
      }
    },
    {
      "type": "Feature",
      "properties": {
        "extinto": "NEREO EFRAIN LIENDO",
        "nacimiento": "1925-10-09 00:00:00",
        "defuncion": "2006-06-02 00:00:00"
      },
      "geometry": {
        "type": "Point",
        "coordinates": [
          -63.51581578053467,
          -31.567664305047852
        ]
      }
    },
    {
      "type": "Feature",
      "properties": {
        "extinto": "CANGA ELMA BEGLIA",
        "nacimiento": "1927-11-08 00:00:00",
        "defuncion": "2015-04-18 00:00:00"
      },
      "geometry": {
        "type": "Point",
        "coordinates": [
          -63.51581578053467,
          -31.567664305047852
        ]
      }
    },
    {
      "type": "Feature",
      "properties": {
        "extinto": "PINOS JOSE DEMETRIO",
        "nacimiento": "1930-10-08 00:00:00",
        "defuncion": "2009-10-01 00:00:00"
      },
      "geometry": {
        "type": "Point",
        "coordinates": [
          -63.51582289966587,
          -31.56768413192828
        ]
      }
    },
    {
      "type": "Feature",
      "properties": {
        "extinto": "ANA  HUZULIAK",
        "nacimiento": "1935-01-07 00:00:00",
        "defuncion": "2023-04-20 00:00:00"
      },
      "geometry": {
        "type": "Point",
        "coordinates": [
          -63.51582289966587,
          -31.56768413192828
        ]
      }
    },
    {
      "type": "Feature",
      "properties": {
        "extinto": "UTRERA TRANSITO ROSA",
        "nacimiento": "1924-01-07 00:00:00",
        "defuncion": "2007-01-12 00:00:00"
      },
      "geometry": {
        "type": "Point",
        "coordinates": [
          -63.51583001880014,
          -31.567703958808217
        ]
      }
    },
    {
      "type": "Feature",
      "properties": {
        "extinto": "LIENDO JOSE ADELMO",
        "nacimiento": "1939-07-28 00:00:00",
        "defuncion": "1988-07-28 00:00:00"
      },
      "geometry": {
        "type": "Point",
        "coordinates": [
          -63.51583001880014,
          -31.567703958808217
        ]
      }
    },
    {
      "type": "Feature",
      "properties": {
        "extinto": "ALMADA MARIA JOSEFINA",
        "nacimiento": "1941-11-26 00:00:00",
        "defuncion": "2007-12-28 00:00:00"
      },
      "geometry": {
        "type": "Point",
        "coordinates": [
          -63.515838685576426,
          -31.567728095878774
        ]
      }
    },
    {
      "type": "Feature",
      "properties": {
        "extinto": "UTRERA MARIA ESTHER",
        "nacimiento": "1927-02-13 00:00:00",
        "defuncion": "2017-09-16 00:00:00"
      },
      "geometry": {
        "type": "Point",
        "coordinates": [
          -63.515852923861644,
          -31.56776774963599
        ]
      }
    },
    {
      "type": "Feature",
      "properties": {
        "extinto": "ANTONIO DANIEL SOTTOVIA",
        "nacimiento": "1920-12-06 00:00:00",
        "defuncion": "1999-04-21 00:00:00"
      },
      "geometry": {
        "type": "Point",
        "coordinates": [
          -63.515852923861644,
          -31.56776774963599
        ]
      }
    },
    {
      "type": "Feature",
      "properties": {
        "extinto": "ROSA EUFEMIA SOTTOVIA",
        "nacimiento": "1961-07-26 00:00:00",
        "defuncion": "1961-11-23 00:00:00"
      },
      "geometry": {
        "type": "Point",
        "coordinates": [
          -63.515852923861644,
          -31.56776774963599
        ]
      }
    },
    {
      "type": "Feature",
      "properties": {
        "extinto": "CRISTINA ADELINA SANCHEZ",
        "nacimiento": "1929-07-10 00:00:00",
        "defuncion": "2022-04-18 00:00:00"
      },
      "geometry": {
        "type": "Point",
        "coordinates": [
          -63.51586159064995,
          -31.567791886704622
        ]
      }
    },
    {
      "type": "Feature",
      "properties": {
        "extinto": "RAMON EDUARDO ZAPPA",
        "nacimiento": "1955-03-15 00:00:00",
        "defuncion": "2022-09-18 00:00:00"
      },
      "geometry": {
        "type": "Point",
        "coordinates": [
          -63.51586870980089,
          -31.567811713581897
        ]
      }
    },
    {
      "type": "Feature",
      "properties": {
        "extinto": "HECTOR OSCAR LOPEZ",
        "nacimiento": "1956-03-28 00:00:00",
        "defuncion": "2021-11-22 00:00:00"
      },
      "geometry": {
        "type": "Point",
        "coordinates": [
          -63.515891614916065,
          -31.567875504401076
        ]
      }
    },
    {
      "type": "Feature",
      "properties": {
        "extinto": "JUAN CARLOS BELTRAMO",
        "nacimiento": "1904-05-24 00:00:00",
        "defuncion": "1974-09-07 00:00:00"
      },
      "geometry": {
        "type": "Point",
        "coordinates": [
          -63.51582886931629,
          -31.567660859857877
        ]
      }
    },
    {
      "type": "Feature",
      "properties": {
        "extinto": "ABBA ROMILDA ELVIRA",
        "nacimiento": "1917-03-03 00:00:00",
        "defuncion": "1996-05-30 00:00:00"
      },
      "geometry": {
        "type": "Point",
        "coordinates": [
          -63.51582886931629,
          -31.567660859857877
        ]
      }
    },
    {
      "type": "Feature",
      "properties": {
        "extinto": "ALBERICHI NOELIA KARINA",
        "nacimiento": "1988-08-31 00:00:00",
        "defuncion": "2007-02-20 00:00:00"
      },
      "geometry": {
        "type": "Point",
        "coordinates": [
          -63.51583598844996,
          -31.56768068673756
        ]
      }
    },
    {
      "type": "Feature",
      "properties": {
        "extinto": "RODRIGUEZ CARLOS ALBERTO",
        "nacimiento": "1957-09-14 00:00:00",
        "defuncion": "2008-04-19 00:00:00"
      },
      "geometry": {
        "type": "Point",
        "coordinates": [
          -63.51584310758671,
          -31.567700513616746
        ]
      }
    },
    {
      "type": "Feature",
      "properties": {
        "extinto": "ELVIO SEBASTIAN BRUNETTO",
        "nacimiento": "1927-08-08 00:00:00",
        "defuncion": "2011-12-16 00:00:00"
      },
      "geometry": {
        "type": "Point",
        "coordinates": [
          -63.515851774366034,
          -31.567724650686408
        ]
      }
    },
    {
      "type": "Feature",
      "properties": {
        "extinto": "GENESIO EMILIA VICTORIA",
        "nacimiento": "1925-11-23 00:00:00",
        "defuncion": "1987-07-31 00:00:00"
      },
      "geometry": {
        "type": "Point",
        "coordinates": [
          -63.515851774366034,
          -31.567724650686408
        ]
      }
    },
    {
      "type": "Feature",
      "properties": {
        "extinto": "SANCHEZ ANASTACIA",
        "nacimiento": "1919-05-02 00:00:00",
        "defuncion": "2013-04-20 00:00:00"
      },
      "geometry": {
        "type": "Point",
        "coordinates": [
          -63.515858893509574,
          -31.567744477564517
        ]
      }
    },
    {
      "type": "Feature",
      "properties": {
        "extinto": "ZAPPA ESTEBAN JOSE",
        "nacimiento": "2014-10-16 00:00:00",
        "defuncion": "2014-10-16 00:00:00"
      },
      "geometry": {
        "type": "Point",
        "coordinates": [
          -63.515858893509574,
          -31.567744477564517
        ]
      }
    },
    {
      "type": "Feature",
      "properties": {
        "extinto": "MARIA ISABEL ZAPPA",
        "nacimiento": "1946-04-07 00:00:00",
        "defuncion": "2021-03-20 00:00:00"
      },
      "geometry": {
        "type": "Point",
        "coordinates": [
          -63.515858893509574,
          -31.567744477564517
        ]
      }
    },
    {
      "type": "Feature",
      "properties": {
        "extinto": "LOZANO RODOLFO",
        "nacimiento": "1922-04-22 00:00:00",
        "defuncion": "2013-09-26 00:00:00"
      },
      "geometry": {
        "type": "Point",
        "coordinates": [
          -63.51586601265621,
          -31.567764304442125
        ]
      }
    },
    {
      "type": "Feature",
      "properties": {
        "extinto": "FELISA IRENE PALACIO",
        "nacimiento": "1927-04-27 00:00:00",
        "defuncion": "2019-02-23 00:00:00"
      },
      "geometry": {
        "type": "Point",
        "coordinates": [
          -63.51586601265621,
          -31.567764304442125
        ]
      }
    },
    {
      "type": "Feature",
      "properties": {
        "extinto": "MARCELO  GABRIEL  LUCERO",
        "nacimiento": "1968-06-17 00:00:00",
        "defuncion": "2023-01-28 00:00:00"
      },
      "geometry": {
        "type": "Point",
        "coordinates": [
          -63.515874679447556,
          -31.567788441509855
        ]
      }
    },
    {
      "type": "Feature",
      "properties": {
        "extinto": "JORGE ALBERICHI",
        "nacimiento": "1949-09-12 00:00:00",
        "defuncion": "2022-01-12 00:00:00"
      },
      "geometry": {
        "type": "Point",
        "coordinates": [
          -63.51588179860097,
          -31.567808268386376
        ]
      }
    },
    {
      "type": "Feature",
      "properties": {
        "extinto": "ONTIVEROS ARTURO BENJAMIN",
        "nacimiento": "1926-04-07 00:00:00",
        "defuncion": "1988-10-28 00:00:00"
      },
      "geometry": {
        "type": "Point",
        "coordinates": [
          -63.5158419580969,
          -31.56765741466658
        ]
      }
    },
    {
      "type": "Feature",
      "properties": {
        "extinto": "MARIA ANGELICA CEREZO FERREYROLA",
        "nacimiento": "1927-11-07 00:00:00",
        "defuncion": "1976-10-03 00:00:00"
      },
      "geometry": {
        "type": "Point",
        "coordinates": [
          -63.5158419580969,
          -31.56765741466658
        ]
      }
    },
    {
      "type": "Feature",
      "properties": {
        "extinto": "MANSANELLI ESTHER DEL CARMEN",
        "nacimiento": "1952-03-29 00:00:00",
        "defuncion": "2004-11-05 00:00:00"
      },
      "geometry": {
        "type": "Point",
        "coordinates": [
          -63.515849077233064,
          -31.567677241545503
        ]
      }
    },
    {
      "type": "Feature",
      "properties": {
        "extinto": "CUGAT DANIEL RAUL",
        "nacimiento": "1952-09-26 00:00:00",
        "defuncion": "2006-09-19 00:00:00"
      },
      "geometry": {
        "type": "Point",
        "coordinates": [
          -63.5158561963723,
          -31.567697068423943
        ]
      }
    },
    {
      "type": "Feature",
      "properties": {
        "extinto": "VACA MARIA SUSUNA",
        "nacimiento": "1938-03-25 00:00:00",
        "defuncion": "2003-02-13 00:00:00"
      },
      "geometry": {
        "type": "Point",
        "coordinates": [
          -63.515864863154654,
          -31.567721205492695
        ]
      }
    },
    {
      "type": "Feature",
      "properties": {
        "extinto": "BENITO MODESTO FIORA",
        "nacimiento": "1936-12-19 00:00:00",
        "defuncion": "2007-07-03 00:00:00"
      },
      "geometry": {
        "type": "Point",
        "coordinates": [
          -63.515864863154654,
          -31.567721205492695
        ]
      }
    },
    {
      "type": "Feature",
      "properties": {
        "extinto": "CARLOS HUGO FIORA",
        "nacimiento": "2018-07-02 00:00:00",
        "defuncion": "2018-07-02 00:00:00"
      },
      "geometry": {
        "type": "Point",
        "coordinates": [
          -63.515864863154654,
          -31.567721205492695
        ]
      }
    },
    {
      "type": "Feature",
      "properties": {
        "extinto": "CISTERNA SAN TIAGO EUGENIO",
        "nacimiento": "1950-04-15 00:00:00",
        "defuncion": "2011-11-27 00:00:00"
      },
      "geometry": {
        "type": "Point",
        "coordinates": [
          -63.515871982300695,
          -31.56774103237006
        ]
      }
    },
    {
      "type": "Feature",
      "properties": {
        "extinto": "ORESTE ACOSTA",
        "nacimiento": "1953-11-02 00:00:00",
        "defuncion": "2015-12-19 00:00:00"
      },
      "geometry": {
        "type": "Point",
        "coordinates": [
          -63.515871982300695,
          -31.56774103237006
        ]
      }
    },
    {
      "type": "Feature",
      "properties": {
        "extinto": "JUAN FORTUNATO BATALLA",
        "nacimiento": "1945-12-08 00:00:00",
        "defuncion": "2019-01-30 00:00:00"
      },
      "geometry": {
        "type": "Point",
        "coordinates": [
          -63.515871982300695,
          -31.56774103237006
        ]
      }
    },
    {
      "type": "Feature",
      "properties": {
        "extinto": "VILCHES DIONISIO TOMAS",
        "nacimiento": "1932-04-08 00:00:00",
        "defuncion": "2007-09-13 00:00:00"
      },
      "geometry": {
        "type": "Point",
        "coordinates": [
          -63.51588776824417,
          -31.56778499631375
        ]
      }
    },
    {
      "type": "Feature",
      "properties": {
        "extinto": "COLOMBO LETICIA",
        "nacimiento": "1935-03-26 00:00:00",
        "defuncion": "1988-06-13 00:00:00"
      },
      "geometry": {
        "type": "Point",
        "coordinates": [
          -63.51588776824417,
          -31.56778499631375
        ]
      }
    },
    {
      "type": "Feature",
      "properties": {
        "extinto": "BERTOLATTO EVA BETTY",
        "nacimiento": "1931-07-13 00:00:00",
        "defuncion": "2018-07-20 00:00:00"
      },
      "geometry": {
        "type": "Point",
        "coordinates": [
          -63.51588776824417,
          -31.56778499631375
        ]
      }
    },
    {
      "type": "Feature",
      "properties": {
        "extinto": "ANGRISANI IDA ANTONIA",
        "nacimiento": "1924-03-05 00:00:00",
        "defuncion": "2016-07-26 00:00:00"
      },
      "geometry": {
        "type": "Point",
        "coordinates": [
          -63.51589488740008,
          -31.56780482318953
        ]
      }
    },
    {
      "type": "Feature",
      "properties": {
        "extinto": "CARLOS DANTE BERTONE",
        "nacimiento": "1951-12-06 00:00:00",
        "defuncion": "2018-12-28 00:00:00"
      },
      "geometry": {
        "type": "Point",
        "coordinates": [
          -63.51589488740008,
          -31.56780482318953
        ]
      }
    },
    {
      "type": "Feature",
      "properties": {
        "extinto": "QUINTEROS ROSA LUCIA",
        "nacimiento": "1939-12-14 00:00:00",
        "defuncion": "2003-08-07 00:00:00"
      },
      "geometry": {
        "type": "Point",
        "coordinates": [
          -63.51590200655909,
          -31.567824650064825
        ]
      }
    },
    {
      "type": "Feature",
      "properties": {
        "extinto": "MIRTA VICTORIA DELOGU",
        "nacimiento": "2018-02-06 00:00:00",
        "defuncion": "2018-02-06 00:00:00"
      },
      "geometry": {
        "type": "Point",
        "coordinates": [
          -63.51591067336546,
          -31.56784878712972
        ]
      }
    },
    {
      "type": "Feature",
      "properties": {
        "extinto": "BENITES LUIS GERONIMO",
        "nacimiento": "1948-09-30 00:00:00",
        "defuncion": "1984-08-03 00:00:00"
      },
      "geometry": {
        "type": "Point",
        "coordinates": [
          -63.51566323218932,
          -31.56782337176741
        ]
      }
    },
    {
      "type": "Feature",
      "properties": {
        "extinto": "MARTINATTO EMERIO ANTONIO",
        "nacimiento": "1928-06-03 00:00:00",
        "defuncion": "2013-06-24 00:00:00"
      },
      "geometry": {
        "type": "Point",
        "coordinates": [
          -63.51567156771611,
          -31.567845707521343
        ]
      }
    },
    {
      "type": "Feature",
      "properties": {
        "extinto": "MOYA ROBERTO DANTE",
        "nacimiento": "1935-01-15 00:00:00",
        "defuncion": "2016-09-13 00:00:00"
      },
      "geometry": {
        "type": "Point",
        "coordinates": [
          -63.51567156771611,
          -31.567845707521343
        ]
      }
    },
    {
      "type": "Feature",
      "properties": {
        "extinto": "AMALIA TERESA MARTINATTO",
        "nacimiento": "1941-08-02 00:00:00",
        "defuncion": "2021-04-29 00:00:00"
      },
      "geometry": {
        "type": "Point",
        "coordinates": [
          -63.51567156771611,
          -31.567845707521343
        ]
      }
    },
    {
      "type": "Feature",
      "properties": {
        "extinto": "LOPEZ CAYETANA FRANCISCA",
        "nacimiento": "1921-08-12 00:00:00",
        "defuncion": "2001-02-27 00:00:00"
      },
      "geometry": {
        "type": "Point",
        "coordinates": [
          -63.51573748091004,
          -31.56780305934592
        ]
      }
    },
    {
      "type": "Feature",
      "properties": {
        "extinto": "CRISPIN GERVACIO AGUIRRE",
        "nacimiento": "1921-12-03 00:00:00",
        "defuncion": "2007-12-11 00:00:00"
      },
      "geometry": {
        "type": "Point",
        "coordinates": [
          -63.51573748091004,
          -31.56780305934592
        ]
      }
    },
    {
      "type": "Feature",
      "properties": {
        "extinto": "FATIMA ANTONELA SINGH",
        "nacimiento": "2005-01-13 00:00:00",
        "defuncion": "2021-05-07 00:00:00"
      },
      "geometry": {
        "type": "Point",
        "coordinates": [
          -63.51573748091004,
          -31.56780305934592
        ]
      }
    },
    {
      "type": "Feature",
      "properties": {
        "extinto": "ECTOR  ORACIO  ACOSTA",
        "nacimiento": "1956-03-02 00:00:00",
        "defuncion": "2023-06-16 00:00:00"
      },
      "geometry": {
        "type": "Point",
        "coordinates": [
          -63.515741648680795,
          -31.56781422722049
        ]
      }
    },
    {
      "type": "Feature",
      "properties": {
        "extinto": "DI GARBO MARIA ELENA",
        "nacimiento": "1948-02-18 00:00:00",
        "defuncion": "2016-07-07 00:00:00"
      },
      "geometry": {
        "type": "Point",
        "coordinates": [
          -63.51546013450074,
          -31.567926494658252
        ]
      }
    },
    {
      "type": "Feature",
      "properties": {
        "extinto": "GIGENA CARLOS HERMINIO",
        "nacimiento": "1923-01-25 00:00:00",
        "defuncion": "2017-08-27 00:00:00"
      },
      "geometry": {
        "type": "Point",
        "coordinates": [
          -63.51546783963284,
          -31.567950869639073
        ]
      }
    },
    {
      "type": "Feature",
      "properties": {
        "extinto": "AMERICA TULIA  GIGENA",
        "nacimiento": "1931-02-26 00:00:00",
        "defuncion": "2022-09-16 00:00:00"
      },
      "geometry": {
        "type": "Point",
        "coordinates": [
          -63.515474168851554,
          -31.56797089194432
        ]
      }
    },
    {
      "type": "Feature",
      "properties": {
        "extinto": "ANTONUCCI ANGEL",
        "nacimiento": "1909-10-15 00:00:00",
        "defuncion": "1994-02-11 00:00:00"
      },
      "geometry": {
        "type": "Point",
        "coordinates": [
          -63.51543017945465,
          -31.567813548877574
        ]
      }
    },
    {
      "type": "Feature",
      "properties": {
        "extinto": "DUBINI MARIA ANTONIA",
        "nacimiento": "1918-02-28 00:00:00",
        "defuncion": "2003-06-15 00:00:00"
      },
      "geometry": {
        "type": "Point",
        "coordinates": [
          -63.51543017945465,
          -31.567813548877574
        ]
      }
    },
    {
      "type": "Feature",
      "properties": {
        "extinto": "ANTONUCCILUIS ANGEL",
        "nacimiento": "1945-04-03 00:00:00",
        "defuncion": "2016-09-22 00:00:00"
      },
      "geometry": {
        "type": "Point",
        "coordinates": [
          -63.51544021835641,
          -31.567832426928582
        ]
      }
    },
    {
      "type": "Feature",
      "properties": {
        "extinto": "ARIAS JUAN ANTONIO",
        "nacimiento": "1918-10-01 00:00:00",
        "defuncion": "2001-07-12 00:00:00"
      },
      "geometry": {
        "type": "Point",
        "coordinates": [
          -63.51545243963361,
          -31.567855408902524
        ]
      }
    },
    {
      "type": "Feature",
      "properties": {
        "extinto": "ALSIRA MARIANA GENOLET",
        "nacimiento": "2012-04-11 00:00:00",
        "defuncion": "2012-04-11 00:00:00"
      },
      "geometry": {
        "type": "Point",
        "coordinates": [
          -63.51545243963361,
          -31.567855408902524
        ]
      }
    },
    {
      "type": "Feature",
      "properties": {
        "extinto": "ITALO EUSEBIO BRUCELLI",
        "nacimiento": "1945-10-16 00:00:00",
        "defuncion": "2018-01-05 00:00:00"
      },
      "geometry": {
        "type": "Point",
        "coordinates": [
          -63.51544264188342,
          -31.567808690719335
        ]
      }
    },
    {
      "type": "Feature",
      "properties": {
        "extinto": "MABEL  DEL  VALLE  ARIAS",
        "nacimiento": "1949-12-28 00:00:00",
        "defuncion": "2023-09-28 00:00:00"
      },
      "geometry": {
        "type": "Point",
        "coordinates": [
          -63.51544264188342,
          -31.567808690719335
        ]
      }
    },
    {
      "type": "Feature",
      "properties": {
        "extinto": "ARIAS SCANDAR",
        "nacimiento": "1930-11-10 00:00:00",
        "defuncion": "1973-04-17 00:00:00"
      },
      "geometry": {
        "type": "Point",
        "coordinates": [
          -63.51546514321656,
          -31.56782271060893
        ]
      }
    },
    {
      "type": "Feature",
      "properties": {
        "extinto": "ARIAS ALEJANDRO",
        "nacimiento": "1970-10-18 00:00:00",
        "defuncion": "1990-10-20 00:00:00"
      },
      "geometry": {
        "type": "Point",
        "coordinates": [
          -63.51546514321656,
          -31.56782271060893
        ]
      }
    },
    {
      "type": "Feature",
      "properties": {
        "extinto": "URAN SELVA NORA",
        "nacimiento": "1926-04-10 00:00:00",
        "defuncion": "2014-09-26 00:00:00"
      },
      "geometry": {
        "type": "Point",
        "coordinates": [
          -63.51546514321656,
          -31.56782271060893
        ]
      }
    },
    {
      "type": "Feature",
      "properties": {
        "extinto": "ANTONUCCI ANTONIO",
        "nacimiento": "2013-10-29 00:00:00",
        "defuncion": "2013-10-29 00:00:00"
      },
      "geometry": {
        "type": "Point",
        "coordinates": [
          -63.515487403413296,
          -31.567864570627563
        ]
      }
    },
    {
      "type": "Feature",
      "properties": {
        "extinto": "ANTONUCCIJUAN CARLOS",
        "nacimiento": "2013-10-29 00:00:00",
        "defuncion": "2013-10-29 00:00:00"
      },
      "geometry": {
        "type": "Point",
        "coordinates": [
          -63.515487403413296,
          -31.567864570627563
        ]
      }
    },
    {
      "type": "Feature",
      "properties": {
        "extinto": "ROSA ANGELICA PAOLETTI",
        "nacimiento": "1922-12-24 00:00:00",
        "defuncion": "2015-10-18 00:00:00"
      },
      "geometry": {
        "type": "Point",
        "coordinates": [
          -63.515487403413296,
          -31.567864570627563
        ]
      }
    },
    {
      "type": "Feature",
      "properties": {
        "extinto": "JUANA ROSA PAVON",
        "nacimiento": "1942-08-21 00:00:00",
        "defuncion": "2008-04-09 00:00:00"
      },
      "geometry": {
        "type": "Point",
        "coordinates": [
          -63.51547760564468,
          -31.567817852447316
        ]
      }
    },
    {
      "type": "Feature",
      "properties": {
        "extinto": "ARIAS JULIO ALBERTO",
        "nacimiento": "1948-09-23 00:00:00",
        "defuncion": "2011-08-08 00:00:00"
      },
      "geometry": {
        "type": "Point",
        "coordinates": [
          -63.51547760564468,
          -31.567817852447316
        ]
      }
    },
    {
      "type": "Feature",
      "properties": {
        "extinto": "TABORDA GUIDO BENJAMIN",
        "nacimiento": "1938-08-11 00:00:00",
        "defuncion": "2011-08-05 00:00:00"
      },
      "geometry": {
        "type": "Point",
        "coordinates": [
          -63.5154800291619,
          -31.567794116237433
        ]
      }
    },
    {
      "type": "Feature",
      "properties": {
        "extinto": "BELQUIS HAYDEE MONCADA",
        "nacimiento": "1939-05-18 00:00:00",
        "defuncion": "2020-10-15 00:00:00"
      },
      "geometry": {
        "type": "Point",
        "coordinates": [
          -63.5154800291619,
          -31.567794116237433
        ]
      }
    },
    {
      "type": "Feature",
      "properties": {
        "extinto": "URAN NILDA VIOLETA",
        "nacimiento": "1921-02-09 00:00:00",
        "defuncion": "2005-07-08 00:00:00"
      },
      "geometry": {
        "type": "Point",
        "coordinates": [
          -63.51549006807151,
          -31.5678129942845
        ]
      }
    },
    {
      "type": "Feature",
      "properties": {
        "extinto": "ANDRADA ANDRES LEONARDO",
        "nacimiento": "1943-04-28 00:00:00",
        "defuncion": "2009-12-19 00:00:00"
      },
      "geometry": {
        "type": "Point",
        "coordinates": [
          -63.515502289358274,
          -31.567835976253647
        ]
      }
    },
    {
      "type": "Feature",
      "properties": {
        "extinto": "FILIPPO MANUELA MAGDALENA",
        "nacimiento": "1955-07-22 00:00:00",
        "defuncion": "2015-05-29 00:00:00"
      },
      "geometry": {
        "type": "Point",
        "coordinates": [
          -63.515502530497,
          -31.56780813612047
        ]
      }
    },
    {
      "type": "Feature",
      "properties": {
        "extinto": "MONCADA DARDO AMADEO",
        "nacimiento": "1948-10-10 00:00:00",
        "defuncion": "2016-06-03 00:00:00"
      },
      "geometry": {
        "type": "Point",
        "coordinates": [
          -63.515502530497,
          -31.56780813612047
        ]
      }
    },
    {
      "type": "Feature",
      "properties": {
        "extinto": "BUFFA IRMA GLORIA",
        "nacimiento": "1962-08-20 00:00:00",
        "defuncion": "2012-11-18 00:00:00"
      },
      "geometry": {
        "type": "Point",
        "coordinates": [
          -63.51556726609931,
          -31.567760109070854
        ]
      }
    },
    {
      "type": "Feature",
      "properties": {
        "extinto": "DELORTO FRANCISCO",
        "nacimiento": "1933-10-06 00:00:00",
        "defuncion": "2012-07-25 00:00:00"
      },
      "geometry": {
        "type": "Point",
        "coordinates": [
          -63.51561202767922,
          -31.56781598893527
        ]
      }
    },
    {
      "type": "Feature",
      "properties": {
        "extinto": "LUDUEÑA BLANCA ROSA",
        "nacimiento": "1951-09-20 00:00:00",
        "defuncion": "2016-03-04 00:00:00"
      },
      "geometry": {
        "type": "Point",
        "coordinates": [
          -63.51570371987731,
          -31.567742504743638
        ]
      }
    },
    {
      "type": "Feature",
      "properties": {
        "extinto": "LUDUEÑA HUMBERTO FERNANDO",
        "nacimiento": "1978-12-11 00:00:00",
        "defuncion": "2012-05-13 00:00:00"
      },
      "geometry": {
        "type": "Point",
        "coordinates": [
          -63.51570835341681,
          -31.567753537255342
        ]
      }
    },
    {
      "type": "Feature",
      "properties": {
        "extinto": "BRANDAN MARISEL DEL MILAGRO",
        "nacimiento": "1990-07-08 00:00:00",
        "defuncion": "2016-03-21 00:00:00"
      },
      "geometry": {
        "type": "Point",
        "coordinates": [
          -63.51641056959555,
          -31.56748076465268
        ]
      }
    },
    {
      "type": "Feature",
      "properties": {
        "extinto": "ELSA TERESA ALVAREZ",
        "nacimiento": "1934-02-11 00:00:00",
        "defuncion": "2017-07-02 00:00:00"
      },
      "geometry": {
        "type": "Point",
        "coordinates": [
          -63.51642384913441,
          -31.56749811356985
        ]
      }
    },
    {
      "type": "Feature",
      "properties": {
        "extinto": "NADIR BEATRIZ MACAGNO",
        "nacimiento": "1949-09-03 00:00:00",
        "defuncion": "1977-12-05 00:00:00"
      },
      "geometry": {
        "type": "Point",
        "coordinates": [
          -63.51644001553625,
          -31.567519233988772
        ]
      }
    },
    {
      "type": "Feature",
      "properties": {
        "extinto": "BARRERA SILVIA ALEJANDRA",
        "nacimiento": "1976-08-09 00:00:00",
        "defuncion": "2016-02-20 00:00:00"
      },
      "geometry": {
        "type": "Point",
        "coordinates": [
          -63.51642202251865,
          -31.567474338219476
        ]
      }
    },
    {
      "type": "Feature",
      "properties": {
        "extinto": "BARRERA ROQUE OMAR",
        "nacimiento": "1945-11-18 00:00:00",
        "defuncion": "2019-01-03 00:00:00"
      },
      "geometry": {
        "type": "Point",
        "coordinates": [
          -63.51642202251865,
          -31.567474338219476
        ]
      }
    },
    {
      "type": "Feature",
      "properties": {
        "extinto": "MARIANI GUSTAVO LUIS",
        "nacimiento": "1959-07-11 00:00:00",
        "defuncion": "2015-07-24 00:00:00"
      },
      "geometry": {
        "type": "Point",
        "coordinates": [
          -63.51643347544013,
          -31.567467911785233
        ]
      }
    },
    {
      "type": "Feature",
      "properties": {
        "extinto": "CARLE MAGDALENA CATALINA",
        "nacimiento": "1940-07-31 00:00:00",
        "defuncion": "2008-03-31 00:00:00"
      },
      "geometry": {
        "type": "Point",
        "coordinates": [
          -63.51645638127842,
          -31.567455058913733
        ]
      }
    },
    {
      "type": "Feature",
      "properties": {
        "extinto": "BORGNA VICTOR HUGO",
        "nacimiento": "1931-08-04 00:00:00",
        "defuncion": "2016-09-01 00:00:00"
      },
      "geometry": {
        "type": "Point",
        "coordinates": [
          -63.51645638127842,
          -31.567455058913733
        ]
      }
    },
    {
      "type": "Feature",
      "properties": {
        "extinto": "BORGNA DANIEL",
        "nacimiento": "1969-06-05 00:00:00",
        "defuncion": "1969-10-26 00:00:00"
      },
      "geometry": {
        "type": "Point",
        "coordinates": [
          -63.51645638127842,
          -31.567455058913733
        ]
      }
    },
    {
      "type": "Feature",
      "properties": {
        "extinto": "CARLE JOSE NAZARENO",
        "nacimiento": "1944-08-12 00:00:00",
        "defuncion": "2013-12-02 00:00:00"
      },
      "geometry": {
        "type": "Point",
        "coordinates": [
          -63.51646966082197,
          -31.567472407826166
        ]
      }
    },
    {
      "type": "Feature",
      "properties": {
        "extinto": "EDITH DEL CARMEN LAMBERTI",
        "nacimiento": "1949-07-18 00:00:00",
        "defuncion": "2018-09-27 00:00:00"
      },
      "geometry": {
        "type": "Point",
        "coordinates": [
          -63.516513645846416,
          -31.56742292671718
        ]
      }
    },
    {
      "type": "Feature",
      "properties": {
        "extinto": "TERRENO JOSEFA BENITA",
        "nacimiento": "1925-01-05 00:00:00",
        "defuncion": "1994-08-22 00:00:00"
      },
      "geometry": {
        "type": "Point",
        "coordinates": [
          -63.51652258274731,
          -31.56741053558918
        ]
      }
    },
    {
      "type": "Feature",
      "properties": {
        "extinto": "VERSELLI SILVIO ALBINO",
        "nacimiento": "1924-09-03 00:00:00",
        "defuncion": "2002-07-15 00:00:00"
      },
      "geometry": {
        "type": "Point",
        "coordinates": [
          -63.51652258274731,
          -31.56741053558918
        ]
      }
    },
    {
      "type": "Feature",
      "properties": {
        "extinto": "VERCELLI MARIA CATALINA",
        "nacimiento": "1912-09-08 00:00:00",
        "defuncion": "2003-07-25 00:00:00"
      },
      "geometry": {
        "type": "Point",
        "coordinates": [
          -63.51652258274731,
          -31.56741053558918
        ]
      }
    },
    {
      "type": "Feature",
      "properties": {
        "extinto": "BERNARDO RAMON JOSE TOMATTIS",
        "nacimiento": "1948-08-20 00:00:00",
        "defuncion": "2021-10-31 00:00:00"
      },
      "geometry": {
        "type": "Point",
        "coordinates": [
          -63.51653390379898,
          -31.567403940100537
        ]
      }
    },
    {
      "type": "Feature",
      "properties": {
        "extinto": "JOSE ANTONIO TOMATTIS",
        "nacimiento": "1921-11-19 00:00:00",
        "defuncion": "1971-01-14 00:00:00"
      },
      "geometry": {
        "type": "Point",
        "coordinates": [
          -63.51654522484907,
          -31.5673973446109
        ]
      }
    },
    {
      "type": "Feature",
      "properties": {
        "extinto": "VICTORIA BARONE",
        "nacimiento": "1914-11-19 00:00:00",
        "defuncion": "2005-11-18 00:00:00"
      },
      "geometry": {
        "type": "Point",
        "coordinates": [
          -63.51654522484907,
          -31.5673973446109
        ]
      }
    },
    {
      "type": "Feature",
      "properties": {
        "extinto": "CISTERNA ANGELA GRACIELA",
        "nacimiento": "1939-07-30 00:00:00",
        "defuncion": "2005-09-22 00:00:00"
      },
      "geometry": {
        "type": "Point",
        "coordinates": [
          -63.51656786694441,
          -31.567384153628627
        ]
      }
    },
    {
      "type": "Feature",
      "properties": {
        "extinto": "JOSE FLORENCIO HERNANDEZ",
        "nacimiento": "1935-01-01 00:00:00",
        "defuncion": "2024-07-11 00:00:00"
      },
      "geometry": {
        "type": "Point",
        "coordinates": [
          -63.51656786694441,
          -31.567384153628627
        ]
      }
    },
    {
      "type": "Feature",
      "properties": {
        "extinto": "IDELIO DOMICIANO LAZZARONE",
        "nacimiento": "1958-02-24 00:00:00",
        "defuncion": "2022-06-16 00:00:00"
      },
      "geometry": {
        "type": "Point",
        "coordinates": [
          -63.51661171636322,
          -31.567439329201495
        ]
      }
    },
    {
      "type": "Feature",
      "properties": {
        "extinto": "JUAN AVELINO ROLLE",
        "nacimiento": "1937-11-10 00:00:00",
        "defuncion": "2010-12-24 00:00:00"
      },
      "geometry": {
        "type": "Point",
        "coordinates": [
          -63.51657918798967,
          -31.567377558136
        ]
      }
    },
    {
      "type": "Feature",
      "properties": {
        "extinto": "SILEONI ITALO VICTORIO",
        "nacimiento": "1939-09-15 00:00:00",
        "defuncion": "2016-08-23 00:00:00"
      },
      "geometry": {
        "type": "Point",
        "coordinates": [
          -63.51659050903334,
          -31.567370962642386
        ]
      }
    },
    {
      "type": "Feature",
      "properties": {
        "extinto": "ANGEL HUMBERTO SILEONI",
        "nacimiento": "1941-06-05 00:00:00",
        "defuncion": "2022-03-12 00:00:00"
      },
      "geometry": {
        "type": "Point",
        "coordinates": [
          -63.51660183007542,
          -31.56736436714777
        ]
      }
    },
    {
      "type": "Feature",
      "properties": {
        "extinto": "LEONID GOLUBENKO",
        "nacimiento": "1918-09-27 00:00:00",
        "defuncion": "1996-08-12 00:00:00"
      },
      "geometry": {
        "type": "Point",
        "coordinates": [
          -63.51657660875897,
          -31.56727579065934
        ]
      }
    },
    {
      "type": "Feature",
      "properties": {
        "extinto": "NELIDA MARIA FERREYRA",
        "nacimiento": "1924-10-24 00:00:00",
        "defuncion": "1993-03-02 00:00:00"
      },
      "geometry": {
        "type": "Point",
        "coordinates": [
          -63.51657660875897,
          -31.56727579065934
        ]
      }
    },
    {
      "type": "Feature",
      "properties": {
        "extinto": "FERREYRA HORACIO",
        "nacimiento": "1927-06-28 00:00:00",
        "defuncion": "2013-12-12 00:00:00"
      },
      "geometry": {
        "type": "Point",
        "coordinates": [
          -63.51657660875897,
          -31.56727579065934
        ]
      }
    },
    {
      "type": "Feature",
      "properties": {
        "extinto": "LUIS VICENTE BASSI",
        "nacimiento": "1900-08-03 00:00:00",
        "defuncion": "1967-09-28 00:00:00"
      },
      "geometry": {
        "type": "Point",
        "coordinates": [
          -63.51659190188164,
          -31.567291881299045
        ]
      }
    },
    {
      "type": "Feature",
      "properties": {
        "extinto": "IDA ZANELLA DE BASSI",
        "nacimiento": "1900-02-21 00:00:00",
        "defuncion": "1957-02-24 00:00:00"
      },
      "geometry": {
        "type": "Point",
        "coordinates": [
          -63.51659190188164,
          -31.567291881299045
        ]
      }
    },
    {
      "type": "Feature",
      "properties": {
        "extinto": "PEREZ VICTORIA",
        "nacimiento": "1914-08-02 00:00:00",
        "defuncion": "2001-08-01 00:00:00"
      },
      "geometry": {
        "type": "Point",
        "coordinates": [
          -63.516625809695235,
          -31.567327555743862
        ]
      }
    },
    {
      "type": "Feature",
      "properties": {
        "extinto": "GIGENA JORGE AUGUSTO",
        "nacimiento": "1926-11-20 00:00:00",
        "defuncion": "2011-11-22 00:00:00"
      },
      "geometry": {
        "type": "Point",
        "coordinates": [
          -63.516625809695235,
          -31.567327555743862
        ]
      }
    },
    {
      "type": "Feature",
      "properties": {
        "extinto": "FRANCO MARCOS JAVIER",
        "nacimiento": "1980-04-01 00:00:00",
        "defuncion": "2018-07-20 00:00:00"
      },
      "geometry": {
        "type": "Point",
        "coordinates": [
          -63.516625809695235,
          -31.567327555743862
        ]
      }
    },
    {
      "type": "Feature",
      "properties": {
        "extinto": "PERALTA JULIO OSCAR",
        "nacimiento": "1945-10-12 00:00:00",
        "defuncion": "2015-06-18 00:00:00"
      },
      "geometry": {
        "type": "Point",
        "coordinates": [
          -63.5166211387525,
          -31.567304067037917
        ]
      }
    },
    {
      "type": "Feature",
      "properties": {
        "extinto": "MARIA TERESA BRANDAN",
        "nacimiento": "1945-09-22 00:00:00",
        "defuncion": "2023-08-28 00:00:00"
      },
      "geometry": {
        "type": "Point",
        "coordinates": [
          -63.5166211387525,
          -31.567304067037917
        ]
      }
    },
    {
      "type": "Feature",
      "properties": {
        "extinto": "JUAN AGUSTIN PERALTA",
        "nacimiento": "1940-08-04 00:00:00",
        "defuncion": "2009-05-12 00:00:00"
      },
      "geometry": {
        "type": "Point",
        "coordinates": [
          -63.51663643051534,
          -31.567320155510597
        ]
      }
    },
    {
      "type": "Feature",
      "properties": {
        "extinto": "GOMEZ PASCUAL ROBERTO",
        "nacimiento": "1927-05-17 00:00:00",
        "defuncion": "2003-01-17 00:00:00"
      },
      "geometry": {
        "type": "Point",
        "coordinates": [
          -63.51663175957031,
          -31.56729666680503
        ]
      }
    },
    {
      "type": "Feature",
      "properties": {
        "extinto": "GOMEZ RAMON LEONCIO",
        "nacimiento": "1931-09-12 00:00:00",
        "defuncion": "2004-02-12 00:00:00"
      },
      "geometry": {
        "type": "Point",
        "coordinates": [
          -63.51663175957031,
          -31.56729666680503
        ]
      }
    },
    {
      "type": "Feature",
      "properties": {
        "extinto": "ANGEL AMANCIO JUAREZ",
        "nacimiento": "1932-08-24 00:00:00",
        "defuncion": "2018-03-21 00:00:00"
      },
      "geometry": {
        "type": "Point",
        "coordinates": [
          -63.51664705138206,
          -31.567312755240888
        ]
      }
    },
    {
      "type": "Feature",
      "properties": {
        "extinto": "GUARDATTI AMELIA CLEMENTINA",
        "nacimiento": "1932-06-28 00:00:00",
        "defuncion": "2016-03-01 00:00:00"
      },
      "geometry": {
        "type": "Point",
        "coordinates": [
          -63.51660846598078,
          -31.567253587363684
        ]
      }
    },
    {
      "type": "Feature",
      "properties": {
        "extinto": "JUAREZ JOSE DOMINGO",
        "nacimiento": "1948-12-03 00:00:00",
        "defuncion": "2011-03-30 00:00:00"
      },
      "geometry": {
        "type": "Point",
        "coordinates": [
          -63.51665767216273,
          -31.567305355013115
        ]
      }
    },
    {
      "type": "Feature",
      "properties": {
        "extinto": "JUAREZ JUAN FRANCISCO",
        "nacimiento": "1930-05-05 00:00:00",
        "defuncion": "1987-04-26 00:00:00"
      },
      "geometry": {
        "type": "Point",
        "coordinates": [
          -63.51665767216273,
          -31.567305355013115
        ]
      }
    },
    {
      "type": "Feature",
      "properties": {
        "extinto": "JUAREZ AMANCIO",
        "nacimiento": "1910-10-10 00:00:00",
        "defuncion": "1962-09-12 00:00:00"
      },
      "geometry": {
        "type": "Point",
        "coordinates": [
          -63.51665767216273,
          -31.567305355013115
        ]
      }
    },
    {
      "type": "Feature",
      "properties": {
        "extinto": "FILOMENA PEREZ DE JUAREZ",
        "nacimiento": "1900-10-10 00:00:00",
        "defuncion": "1949-11-17 00:00:00"
      },
      "geometry": {
        "type": "Point",
        "coordinates": [
          -63.51665767216273,
          -31.567305355013115
        ]
      }
    },
    {
      "type": "Feature",
      "properties": {
        "extinto": "JUAREZ EDMUNDO DANTE",
        "nacimiento": "1900-10-01 00:00:00",
        "defuncion": "1969-07-02 00:00:00"
      },
      "geometry": {
        "type": "Point",
        "coordinates": [
          -63.51665767216273,
          -31.567305355013115
        ]
      }
    },
    {
      "type": "Feature",
      "properties": {
        "extinto": "JUAREZ RUFINO",
        "nacimiento": "1900-01-01 00:00:00",
        "defuncion": "1954-10-05 00:00:00"
      },
      "geometry": {
        "type": "Point",
        "coordinates": [
          -63.51665767216273,
          -31.567305355013115
        ]
      }
    },
    {
      "type": "Feature",
      "properties": {
        "extinto": "GOMEZ TELEFORA",
        "nacimiento": "1900-01-01 00:00:00",
        "defuncion": "1941-05-07 00:00:00"
      },
      "geometry": {
        "type": "Point",
        "coordinates": [
          -63.51665767216273,
          -31.567305355013115
        ]
      }
    },
    {
      "type": "Feature",
      "properties": {
        "extinto": "GIGENA HELVECIA",
        "nacimiento": "1919-08-05 00:00:00",
        "defuncion": "2011-05-21 00:00:00"
      },
      "geometry": {
        "type": "Point",
        "coordinates": [
          -63.51661909339383,
          -31.567246191898693
        ]
      }
    },
    {
      "type": "Feature",
      "properties": {
        "extinto": "DUBINI LUIS ALFREDO",
        "nacimiento": "1923-10-23 00:00:00",
        "defuncion": "2016-01-17 00:00:00"
      },
      "geometry": {
        "type": "Point",
        "coordinates": [
          -63.51661909339383,
          -31.567246191898693
        ]
      }
    },
    {
      "type": "Feature",
      "properties": {
        "extinto": "WOLOWICZ",
        "nacimiento": "1912-09-24 00:00:00",
        "defuncion": "1995-03-03 00:00:00"
      },
      "geometry": {
        "type": "Point",
        "coordinates": [
          -63.5166530012009,
          -31.567281866336643
        ]
      }
    },
    {
      "type": "Feature",
      "properties": {
        "extinto": "ALBANO DOMINGA",
        "nacimiento": "1921-12-18 00:00:00",
        "defuncion": "2009-06-06 00:00:00"
      },
      "geometry": {
        "type": "Point",
        "coordinates": [
          -63.5166530012009,
          -31.567281866336643
        ]
      }
    },
    {
      "type": "Feature",
      "properties": {
        "extinto": "WOLOWICZ DOMINGA GREGORIA",
        "nacimiento": "1944-03-04 00:00:00",
        "defuncion": "1970-07-26 00:00:00"
      },
      "geometry": {
        "type": "Point",
        "coordinates": [
          -63.5166530012009,
          -31.567281866336643
        ]
      }
    },
    {
      "type": "Feature",
      "properties": {
        "extinto": "JUAREZ JUAN CARLOS",
        "nacimiento": "1981-07-23 00:00:00",
        "defuncion": "2003-09-16 00:00:00"
      },
      "geometry": {
        "type": "Point",
        "coordinates": [
          -63.5166682929655,
          -31.567297954805557
        ]
      }
    },
    {
      "type": "Feature",
      "properties": {
        "extinto": "CALOS ALBERTO JUAREZ",
        "nacimiento": "1945-05-15 00:00:00",
        "defuncion": "2021-02-28 00:00:00"
      },
      "geometry": {
        "type": "Point",
        "coordinates": [
          -63.5166682929655,
          -31.567297954805557
        ]
      }
    },
    {
      "type": "Feature",
      "properties": {
        "extinto": "CANAVESIO GLORIA MAFALDA",
        "nacimiento": "1946-06-10 00:00:00",
        "defuncion": "2016-12-25 00:00:00"
      },
      "geometry": {
        "type": "Point",
        "coordinates": [
          -63.51662970596604,
          -31.56723877869465
        ]
      }
    },
    {
      "type": "Feature",
      "properties": {
        "extinto": "OLGA ESTELA TISSERA",
        "nacimiento": "1935-10-20 00:00:00",
        "defuncion": "2019-10-09 00:00:00"
      },
      "geometry": {
        "type": "Point",
        "coordinates": [
          -63.51664500595882,
          -31.567254880137895
        ]
      }
    },
    {
      "type": "Feature",
      "properties": {
        "extinto": "ALFREDO RODOLFO BUGNONE",
        "nacimiento": "1927-12-02 00:00:00",
        "defuncion": "2019-11-08 00:00:00"
      },
      "geometry": {
        "type": "Point",
        "coordinates": [
          -63.51664500595882,
          -31.567254880137895
        ]
      }
    },
    {
      "type": "Feature",
      "properties": {
        "extinto": "SARGIOTTO ANDRES ALBERTO",
        "nacimiento": "1928-07-23 00:00:00",
        "defuncion": "2005-07-15 00:00:00"
      },
      "geometry": {
        "type": "Point",
        "coordinates": [
          -63.51664032540101,
          -31.567231376298626
        ]
      }
    },
    {
      "type": "Feature",
      "properties": {
        "extinto": "ELISA ISABEL VALIENTE",
        "nacimiento": "1933-01-09 00:00:00",
        "defuncion": "2021-02-12 00:00:00"
      },
      "geometry": {
        "type": "Point",
        "coordinates": [
          -63.51664032540101,
          -31.567231376298626
        ]
      }
    },
    {
      "type": "Feature",
      "properties": {
        "extinto": "LEIVA MARGARITA",
        "nacimiento": "1932-11-03 00:00:00",
        "defuncion": "2012-12-08 00:00:00"
      },
      "geometry": {
        "type": "Point",
        "coordinates": [
          -63.516674242824806,
          -31.56726706586475
        ]
      }
    },
    {
      "type": "Feature",
      "properties": {
        "extinto": "BERTETTO JOSE ANTONIO",
        "nacimiento": "1931-11-27 00:00:00",
        "defuncion": "1981-05-15 00:00:00"
      },
      "geometry": {
        "type": "Point",
        "coordinates": [
          -63.516674242824806,
          -31.56726706586475
        ]
      }
    },
    {
      "type": "Feature",
      "properties": {
        "extinto": "BECCACECE CAROLINA ANA",
        "nacimiento": "1940-12-28 00:00:00",
        "defuncion": "2000-07-20 00:00:00"
      },
      "geometry": {
        "type": "Point",
        "coordinates": [
          -63.51668953459057,
          -31.56728315433114
        ]
      }
    },
    {
      "type": "Feature",
      "properties": {
        "extinto": "PAVON JOSE",
        "nacimiento": "1940-05-03 00:00:00",
        "defuncion": "2006-12-14 00:00:00"
      },
      "geometry": {
        "type": "Point",
        "coordinates": [
          -63.51668953459057,
          -31.56728315433114
        ]
      }
    },
    {
      "type": "Feature",
      "properties": {
        "extinto": "GARINO JOSE DOMINGO",
        "nacimiento": "1903-10-10 00:00:00",
        "defuncion": "1979-06-16 00:00:00"
      },
      "geometry": {
        "type": "Point",
        "coordinates": [
          -63.516666247577966,
          -31.56724007966734
        ]
      }
    },
    {
      "type": "Feature",
      "properties": {
        "extinto": "DONZINO ABA EMANUEL MARTIN",
        "nacimiento": "1981-01-13 00:00:00",
        "defuncion": "1981-01-13 00:00:00"
      },
      "geometry": {
        "type": "Point",
        "coordinates": [
          -63.516666247577966,
          -31.56724007966734
        ]
      }
    },
    {
      "type": "Feature",
      "properties": {
        "extinto": "TORAZZA ANGELA",
        "nacimiento": "1909-10-10 00:00:00",
        "defuncion": "1976-02-15 00:00:00"
      },
      "geometry": {
        "type": "Point",
        "coordinates": [
          -63.516666247577966,
          -31.56724007966734
        ]
      }
    },
    {
      "type": "Feature",
      "properties": {
        "extinto": "DONZINO ROLANDO MARTIN",
        "nacimiento": "1924-10-10 00:00:00",
        "defuncion": "1981-01-13 00:00:00"
      },
      "geometry": {
        "type": "Point",
        "coordinates": [
          -63.516666247577966,
          -31.56724007966734
        ]
      }
    },
    {
      "type": "Feature",
      "properties": {
        "extinto": "WOLOWICZ LUIS ROSA",
        "nacimiento": "1942-08-30 00:00:00",
        "defuncion": "2016-11-28 00:00:00"
      },
      "geometry": {
        "type": "Point",
        "coordinates": [
          -63.51670015540057,
          -31.567275754092634
        ]
      }
    },
    {
      "type": "Feature",
      "properties": {
        "extinto": "MARIA FRANCISCA DESTEFANIS",
        "nacimiento": "1942-02-09 00:00:00",
        "defuncion": "1970-06-20 00:00:00"
      },
      "geometry": {
        "type": "Point",
        "coordinates": [
          -63.51670015540057,
          -31.567275754092634
        ]
      }
    },
    {
      "type": "Feature",
      "properties": {
        "extinto": "PRATTO VILMA CATALINA",
        "nacimiento": "1940-07-14 00:00:00",
        "defuncion": "2011-03-19 00:00:00"
      },
      "geometry": {
        "type": "Point",
        "coordinates": [
          -63.516661577128986,
          -31.567216591258795
        ]
      }
    },
    {
      "type": "Feature",
      "properties": {
        "extinto": "BIONDINI VICTOR HUGO",
        "nacimiento": "1978-07-19 00:00:00",
        "defuncion": "1978-08-01 00:00:00"
      },
      "geometry": {
        "type": "Point",
        "coordinates": [
          -63.516661577128986,
          -31.567216591258795
        ]
      }
    },
    {
      "type": "Feature",
      "properties": {
        "extinto": "BIONDINI TOMAS LUIS",
        "nacimiento": "1928-08-06 00:00:00",
        "defuncion": "1998-11-30 00:00:00"
      },
      "geometry": {
        "type": "Point",
        "coordinates": [
          -63.516661577128986,
          -31.567216591258795
        ]
      }
    },
    {
      "type": "Feature",
      "properties": {
        "extinto": "PALACIOS MARIA ANA",
        "nacimiento": "1959-08-23 00:00:00",
        "defuncion": "2016-01-26 00:00:00"
      },
      "geometry": {
        "type": "Point",
        "coordinates": [
          -63.51667686838501,
          -31.567232679430763
        ]
      }
    },
    {
      "type": "Feature",
      "properties": {
        "extinto": "MAGDALENA BROCELLI",
        "nacimiento": "1921-08-24 00:00:00",
        "defuncion": "2014-03-31 00:00:00"
      },
      "geometry": {
        "type": "Point",
        "coordinates": [
          -63.51669548444196,
          -31.56725226538938
        ]
      }
    },
    {
      "type": "Feature",
      "properties": {
        "extinto": "RICARDO LUIS CEAGLIO",
        "nacimiento": "1923-01-14 00:00:00",
        "defuncion": "2008-04-24 00:00:00"
      },
      "geometry": {
        "type": "Point",
        "coordinates": [
          -63.51669548444196,
          -31.56725226538938
        ]
      }
    },
    {
      "type": "Feature",
      "properties": {
        "extinto": "MAGDALENA BARAS DE BRUCELLI",
        "nacimiento": "1900-03-10 00:00:00",
        "defuncion": "1963-09-09 00:00:00"
      },
      "geometry": {
        "type": "Point",
        "coordinates": [
          -63.51669548444196,
          -31.56725226538938
        ]
      }
    },
    {
      "type": "Feature",
      "properties": {
        "extinto": "SPIRITU BRUCELLI",
        "nacimiento": "1900-03-16 00:00:00",
        "defuncion": "1965-08-24 00:00:00"
      },
      "geometry": {
        "type": "Point",
        "coordinates": [
          -63.51669548444196,
          -31.56725226538938
        ]
      }
    },
    {
      "type": "Feature",
      "properties": {
        "extinto": "LOFFLER GERMAN ADOLFO",
        "nacimiento": "1929-03-14 00:00:00",
        "defuncion": "2009-04-24 00:00:00"
      },
      "geometry": {
        "type": "Point",
        "coordinates": [
          -63.51667219772532,
          -31.567209191081503
        ]
      }
    },
    {
      "type": "Feature",
      "properties": {
        "extinto": "ALBA ROSA PALACIOS",
        "nacimiento": "1929-05-28 00:00:00",
        "defuncion": "2014-01-04 00:00:00"
      },
      "geometry": {
        "type": "Point",
        "coordinates": [
          -63.51667219772532,
          -31.567209191081503
        ]
      }
    },
    {
      "type": "Feature",
      "properties": {
        "extinto": "CEAGLIO ITALO GASPAR",
        "nacimiento": "1949-04-19 00:00:00",
        "defuncion": "2017-03-22 00:00:00"
      },
      "geometry": {
        "type": "Point",
        "coordinates": [
          -63.51668748919034,
          -31.567225279193277
        ]
      }
    },
    {
      "type": "Feature",
      "properties": {
        "extinto": "FONSECA ESTER",
        "nacimiento": "1958-01-04 00:00:00",
        "defuncion": "2014-07-02 00:00:00"
      },
      "geometry": {
        "type": "Point",
        "coordinates": [
          -63.51670610524801,
          -31.567244865150368
        ]
      }
    },
    {
      "type": "Feature",
      "properties": {
        "extinto": "FRANCISCO JOSE CARNIEL",
        "nacimiento": "1948-06-03 00:00:00",
        "defuncion": "2018-06-21 00:00:00"
      },
      "geometry": {
        "type": "Point",
        "coordinates": [
          -63.51670610524801,
          -31.567244865150368
        ]
      }
    },
    {
      "type": "Feature",
      "properties": {
        "extinto": "JOSE ROBERTO SANCHEZ",
        "nacimiento": "1943-03-16 00:00:00",
        "defuncion": "2020-10-21 00:00:00"
      },
      "geometry": {
        "type": "Point",
        "coordinates": [
          -63.51667299070271,
          -31.567326551669915
        ]
      }
    },
    {
      "type": "Feature",
      "properties": {
        "extinto": "JOSE EDUARDO RAMON SILVA",
        "nacimiento": "1944-08-31 00:00:00",
        "defuncion": "2022-05-02 00:00:00"
      },
      "geometry": {
        "type": "Point",
        "coordinates": [
          -63.516680385492684,
          -31.567336419222357
        ]
      }
    },
    {
      "type": "Feature",
      "properties": {
        "extinto": "GONZALEZ ADRIAN HORACIO",
        "nacimiento": "1975-06-10 00:00:00",
        "defuncion": "2016-09-16 00:00:00"
      },
      "geometry": {
        "type": "Point",
        "coordinates": [
          -63.51673035488094,
          -31.567364687756086
        ]
      }
    },
    {
      "type": "Feature",
      "properties": {
        "extinto": "GONZALEZ JUAN CARLOS",
        "nacimiento": "1939-09-10 00:00:00",
        "defuncion": "2009-01-07 00:00:00"
      },
      "geometry": {
        "type": "Point",
        "coordinates": [
          -63.51673035488094,
          -31.567364687756086
        ]
      }
    },
    {
      "type": "Feature",
      "properties": {
        "extinto": "OVIEDO OSVALDO OMAR",
        "nacimiento": "1949-01-01 00:00:00",
        "defuncion": "2015-03-24 00:00:00"
      },
      "geometry": {
        "type": "Point",
        "coordinates": [
          -63.516747782943,
          -31.567341183386283
        ]
      }
    },
    {
      "type": "Feature",
      "properties": {
        "extinto": "RAMONA  GLADIS  TOLEDO",
        "nacimiento": "1957-08-10 00:00:00",
        "defuncion": "2024-04-16 00:00:00"
      },
      "geometry": {
        "type": "Point",
        "coordinates": [
          -63.516747782943,
          -31.567341183386283
        ]
      }
    },
    {
      "type": "Feature",
      "properties": {
        "extinto": "ARGUELLO JUAN",
        "nacimiento": "2014-10-30 00:00:00",
        "defuncion": "2014-10-30 00:00:00"
      },
      "geometry": {
        "type": "Point",
        "coordinates": [
          -63.516738593958515,
          -31.567290511516934
        ]
      }
    },
    {
      "type": "Feature",
      "properties": {
        "extinto": "ARGUELLORICARDO",
        "nacimiento": "2014-10-30 00:00:00",
        "defuncion": "2014-10-30 00:00:00"
      },
      "geometry": {
        "type": "Point",
        "coordinates": [
          -63.516738593958515,
          -31.567290511516934
        ]
      }
    },
    {
      "type": "Feature",
      "properties": {
        "extinto": "HIRMA ROSA MORALES",
        "nacimiento": "1927-09-01 00:00:00",
        "defuncion": "2015-10-12 00:00:00"
      },
      "geometry": {
        "type": "Point",
        "coordinates": [
          -63.516738593958515,
          -31.567290511516934
        ]
      }
    },
    {
      "type": "Feature",
      "properties": {
        "extinto": "SUSANA BEATRIZ GOMEZ",
        "nacimiento": "1961-04-07 00:00:00",
        "defuncion": "2020-09-22 00:00:00"
      },
      "geometry": {
        "type": "Point",
        "coordinates": [
          -63.516745988752426,
          -31.567300379065614
        ]
      }
    },
    {
      "type": "Feature",
      "properties": {
        "extinto": "VICTOR HUGO TABORDA",
        "nacimiento": "1954-03-03 00:00:00",
        "defuncion": "2021-11-04 00:00:00"
      },
      "geometry": {
        "type": "Point",
        "coordinates": [
          -63.516760778344995,
          -31.56732011416157
        ]
      }
    },
    {
      "type": "Feature",
      "properties": {
        "extinto": "RAUL ANTONIO OTERO",
        "nacimiento": "1969-08-25 00:00:00",
        "defuncion": "2021-10-07 00:00:00"
      },
      "geometry": {
        "type": "Point",
        "coordinates": [
          -63.516768173143596,
          -31.56732998170887
        ]
      }
    },
    {
      "type": "Feature",
      "properties": {
        "extinto": "DONDO ELSA LUCIA",
        "nacimiento": "1954-08-18 00:00:00",
        "defuncion": "2013-10-26 00:00:00"
      },
      "geometry": {
        "type": "Point",
        "coordinates": [
          -63.51683779237615,
          -31.567432653460514
        ]
      }
    },
    {
      "type": "Feature",
      "properties": {
        "extinto": "RODRIGUEZ ESCAGLIOTTI RUBEN",
        "nacimiento": "1950-07-19 00:00:00",
        "defuncion": "1996-02-22 00:00:00"
      },
      "geometry": {
        "type": "Point",
        "coordinates": [
          -63.51663157216035,
          -31.567564612021172
        ]
      }
    },
    {
      "type": "Feature",
      "properties": {
        "extinto": "TRUCCO ESTEBAN CARLOS",
        "nacimiento": "1927-02-16 00:00:00",
        "defuncion": "2012-07-14 00:00:00"
      },
      "geometry": {
        "type": "Point",
        "coordinates": [
          -63.516640275361176,
          -31.567583970010425
        ]
      }
    },
    {
      "type": "Feature",
      "properties": {
        "extinto": "EDA VICTORINA CHIAMBRETTO",
        "nacimiento": "1931-02-27 00:00:00",
        "defuncion": "2021-04-02 00:00:00"
      },
      "geometry": {
        "type": "Point",
        "coordinates": [
          -63.516640275361176,
          -31.567583970010425
        ]
      }
    },
    {
      "type": "Feature",
      "properties": {
        "extinto": "RODRIGUEZ VARELA ISIDORO",
        "nacimiento": "1918-05-15 00:00:00",
        "defuncion": "1978-06-29 00:00:00"
      },
      "geometry": {
        "type": "Point",
        "coordinates": [
          -63.51664435138806,
          -31.567560400241568
        ]
      }
    },
    {
      "type": "Feature",
      "properties": {
        "extinto": "RITA DEL VALLE RODRIGUEZ",
        "nacimiento": "1945-10-20 00:00:00",
        "defuncion": "1980-05-23 00:00:00"
      },
      "geometry": {
        "type": "Point",
        "coordinates": [
          -63.51664435138806,
          -31.567560400241568
        ]
      }
    },
    {
      "type": "Feature",
      "properties": {
        "extinto": "IVILMA MARGARITA SCAGLIOTTI",
        "nacimiento": "1921-08-08 00:00:00",
        "defuncion": "2015-01-27 00:00:00"
      },
      "geometry": {
        "type": "Point",
        "coordinates": [
          -63.51664435138806,
          -31.567560400241568
        ]
      }
    },
    {
      "type": "Feature",
      "properties": {
        "extinto": "ALBERTO ENRIQUE RODRIGUEZ SCAGLIOTTI",
        "nacimiento": "1948-06-23 00:00:00",
        "defuncion": "2022-06-17 00:00:00"
      },
      "geometry": {
        "type": "Point",
        "coordinates": [
          -63.51665713061458,
          -31.567556188460696
        ]
      }
    },
    {
      "type": "Feature",
      "properties": {
        "extinto": "CONTRERAS CIPRIANO",
        "nacimiento": "1934-02-10 00:00:00",
        "defuncion": "1960-01-01 00:00:00"
      },
      "geometry": {
        "type": "Point",
        "coordinates": [
          -63.51577499088333,
          -31.567903570211115
        ]
      }
    },
    {
      "type": "Feature",
      "properties": {
        "extinto": "TEJEDA LEOPOLDA",
        "nacimiento": "1913-08-16 00:00:00",
        "defuncion": "2013-07-03 00:00:00"
      },
      "geometry": {
        "type": "Point",
        "coordinates": [
          -63.51577499088333,
          -31.567903570211115
        ]
      }
    },
    {
      "type": "Feature",
      "properties": {
        "extinto": "NICOLAS ANTONIO CONTRERAS",
        "nacimiento": "1939-06-19 00:00:00",
        "defuncion": "2022-06-12 00:00:00"
      },
      "geometry": {
        "type": "Point",
        "coordinates": [
          -63.51577499088333,
          -31.567903570211115
        ]
      }
    },
    {
      "type": "Feature",
      "properties": {
        "extinto": "NORMA BEATRIZ CONTRERAS",
        "nacimiento": "1947-01-16 00:00:00",
        "defuncion": "2019-12-21 00:00:00"
      },
      "geometry": {
        "type": "Point",
        "coordinates": [
          -63.51577499088333,
          -31.567903570211115
        ]
      }
    },
    {
      "type": "Feature",
      "properties": {
        "extinto": "JOSE LUIS FORMENTELLI",
        "nacimiento": "1958-01-02 00:00:00",
        "defuncion": "2021-07-15 00:00:00"
      },
      "geometry": {
        "type": "Point",
        "coordinates": [
          -63.51531442573925,
          -31.56721105728557
        ]
      }
    },
    {
      "type": "Feature",
      "properties": {
        "extinto": "ESPERON NELIDA ESTHER",
        "nacimiento": "1923-05-10 00:00:00",
        "defuncion": "2007-05-09 00:00:00"
      },
      "geometry": {
        "type": "Point",
        "coordinates": [
          -63.51531843516333,
          -31.567222267571054
        ]
      }
    },
    {
      "type": "Feature",
      "properties": {
        "extinto": "LUIS ERNESTO ARROÑADES",
        "nacimiento": "1956-01-17 00:00:00",
        "defuncion": "2010-09-07 00:00:00"
      },
      "geometry": {
        "type": "Point",
        "coordinates": [
          -63.51531843516333,
          -31.567222267571054
        ]
      }
    },
    {
      "type": "Feature",
      "properties": {
        "extinto": "ROLANDO ESTER SALVADORA",
        "nacimiento": "1926-06-12 00:00:00",
        "defuncion": "2016-01-08 00:00:00"
      },
      "geometry": {
        "type": "Point",
        "coordinates": [
          -63.51538430333329,
          -31.567245740648524
        ]
      }
    },
    {
      "type": "Feature",
      "properties": {
        "extinto": "EMILIO JOSE PAVIATTO",
        "nacimiento": "1935-06-04 00:00:00",
        "defuncion": "2001-07-20 00:00:00"
      },
      "geometry": {
        "type": "Point",
        "coordinates": [
          -63.515388275462854,
          -31.56725696150705
        ]
      }
    },
    {
      "type": "Feature",
      "properties": {
        "extinto": "CUELLO OSCAR JUSTINIANO",
        "nacimiento": "1922-09-26 00:00:00",
        "defuncion": "2005-10-24 00:00:00"
      },
      "geometry": {
        "type": "Point",
        "coordinates": [
          -63.515486301997356,
          -31.567405665436212
        ]
      }
    },
    {
      "type": "Feature",
      "properties": {
        "extinto": "GUEVEL DORA CECILIA",
        "nacimiento": "1928-08-04 00:00:00",
        "defuncion": "2012-02-15 00:00:00"
      },
      "geometry": {
        "type": "Point",
        "coordinates": [
          -63.515486301997356,
          -31.567405665436212
        ]
      }
    },
    {
      "type": "Feature",
      "properties": {
        "extinto": "RAUL ALBERTO MAZZA",
        "nacimiento": "1951-04-22 00:00:00",
        "defuncion": "2023-09-29 00:00:00"
      },
      "geometry": {
        "type": "Point",
        "coordinates": [
          -63.515486301997356,
          -31.567405665436212
        ]
      }
    },
    {
      "type": "Feature",
      "properties": {
        "extinto": "NICHO ROCIO ORIANA",
        "nacimiento": "2001-03-31 00:00:00",
        "defuncion": "2001-03-31 00:00:00"
      },
      "geometry": {
        "type": "Point",
        "coordinates": [
          -63.51545733485501,
          -31.56731398677473
        ]
      }
    },
    {
      "type": "Feature",
      "properties": {
        "extinto": "JOSEFA PERALTA DE MARTINEZ",
        "nacimiento": "1950-10-10 00:00:00",
        "defuncion": "1980-05-06 00:00:00"
      },
      "geometry": {
        "type": "Point",
        "coordinates": [
          -63.51547802698692,
          -31.567359078622427
        ]
      }
    },
    {
      "type": "Feature",
      "properties": {
        "extinto": "MARIA MARTINEZ DE MEDRANO",
        "nacimiento": "1950-10-10 00:00:00",
        "defuncion": "1992-05-11 00:00:00"
      },
      "geometry": {
        "type": "Point",
        "coordinates": [
          -63.51547802698692,
          -31.567359078622427
        ]
      }
    },
    {
      "type": "Feature",
      "properties": {
        "extinto": "EUGENIO MARTINEZ",
        "nacimiento": "1950-10-10 00:00:00",
        "defuncion": "1952-05-02 00:00:00"
      },
      "geometry": {
        "type": "Point",
        "coordinates": [
          -63.51547802698692,
          -31.567359078622427
        ]
      }
    },
    {
      "type": "Feature",
      "properties": {
        "extinto": "RAFAEL MEDRANO",
        "nacimiento": "1950-10-10 00:00:00",
        "defuncion": "2008-02-10 00:00:00"
      },
      "geometry": {
        "type": "Point",
        "coordinates": [
          -63.51548704814231,
          -31.567378329607106
        ]
      }
    },
    {
      "type": "Feature",
      "properties": {
        "extinto": "ALVAREZ FERNANDO",
        "nacimiento": "1920-06-24 00:00:00",
        "defuncion": "2003-08-05 00:00:00"
      },
      "geometry": {
        "type": "Point",
        "coordinates": [
          -63.51549891173732,
          -31.56740109452897
        ]
      }
    },
    {
      "type": "Feature",
      "properties": {
        "extinto": "CECILIA DEL MILAGRO ALVAREZ GHIBAUDO",
        "nacimiento": "1954-04-16 00:00:00",
        "defuncion": "2021-05-11 00:00:00"
      },
      "geometry": {
        "type": "Point",
        "coordinates": [
          -63.51549891173732,
          -31.56740109452897
        ]
      }
    },
    {
      "type": "Feature",
      "properties": {
        "extinto": "JUAN CARLOS LUQUE",
        "nacimiento": "1970-10-10 00:00:00",
        "defuncion": "2002-10-14 00:00:00"
      },
      "geometry": {
        "type": "Point",
        "coordinates": [
          -63.51611797103603,
          -31.567629097992814
        ]
      }
    },
    {
      "type": "Feature",
      "properties": {
        "extinto": "LUQUE GRACIELA TERESITA",
        "nacimiento": "1956-06-02 00:00:00",
        "defuncion": "2005-02-27 00:00:00"
      },
      "geometry": {
        "type": "Point",
        "coordinates": [
          -63.51611797103603,
          -31.567629097992814
        ]
      }
    },
    {
      "type": "Feature",
      "properties": {
        "extinto": "AUDISIO EUGENIO",
        "nacimiento": "1900-01-24 00:00:00",
        "defuncion": "1961-12-19 00:00:00"
      },
      "geometry": {
        "type": "Point",
        "coordinates": [
          -63.515766677859226,
          -31.567636976907295
        ]
      }
    },
    {
      "type": "Feature",
      "properties": {
        "extinto": "ESTROGUSZ MIGUEL DOMINGO",
        "nacimiento": "1948-06-13 00:00:00",
        "defuncion": "1981-03-26 00:00:00"
      },
      "geometry": {
        "type": "Point",
        "coordinates": [
          -63.515766677859226,
          -31.567636976907295
        ]
      }
    },
    {
      "type": "Feature",
      "properties": {
        "extinto": "ESTROGUSZ MIGUEL ANGEL",
        "nacimiento": "1981-01-03 00:00:00",
        "defuncion": "1996-05-02 00:00:00"
      },
      "geometry": {
        "type": "Point",
        "coordinates": [
          -63.515766677859226,
          -31.567636976907295
        ]
      }
    },
    {
      "type": "Feature",
      "properties": {
        "extinto": "PERALTA LILIA",
        "nacimiento": "1935-04-23 00:00:00",
        "defuncion": "2002-11-15 00:00:00"
      },
      "geometry": {
        "type": "Point",
        "coordinates": [
          -63.51591779253125,
          -31.567868614003928
        ]
      }
    },
    {
      "type": "Feature",
      "properties": {
        "extinto": "ANGEL NARCISO JUAREZ",
        "nacimiento": "1932-10-29 00:00:00",
        "defuncion": "2014-02-15 00:00:00"
      },
      "geometry": {
        "type": "Point",
        "coordinates": [
          -63.51591779253125,
          -31.567868614003928
        ]
      }
    },
    {
      "type": "Feature",
      "properties": {
        "extinto": "MARIA  DEL VALLE  PERALTA",
        "nacimiento": "1944-08-26 00:00:00",
        "defuncion": "2024-07-23 00:00:00"
      },
      "geometry": {
        "type": "Point",
        "coordinates": [
          -63.51587066145561,
          -31.56658431373675
        ]
      }
    },
    {
      "type": "Feature",
      "properties": {
        "extinto": "ANGELICA  ANTONIA  LENCINA",
        "nacimiento": "1936-10-08 00:00:00",
        "defuncion": "2024-07-18 00:00:00"
      },
      "geometry": {
        "type": "Point",
        "coordinates": [
          -63.51592254294779,
          -31.56652448790051
        ]
      }
    },
    {
      "type": "Feature",
      "properties": {
        "extinto": "SILVIA  NOEMI  RODRIGUEZ",
        "nacimiento": "1963-05-11 00:00:00",
        "defuncion": "2024-07-19 00:00:00"
      },
      "geometry": {
        "type": "Point",
        "coordinates": [
          -63.5153644682726,
          -31.567189633943556
        ]
      }
    },
    {
      "type": "Feature",
      "properties": {
        "extinto": "HECTOR  HUGO  ROSSO",
        "nacimiento": "1947-10-14 00:00:00",
        "defuncion": "2024-07-18 00:00:00"
      },
      "geometry": {
        "type": "Point",
        "coordinates": [
          -63.5154435061043,
          -31.567475138820846
        ]
      }
    },
    {
      "type": "Feature",
      "properties": {
        "extinto": "MARIA  CECILIA  AUDISIO",
        "nacimiento": "1972-11-03 00:00:00",
        "defuncion": "2024-07-19 00:00:00"
      },
      "geometry": {
        "type": "Point",
        "coordinates": [
          -63.51626453841381,
          -31.567507022892634
        ]
      }
    },
    {
      "type": "Feature",
      "properties": {
        "extinto": "OTILIA  CARMEN  PALOPITO",
        "nacimiento": "1938-10-01 00:00:00",
        "defuncion": "2024-07-21 00:00:00"
      },
      "geometry": {
        "type": "Point",
        "coordinates": [
          -63.516272835433,
          -31.56757346323993
        ]
      }
    },
    {
      "type": "Feature",
      "properties": {
        "extinto": "JORGE  ANIBAL  ISAIA",
        "nacimiento": "1957-05-07 00:00:00",
        "defuncion": "2024-08-22 00:00:00"
      },
      "geometry": {
        "type": "Point",
        "coordinates": [
          -63.516105953884555,
          -31.56686377203082
        ]
      }
    },
    {
      "type": "Feature",
      "properties": {
        "extinto": "RAMON BELARMINO ROLLE",
        "nacimiento": "1947-09-30 00:00:00",
        "defuncion": "2024-08-25 00:00:00"
      },
      "geometry": {
        "type": "Point",
        "coordinates": [
          -63.51615093193016,
          -31.56691259418211
        ]
      }
    },
    {
      "type": "Feature",
      "properties": {
        "extinto": "ROSA  RAMONA  OGGIONE",
        "nacimiento": "1952-08-29 00:00:00",
        "defuncion": "2024-08-19 00:00:00"
      },
      "geometry": {
        "type": "Point",
        "coordinates": [
          -63.515853101354665,
          -31.566794217317977
        ]
      }
    },
    {
      "type": "Feature",
      "properties": {
        "extinto": "MIGUEL  OLEGARIO  LUCERO",
        "nacimiento": "1946-01-03 00:00:00",
        "defuncion": "2024-08-06 00:00:00"
      },
      "geometry": {
        "type": "Point",
        "coordinates": [
          -63.515724413877095,
          -31.566570848866597
        ]
      }
    },
    {
      "type": "Feature",
      "properties": {
        "extinto": "DIEGO  LUIS  FERREYRA",
        "nacimiento": "1952-10-15 00:00:00",
        "defuncion": "2024-08-18 00:00:00"
      },
      "geometry": {
        "type": "Point",
        "coordinates": [
          -63.51557500256509,
          -31.566810509012875
        ]
      }
    },
    {
      "type": "Feature",
      "properties": {
        "extinto": "MARIA  JULIETA  CROSS",
        "nacimiento": "1973-09-21 00:00:00",
        "defuncion": "2024-09-01 00:00:00"
      },
      "geometry": {
        "type": "Point",
        "coordinates": [
          -63.51495677136005,
          -31.567076225121035
        ]
      }
    },
    {
      "type": "Feature",
      "properties": {
        "extinto": "BERNARDO MANSILLA",
        "nacimiento": "1946-09-19 00:00:00",
        "defuncion": "2024-08-26 00:00:00"
      },
      "geometry": {
        "type": "Point",
        "coordinates": [
          -63.51525797370344,
          -31.56695999497861
        ]
      }
    },
    {
      "type": "Feature",
      "properties": {
        "extinto": "BENJAMIN  VACA  BONALDI",
        "nacimiento": "2007-07-10 00:00:00",
        "defuncion": "2024-08-04 00:00:00"
      },
      "geometry": {
        "type": "Point",
        "coordinates": [
          -63.515467515096596,
          -31.567546799633433
        ]
      }
    },
    {
      "type": "Feature",
      "properties": {
        "extinto": "RICARDO  CARMEN CARNIEL",
        "nacimiento": "1939-10-28 00:00:00",
        "defuncion": "2024-08-18 00:00:00"
      },
      "geometry": {
        "type": "Point",
        "coordinates": [
          -63.51643960923488,
          -31.567706709889276
        ]
      }
    },
    {
      "type": "Feature",
      "properties": {
        "extinto": "TERESA  AMANDA  BONALDI",
        "nacimiento": "1944-11-11 00:00:00",
        "defuncion": "2024-07-27 00:00:00"
      },
      "geometry": {
        "type": "Point",
        "coordinates": [
          -63.516276637433776,
          -31.567413526192595
        ]
      }
    },
    {
      "type": "Feature",
      "properties": {
        "extinto": "AMELIA  SUMILDA  MANTESE",
        "nacimiento": "1935-07-17 00:00:00",
        "defuncion": "2024-09-01 00:00:00"
      },
      "geometry": {
        "type": "Point",
        "coordinates": [
          -63.51620526902821,
          -31.567458200755127
        ]
      }
    },
    {
      "type": "Feature",
      "properties": {
        "extinto": "ALFREDO  ALBERICI",
        "nacimiento": "1938-01-12 00:00:00",
        "defuncion": "2024-09-01 00:00:00"
      },
      "geometry": {
        "type": "Point",
        "coordinates": [
          -63.51549675238389,
          -31.56770928516214
        ]
      }
    },
    {
      "type": "Feature",
      "properties": {
        "extinto": "GUSTAVO RAMON   BENET",
        "nacimiento": "1980-07-29 00:00:00",
        "defuncion": "2024-09-01 00:00:00"
      },
      "geometry": {
        "type": "Point",
        "coordinates": [
          -63.51599804579936,
          -31.567749987709945
        ]
      }
    },
    {
      "type": "Feature",
      "properties": {
        "extinto": "BERTA  NOEMI  GIGENA",
        "nacimiento": "1956-12-02 00:00:00",
        "defuncion": "2024-08-16 00:00:00"
      },
      "geometry": {
        "type": "Point",
        "coordinates": [
          -63.51661051793297,
          -31.567311467269942
        ]
      }
    },
    {
      "type": "Feature",
      "properties": {
        "extinto": "ESTHER  ROSA  RAMONA  CAVALLERA",
        "nacimiento": "1935-12-21 00:00:00",
        "defuncion": "2024-08-24 00:00:00"
      },
      "geometry": {
        "type": "Point",
        "coordinates": [
          -63.516303547490644,
          -31.567625855265415
        ]
      }
    },
    {
      "type": "Feature",
      "properties": {
        "extinto": "ROBERTO  FEDERICO  PATRIA",
        "nacimiento": "1930-12-25 00:00:00",
        "defuncion": "2000-09-17 00:00:00"
      },
      "geometry": {
        "type": "Point",
        "coordinates": [
          -63.516303547490644,
          -31.567625855265415
        ]
      }
    },
    {
      "type": "Feature",
      "properties": {
        "extinto": "ANA  MARIA  PATRIA",
        "nacimiento": "1962-08-08 00:00:00",
        "defuncion": "1975-07-07 00:00:00"
      },
      "geometry": {
        "type": "Point",
        "coordinates": [
          -63.516303547490644,
          -31.567625855265415
        ]
      }
    },
    {
      "type": "Feature",
      "properties": {
        "extinto": "ROQUE ANGEL PEREYRA",
        "nacimiento": "1956-05-12 00:00:00",
        "defuncion": "2024-09-12 00:00:00"
      },
      "geometry": {
        "type": "Point",
        "coordinates": [
          -63.51646812144109,
          -31.567164580916753
        ]
      }
    },
    {
      "type": "Feature",
      "properties": {
        "extinto": "ANA  DOMINGA  SCARAFFIA",
        "nacimiento": "1939-08-30 00:00:00",
        "defuncion": "2024-09-19 00:00:00"
      },
      "geometry": {
        "type": "Point",
        "coordinates": [
          -63.51639440129571,
          -31.566901204161088
        ]
      }
    },
    {
      "type": "Feature",
      "properties": {
        "extinto": "DIEGO  ANTONIO  SANCHEZ",
        "nacimiento": "1933-06-25 00:00:00",
        "defuncion": "2024-09-10 00:00:00"
      },
      "geometry": {
        "type": "Point",
        "coordinates": [
          -63.51667153650947,
          -31.566985281229734
        ]
      }
    },
    {
      "type": "Feature",
      "properties": {
        "extinto": "IRIS ROMILDA  BOTTA",
        "nacimiento": "1950-05-03 00:00:00",
        "defuncion": "2024-10-06 00:00:00"
      },
      "geometry": {
        "type": "Point",
        "coordinates": [
          -63.51633143776227,
          -31.566453776336733
        ]
      }
    },
    {
      "type": "Feature",
      "properties": {
        "extinto": "ANTONIO  RICARDO  ALGARBE",
        "nacimiento": "1953-01-23 00:00:00",
        "defuncion": "2024-09-16 00:00:00"
      },
      "geometry": {
        "type": "Point",
        "coordinates": [
          -63.516207609461794,
          -31.56639379637944
        ]
      }
    },
    {
      "type": "Feature",
      "properties": {
        "extinto": "RUBÉN  GERARDO  CACIORGNA",
        "nacimiento": "1941-02-10 00:00:00",
        "defuncion": "2024-10-10 00:00:00"
      },
      "geometry": {
        "type": "Point",
        "coordinates": [
          -63.51496723801572,
          -31.566934294475622
        ]
      }
    },
    {
      "type": "Feature",
      "properties": {
        "extinto": "PEDRO  ANIBAL  LOIS",
        "nacimiento": "1937-07-10 00:00:00",
        "defuncion": "2024-09-07 00:00:00"
      },
      "geometry": {
        "type": "Point",
        "coordinates": [
          -63.51503227946882,
          -31.567330339086748
        ]
      }
    },
    {
      "type": "Feature",
      "properties": {
        "extinto": "MARIA  JULIA  MAIDANA",
        "nacimiento": "1933-08-15 00:00:00",
        "defuncion": "2024-09-26 00:00:00"
      },
      "geometry": {
        "type": "Point",
        "coordinates": [
          -63.5152783409664,
          -31.56711016470928
        ]
      }
    },
    {
      "type": "Feature",
      "properties": {
        "extinto": "N.N  PIRCHI",
        "nacimiento": "1983-09-17 00:00:00",
        "defuncion": "1983-09-17 00:00:00"
      },
      "geometry": {
        "type": "Point",
        "coordinates": [
          -63.515393348000146,
          -31.567334867961765
        ]
      }
    },
    {
      "type": "Feature",
      "properties": {
        "extinto": "ROGER  EUFRACIO  LUQUE",
        "nacimiento": "1934-10-27 00:00:00",
        "defuncion": "2024-09-09 00:00:00"
      },
      "geometry": {
        "type": "Point",
        "coordinates": [
          -63.51641310587503,
          -31.567679836662005
        ]
      }
    },
    {
      "type": "Feature",
      "properties": {
        "extinto": "ELENA  VELIA  ANA  CAVALLERA",
        "nacimiento": "1931-07-19 00:00:00",
        "defuncion": "1995-04-01 00:00:00"
      },
      "geometry": {
        "type": "Point",
        "coordinates": [
          -63.51641310587503,
          -31.567679836662005
        ]
      }
    },
    {
      "type": "Feature",
      "properties": {
        "extinto": "ELSA  ENRIQUETA  CAVALIERI",
        "nacimiento": "1935-12-09 00:00:00",
        "defuncion": "2024-09-08 00:00:00"
      },
      "geometry": {
        "type": "Point",
        "coordinates": [
          -63.516319319398214,
          -31.567499899868565
        ]
      }
    },
    {
      "type": "Feature",
      "properties": {
        "extinto": "HAYDEE  LUISA  RAMONA  MOSSELLO",
        "nacimiento": "1938-09-25 00:00:00",
        "defuncion": "2024-09-17 00:00:00"
      },
      "geometry": {
        "type": "Point",
        "coordinates": [
          -63.51618005136336,
          -31.567719810342155
        ]
      }
    },
    {
      "type": "Feature",
      "properties": {
        "extinto": "JUAN CARLOS  RE",
        "nacimiento": "1953-02-09 00:00:00",
        "defuncion": "2024-09-16 00:00:00"
      },
      "geometry": {
        "type": "Point",
        "coordinates": [
          -63.516775567943796,
          -31.56733984925569
        ]
      }
    },
    {
      "type": "Feature",
      "properties": {
        "extinto": "EDUARDO  MAXIMILIANO  PRESSON",
        "nacimiento": "1986-08-05 00:00:00",
        "defuncion": "2024-10-11 00:00:00"
      },
      "geometry": {
        "type": "Point",
        "coordinates": [
          -63.51551732591097,
          -31.567498515867918
        ]
      }
    },
    {
      "type": "Feature",
      "properties": {
        "extinto": "OSCAR  RAMON  TORAZZA",
        "nacimiento": "1950-08-08 00:00:00",
        "defuncion": "2024-10-12 00:00:00"
      },
      "geometry": {
        "type": "Point",
        "coordinates": [
          -63.51587768658587,
          -31.566805380522283
        ]
      }
    },
    {
      "type": "Feature",
      "properties": {
        "extinto": "MARTA  GRACIELA  FLORES",
        "nacimiento": "1944-12-09 00:00:00",
        "defuncion": "2024-10-12 00:00:00"
      },
      "geometry": {
        "type": "Point",
        "coordinates": [
          -63.51639882021441,
          -31.566912301020714
        ]
      }
    },
    {
      "type": "Feature",
      "properties": {
        "extinto": "ALDO  RAMON  JUAREZ",
        "nacimiento": "1952-12-25 00:00:00",
        "defuncion": "2024-10-09 00:00:00"
      },
      "geometry": {
        "type": "Point",
        "coordinates": [
          -63.515398033782695,
          -31.56743766175239
        ]
      }
    },
    {
      "type": "Feature",
      "properties": {
        "extinto": "SHEILA  CARNIEL",
        "nacimiento": "2003-01-10 00:00:00",
        "defuncion": "2024-10-14 00:00:00"
      },
      "geometry": {
        "type": "Point",
        "coordinates": [
          -63.516177946460225,
          -31.56789082094605
        ]
      }
    },
    {
      "type": "Feature",
      "properties": {
        "extinto": "HERNAN  FACUNDO  BAIGORRIA",
        "nacimiento": "1996-01-20 00:00:00",
        "defuncion": "2024-10-18 00:00:00"
      },
      "geometry": {
        "type": "Point",
        "coordinates": [
          -63.51578747987406,
          -31.56778497558532
        ]
      }
    },
    {
      "type": "Feature",
      "properties": {
        "extinto": "ANTONIO ALFONSO DONALISIO",
        "nacimiento": "1958-06-13 00:00:00",
        "defuncion": "2024-10-06 00:00:00"
      },
      "geometry": {
        "type": "Point",
        "coordinates": [
          -63.515203810830705,
          -31.567129705500978
        ]
      }
    },
    {
      "type": "Feature",
      "properties": {
        "extinto": "HUGO  MOISES  GOMEZ",
        "nacimiento": "1947-08-10 00:00:00",
        "defuncion": "2024-10-27 00:00:00"
      },
      "geometry": {
        "type": "Point",
        "coordinates": [
          -63.51604101114509,
          -31.567504793146547
        ]
      }
    },
    {
      "type": "Feature",
      "properties": {
        "extinto": "NELLIDA  JOSEFA  GARINO",
        "nacimiento": "1929-06-11 00:00:00",
        "defuncion": "2024-10-26 00:00:00"
      },
      "geometry": {
        "type": "Point",
        "coordinates": [
          -63.516666247577966,
          -31.56724007966734
        ]
      }
    },
    {
      "type": "Feature",
      "properties": {
        "extinto": "NESTOR  JUAN   PERASSI",
        "nacimiento": "1931-09-10 00:00:00",
        "defuncion": "2024-11-03 00:00:00"
      },
      "geometry": {
        "type": "Point",
        "coordinates": [
          -63.516098731043996,
          -31.567598021786026
        ]
      }
    },
    {
      "type": "Feature",
      "properties": {
        "extinto": "ROSARIO  GOMEZ",
        "nacimiento": "1906-06-24 00:00:00",
        "defuncion": "1984-02-12 00:00:00"
      },
      "geometry": {
        "type": "Point",
        "coordinates": [
          -63.5162494757135,
          -31.56742336661388
        ]
      }
    },
    {
      "type": "Feature",
      "properties": {
        "extinto": "MIRTA  ARGENTINA  CEBALLOS",
        "nacimiento": "1951-06-20 00:00:00",
        "defuncion": "2024-11-14 00:00:00"
      },
      "geometry": {
        "type": "Point",
        "coordinates": [
          -63.51493119332761,
          -31.566918962945625
        ]
      }
    },
    {
      "type": "Feature",
      "properties": {
        "extinto": "MIGUEL  ALCIRES TABORDA",
        "nacimiento": "1951-02-18 00:00:00",
        "defuncion": "2024-11-17 00:00:00"
      },
      "geometry": {
        "type": "Point",
        "coordinates": [
          -63.51526700717159,
          -31.56682635076381
        ]
      }
    },
    {
      "type": "Feature",
      "properties": {
        "extinto": "SARA  NIEVE  TEJEDA",
        "nacimiento": "1932-09-11 00:00:00",
        "defuncion": "2024-11-17 00:00:00"
      },
      "geometry": {
        "type": "Point",
        "coordinates": [
          -63.516110781599984,
          -31.567499948574437
        ]
      }
    },
    {
      "type": "Feature",
      "properties": {
        "extinto": "ALBA  ROSA  LUDUEÑA",
        "nacimiento": "1940-07-16 00:00:00",
        "defuncion": "2024-12-01 00:00:00"
      },
      "geometry": {
        "type": "Point",
        "coordinates": [
          -63.515296848009896,
          -31.56751112618072
        ]
      }
    },
    {
      "type": "Feature",
      "properties": {
        "extinto": "JOSEFINA  DEL  ROSARIO  FERNANDEZ",
        "nacimiento": "1952-10-05 00:00:00",
        "defuncion": "2024-12-03 00:00:00"
      },
      "geometry": {
        "type": "Point",
        "coordinates": [
          -63.515542379743394,
          -31.567517821087183
        ]
      }
    },
    {
      "type": "Feature",
      "properties": {
        "extinto": "BLANCA  LUCIA RAMIREZ",
        "nacimiento": "1957-05-27 00:00:00",
        "defuncion": "2024-11-30 00:00:00"
      },
      "geometry": {
        "type": "Point",
        "coordinates": [
          -63.51620204369726,
          -31.56749894049787
        ]
      }
    },
    {
      "type": "Feature",
      "properties": {
        "extinto": "MARCELA  ALEJANDRA  LAZARTE",
        "nacimiento": "1966-09-21 00:00:00",
        "defuncion": "2024-12-12 00:00:00"
      },
      "geometry": {
        "type": "Point",
        "coordinates": [
          -63.51542082068038,
          -31.567461338219754
        ]
      }
    },
    {
      "type": "Feature",
      "properties": {
        "extinto": "ROSA  BEATRIZ  GONZALEZ",
        "nacimiento": "1952-03-14 00:00:00",
        "defuncion": "2024-12-22 00:00:00"
      },
      "geometry": {
        "type": "Point",
        "coordinates": [
          -63.51533343824573,
          -31.567549339709085
        ]
      }
    },
    {
      "type": "Feature",
      "properties": {
        "extinto": "MONICA DEL LUJAN  NAVARRO",
        "nacimiento": "1969-02-12 00:00:00",
        "defuncion": "2024-12-26 00:00:00"
      },
      "geometry": {
        "type": "Point",
        "coordinates": [
          -63.51606449914252,
          -31.567587019223016
        ]
      }
    },
    {
      "type": "Feature",
      "properties": {
        "extinto": "ROMELIA  ESTER  JUAREZ",
        "nacimiento": "1961-12-23 00:00:00",
        "defuncion": "2024-12-22 00:00:00"
      },
      "geometry": {
        "type": "Point",
        "coordinates": [
          -63.515891614916065,
          -31.567875504401076
        ]
      }
    },
    {
      "type": "Feature",
      "properties": {
        "extinto": "ADA CLIDA ARMENDIA",
        "nacimiento": "1936-03-18 00:00:00",
        "defuncion": "2025-01-03 00:00:00"
      },
      "geometry": {
        "type": "Point",
        "coordinates": [
          -63.51621264771863,
          -31.567067993694348
        ]
      }
    },
    {
      "type": "Feature",
      "properties": {
        "extinto": "FERNANDO AGUSTIN RAMALLO",
        "nacimiento": "1959-02-26 00:00:00",
        "defuncion": "2025-01-12 00:00:00"
      },
      "geometry": {
        "type": "Point",
        "coordinates": [
          -63.51620204369726,
          -31.56749894049787
        ]
      }
    },
    {
      "type": "Feature",
      "properties": {
        "extinto": "MARIA DELIA TISERA",
        "nacimiento": "1938-05-28 00:00:00",
        "defuncion": "2024-05-20 00:00:00"
      },
      "geometry": {
        "type": "Point",
        "coordinates": [
          -63.5150702734269,
          -31.566908227609304
        ]
      }
    },
    {
      "type": "Feature",
      "properties": {
        "extinto": "CARMEN  LOLA  TISSERA",
        "nacimiento": "1930-07-18 00:00:00",
        "defuncion": "2000-09-18 00:00:00"
      },
      "geometry": {
        "type": "Point",
        "coordinates": [
          -63.51507415366628,
          -31.56691947116796
        ]
      }
    },
    {
      "type": "Feature",
      "properties": {
        "extinto": "HECTOR  EUSEBIO  TISERA",
        "nacimiento": "1933-08-14 00:00:00",
        "defuncion": "2000-09-10 00:00:00"
      },
      "geometry": {
        "type": "Point",
        "coordinates": [
          -63.51507415366628,
          -31.56691947116796
        ]
      }
    },
    {
      "type": "Feature",
      "properties": {
        "extinto": "IMAIS  TISERA",
        "nacimiento": "1904-07-20 00:00:00",
        "defuncion": "1994-07-08 00:00:00"
      },
      "geometry": {
        "type": "Point",
        "coordinates": [
          -63.51507415366628,
          -31.56691947116796
        ]
      }
    },
    {
      "type": "Feature",
      "properties": {
        "extinto": "MICAELA  AIDA  FERNANDEZ",
        "nacimiento": "1902-09-29 00:00:00",
        "defuncion": "1984-12-08 00:00:00"
      },
      "geometry": {
        "type": "Point",
        "coordinates": [
          -63.51507415366628,
          -31.56691947116796
        ]
      }
    },
    {
      "type": "Feature",
      "properties": {
        "extinto": "ANGELA  ROSARIO  BROCHERO",
        "nacimiento": "1900-10-02 00:00:00",
        "defuncion": "1978-03-15 00:00:00"
      },
      "geometry": {
        "type": "Point",
        "coordinates": [
          -63.51507415366628,
          -31.56691947116796
        ]
      }
    },
    {
      "type": "Feature",
      "properties": {
        "extinto": "ALEJO  TISSERA",
        "nacimiento": "1900-01-01 00:00:00",
        "defuncion": "1952-03-30 00:00:00"
      },
      "geometry": {
        "type": "Point",
        "coordinates": [
          -63.51507415366628,
          -31.56691947116796
        ]
      }
    },
    {
      "type": "Feature",
      "properties": {
        "extinto": "HONORIO  ELPIDIO  TISERA",
        "nacimiento": "1929-12-24 00:00:00",
        "defuncion": "2010-03-18 00:00:00"
      },
      "geometry": {
        "type": "Point",
        "coordinates": [
          -63.51507415366628,
          -31.56691947116796
        ]
      }
    },
    {
      "type": "Feature",
      "properties": {
        "extinto": "MICAELA  AIDA  FERNANDEZ",
        "nacimiento": "1902-09-29 00:00:00",
        "defuncion": "1984-12-08 00:00:00"
      },
      "geometry": {
        "type": "Point",
        "coordinates": [
          -63.51507415366628,
          -31.56691947116796
        ]
      }
    },
    {
      "type": "Feature",
      "properties": {
        "extinto": "FEDERICO  HECTOR  TISERA",
        "nacimiento": "1931-10-27 00:00:00",
        "defuncion": "1982-05-17 00:00:00"
      },
      "geometry": {
        "type": "Point",
        "coordinates": [
          -63.51507415366628,
          -31.56691947116796
        ]
      }
    },
    {
      "type": "Feature",
      "properties": {
        "extinto": "CARLOS  NICOLAS  TISSERA",
        "nacimiento": "1927-08-06 00:00:00",
        "defuncion": "1999-09-26 00:00:00"
      },
      "geometry": {
        "type": "Point",
        "coordinates": [
          -63.51507415366628,
          -31.56691947116796
        ]
      }
    },
    {
      "type": "Feature",
      "properties": {
        "extinto": "PIA MERCEDES RAMIRES",
        "nacimiento": "1956-03-09 00:00:00",
        "defuncion": "2025-01-16 00:00:00"
      },
      "geometry": {
        "type": "Point",
        "coordinates": [
          -63.516224823295644,
          -31.567594095005735
        ]
      }
    },
    {
      "type": "Feature",
      "properties": {
        "extinto": "VICTOR  JOSE  RIVAROLA",
        "nacimiento": "1947-11-03 00:00:00",
        "defuncion": "2021-04-28 00:00:00"
      },
      "geometry": {
        "type": "Point",
        "coordinates": [
          -63.51517694117953,
          -31.567296213828662
        ]
      }
    },
    {
      "type": "Feature",
      "properties": {
        "extinto": "MARCELO  SEGUNDO  GALLARDO",
        "nacimiento": "1947-11-23 00:00:00",
        "defuncion": "2025-01-18 00:00:00"
      },
      "geometry": {
        "type": "Point",
        "coordinates": [
          -63.51633720677676,
          -31.567866619554643
        ]
      }
    },
    {
      "type": "Feature",
      "properties": {
        "extinto": "ALBERTO ADEMAR ALBORNOZ",
        "nacimiento": "1975-11-05 00:00:00",
        "defuncion": "2025-01-26 00:00:00"
      },
      "geometry": {
        "type": "Point",
        "coordinates": [
          -63.514938953775,
          -31.566941450071557
        ]
      }
    },
    {
      "type": "Feature",
      "properties": {
        "extinto": "RAMONA CLELIA RIOS",
        "nacimiento": "1937-03-08 00:00:00",
        "defuncion": "2025-01-31 00:00:00"
      },
      "geometry": {
        "type": "Point",
        "coordinates": [
          -63.516229838610556,
          -31.567500114390544
        ]
      }
    },
    {
      "type": "Feature",
      "properties": {
        "extinto": "ESTEBAN LUIS DELOGU",
        "nacimiento": "1955-03-21 00:00:00",
        "defuncion": "2025-01-31 00:00:00"
      },
      "geometry": {
        "type": "Point",
        "coordinates": [
          -63.51591067336546,
          -31.56784878712972
        ]
      }
    },
    {
      "type": "Feature",
      "properties": {
        "extinto": "FEDERICO MARCATO",
        "nacimiento": "1942-02-27 00:00:00",
        "defuncion": "2025-02-06 00:00:00"
      },
      "geometry": {
        "type": "Point",
        "coordinates": [
          -63.51664566092779,
          -31.56699404974256
        ]
      }
    },
    {
      "type": "Feature",
      "properties": {
        "extinto": "NELIDA ALBINA MARIA MOCHI",
        "nacimiento": "1947-01-03 00:00:00",
        "defuncion": "2025-02-10 00:00:00"
      },
      "geometry": {
        "type": "Point",
        "coordinates": [
          -63.51552234110886,
          -31.566908825115476
        ]
      }
    },
    {
      "type": "Feature",
      "properties": {
        "extinto": "ANTONELLA SOLEDAD ARGUELLO VILLALBA",
        "nacimiento": "1990-07-26 00:00:00",
        "defuncion": "2025-02-20 00:00:00"
      },
      "geometry": {
        "type": "Point",
        "coordinates": [
          -63.51582559956573,
          -31.566621033859125
        ]
      }
    },
    {
      "type": "Feature",
      "properties": {
        "extinto": "MAFALDA  NILDA  DIAZ",
        "nacimiento": "1945-09-18 00:00:00",
        "defuncion": "2025-02-17 00:00:00"
      },
      "geometry": {
        "type": "Point",
        "coordinates": [
          -63.515308930231456,
          -31.567032535149288
        ]
      }
    },
    {
      "type": "Feature",
      "properties": {
        "extinto": "JORGE  MATIAS  BUSSANO",
        "nacimiento": "1979-01-30 00:00:00",
        "defuncion": "2025-02-26 00:00:00"
      },
      "geometry": {
        "type": "Point",
        "coordinates": [
          -63.51640782270278,
          -31.567600965107864
        ]
      }
    },
    {
      "type": "Feature",
      "properties": {
        "extinto": "CELIA  DOMINGA  BELLA",
        "nacimiento": "1937-05-01 00:00:00",
        "defuncion": "2024-02-21 00:00:00"
      },
      "geometry": {
        "type": "Point",
        "coordinates": [
          -63.5152947151716,
          -31.56675267163309
        ]
      }
    },
    {
      "type": "Feature",
      "properties": {
        "extinto": "EDUARDO  JOSE  BIAGETTI",
        "nacimiento": "1935-05-26 00:00:00",
        "defuncion": "2013-07-17 00:00:00"
      },
      "geometry": {
        "type": "Point",
        "coordinates": [
          -63.5152947151716,
          -31.56675267163309
        ]
      }
    },
    {
      "type": "Feature",
      "properties": {
        "extinto": "MARIA  RAQUEL  NANI",
        "nacimiento": "1946-05-20 00:00:00",
        "defuncion": "2025-03-07 00:00:00"
      },
      "geometry": {
        "type": "Point",
        "coordinates": [
          -63.514946714226184,
          -31.56696393719688
        ]
      }
    },
    {
      "type": "Feature",
      "properties": {
        "extinto": "STELLA  NORA  CARRIZO",
        "nacimiento": "1935-04-11 00:00:00",
        "defuncion": "2025-03-04 00:00:00"
      },
      "geometry": {
        "type": "Point",
        "coordinates": [
          -63.51496016607192,
          -31.56708758324579
        ]
      }
    },
    {
      "type": "Feature",
      "properties": {
        "extinto": "EUFEMIA NICOLASA  LOPEZ",
        "nacimiento": "1941-04-05 00:00:00",
        "defuncion": "2025-03-08 00:00:00"
      },
      "geometry": {
        "type": "Point",
        "coordinates": [
          -63.51552740505405,
          -31.567546381454708
        ]
      }
    },
    {
      "type": "Feature",
      "properties": {
        "extinto": "MARCELO  GUSTAVO  CARANDINO",
        "nacimiento": "1966-11-15 00:00:00",
        "defuncion": "2025-02-14 00:00:00"
      },
      "geometry": {
        "type": "Point",
        "coordinates": [
          -63.51558458659127,
          -31.567577263089742
        ]
      }
    },
    {
      "type": "Feature",
      "properties": {
        "extinto": "OSCAR  ELADIO  BETTEGA",
        "nacimiento": "1945-11-09 00:00:00",
        "defuncion": "2025-03-22 00:00:00"
      },
      "geometry": {
        "type": "Point",
        "coordinates": [
          -63.5166494169351,
          -31.56697082308134
        ]
      }
    },
    {
      "type": "Feature",
      "properties": {
        "extinto": "HECTOR  ARMANDO  VICARIO",
        "nacimiento": "1942-06-25 00:00:00",
        "defuncion": "2025-03-21 00:00:00"
      },
      "geometry": {
        "type": "Point",
        "coordinates": [
          -63.51609616413756,
          -31.566579236884817
        ]
      }
    },
    {
      "type": "Feature",
      "properties": {
        "extinto": "ZULEMA  MARGARITA  TEJEDA",
        "nacimiento": "1939-11-02 00:00:00",
        "defuncion": "2025-03-27 00:00:00"
      },
      "geometry": {
        "type": "Point",
        "coordinates": [
          -63.51632333833939,
          -31.56638076574687
        ]
      }
    },
    {
      "type": "Feature",
      "properties": {
        "extinto": "GUEVARA ROQUE MARCELINO",
        "nacimiento": "1919-04-26 00:00:00",
        "defuncion": "1990-12-29 00:00:00"
      },
      "geometry": {
        "type": "Point",
        "coordinates": [
          -63.51555235993506,
          -31.5675367219325
        ]
      }
    },
    {
      "type": "Feature",
      "properties": {
        "extinto": "JOSEFA AIDA DE SAN RAMON GUEVARA",
        "nacimiento": "1919-04-14 00:00:00",
        "defuncion": "1991-08-02 00:00:00"
      },
      "geometry": {
        "type": "Point",
        "coordinates": [
          -63.51555235993506,
          -31.5675367219325
        ]
      }
    },
    {
      "type": "Feature",
      "properties": {
        "extinto": "SERGIO  LUIS  ORTEGA",
        "nacimiento": "1978-02-26 00:00:00",
        "defuncion": "2025-03-17 00:00:00"
      },
      "geometry": {
        "type": "Point",
        "coordinates": [
          -63.51644519104992,
          -31.567171274758703
        ]
      }
    },
    {
      "type": "Feature",
      "properties": {
        "extinto": "JUAN CARLOS FERNANDEZ",
        "nacimiento": "1936-06-20 00:00:00",
        "defuncion": "2025-03-18 00:00:00"
      },
      "geometry": {
        "type": "Point",
        "coordinates": [
          -63.51613737294778,
          -31.56668124566299
        ]
      }
    },
    {
      "type": "Feature",
      "properties": {
        "extinto": "IRIS  ESTER  BRUCELLI",
        "nacimiento": "1957-10-19 00:00:00",
        "defuncion": "2025-04-05 00:00:00"
      },
      "geometry": {
        "type": "Point",
        "coordinates": [
          -63.51529110167457,
          -31.566854837796253
        ]
      }
    },
    {
      "type": "Feature",
      "properties": {
        "extinto": "LUIS  ROQUE  GUEVARA",
        "nacimiento": "1949-08-25 00:00:00",
        "defuncion": "2025-04-02 00:00:00"
      },
      "geometry": {
        "type": "Point",
        "coordinates": [
          -63.51555235993506,
          -31.5675367219325
        ]
      }
    },
    {
      "type": "Feature",
      "properties": {
        "extinto": "ROMULO  PASCUAL  PRATTO",
        "nacimiento": "1945-04-01 00:00:00",
        "defuncion": "2025-03-12 00:00:00"
      },
      "geometry": {
        "type": "Point",
        "coordinates": [
          -63.5166509297126,
          -31.567223963111164
        ]
      }
    },
    {
      "type": "Feature",
      "properties": {
        "extinto": "MIRTA  TERESA  HUERTA",
        "nacimiento": "1946-09-21 00:00:00",
        "defuncion": "2025-04-22 00:00:00"
      },
      "geometry": {
        "type": "Point",
        "coordinates": [
          -63.51617003840167,
          -31.566882264887006
        ]
      }
    },
    {
      "type": "Feature",
      "properties": {
        "extinto": "DORLIZA  ESTHER  DOMINGUEZ",
        "nacimiento": "1955-02-06 00:00:00",
        "defuncion": "2025-04-15 00:00:00"
      },
      "geometry": {
        "type": "Point",
        "coordinates": [
          -63.515427585478,
          -31.567585019495237
        ]
      }
    },
    {
      "type": "Feature",
      "properties": {
        "extinto": "ANTONELLA  ANAHI  MOLINARI",
        "nacimiento": "1995-07-21 00:00:00",
        "defuncion": "2025-04-15 00:00:00"
      },
      "geometry": {
        "type": "Point",
        "coordinates": [
          -63.51553556583521,
          -31.567623143949934
        ]
      }
    },
    {
      "type": "Feature",
      "properties": {
        "extinto": "GABRIELA  MARICEL  REYNOSO",
        "nacimiento": "1976-11-20 00:00:00",
        "defuncion": "2025-04-29 00:00:00"
      },
      "geometry": {
        "type": "Point",
        "coordinates": [
          -63.515385424032765,
          -31.567442232649753
        ]
      }
    },
    {
      "type": "Feature",
      "properties": {
        "extinto": "MARTA  FELISA  DARIOSSI",
        "nacimiento": "1942-05-30 00:00:00",
        "defuncion": "2025-05-11 00:00:00"
      },
      "geometry": {
        "type": "Point",
        "coordinates": [
          -63.51620025369032,
          -31.567552181370196
        ]
      }
    },
    {
      "type": "Feature",
      "properties": {
        "extinto": "GIORGINA  VANESA  ALANIS",
        "nacimiento": "1986-05-05 00:00:00",
        "defuncion": "2025-04-25 00:00:00"
      },
      "geometry": {
        "type": "Point",
        "coordinates": [
          -63.5162403040774,
          -31.567815399679546
        ]
      }
    },
    {
      "type": "Feature",
      "properties": {
        "extinto": "MARIA  LUISA  VEGA",
        "nacimiento": "1936-07-06 00:00:00",
        "defuncion": "2025-05-16 00:00:00"
      },
      "geometry": {
        "type": "Point",
        "coordinates": [
          -63.51557095855946,
          -31.56679930784137
        ]
      }
    },
    {
      "type": "Feature",
      "properties": {
        "extinto": "ROSA  ELVIRA  PORPORATO",
        "nacimiento": "1945-06-29 00:00:00",
        "defuncion": "2025-05-16 00:00:00"
      },
      "geometry": {
        "type": "Point",
        "coordinates": [
          -63.51495337664904,
          -31.567064866996162
        ]
      }
    },
    {
      "type": "Feature",
      "properties": {
        "extinto": "LUIS  DAVID  RECH",
        "nacimiento": "1946-06-10 00:00:00",
        "defuncion": "2025-05-29 00:00:00"
      },
      "geometry": {
        "type": "Point",
        "coordinates": [
          -63.51609426258838,
          -31.566484320135313
        ]
      }
    },
    {
      "type": "Feature",
      "properties": {
        "extinto": "DESIDERIA OLGA  LUQUE",
        "nacimiento": "1932-05-23 00:00:00",
        "defuncion": "2025-05-28 00:00:00"
      },
      "geometry": {
        "type": "Point",
        "coordinates": [
          -63.51554781270472,
          -31.56680543375369
        ]
      }
    },
    {
      "type": "Feature",
      "properties": {
        "extinto": "OMAR  RITO  LUCARELLI",
        "nacimiento": "1958-05-22 00:00:00",
        "defuncion": "2025-05-29 00:00:00"
      },
      "geometry": {
        "type": "Point",
        "coordinates": [
          -63.51530100135559,
          -31.567010091979924
        ]
      }
    },
    {
      "type": "Feature",
      "properties": {
        "extinto": "FATIMA BUD",
        "nacimiento": "1940-09-25 00:00:00",
        "defuncion": "2025-03-14 00:00:00"
      },
      "geometry": {
        "type": "Point",
        "coordinates": [
          -63.516654118141616,
          -31.56666242888661
        ]
      }
    },
    {
      "type": "Feature",
      "properties": {
        "extinto": "MERCEDES  YOLANDA  HERNANDEZ",
        "nacimiento": "1952-07-25 00:00:00",
        "defuncion": "2025-04-19 00:00:00"
      },
      "geometry": {
        "type": "Point",
        "coordinates": [
          -63.51608867157426,
          -31.56642142784057
        ]
      }
    },
    {
      "type": "Feature",
      "properties": {
        "extinto": "JOSE  LUIS  FRONTERA",
        "nacimiento": "1933-03-16 00:00:00",
        "defuncion": "1961-02-21 00:00:00"
      },
      "geometry": {
        "type": "Point",
        "coordinates": [
          -63.516361017624746,
          -31.566573107342194
        ]
      }
    },
    {
      "type": "Feature",
      "properties": {
        "extinto": "MARIA  ISABEL  MOLINA",
        "nacimiento": "1907-01-01 00:00:00",
        "defuncion": "1967-11-02 00:00:00"
      },
      "geometry": {
        "type": "Point",
        "coordinates": [
          -63.516361017624746,
          -31.566573107342194
        ]
      }
    },
    {
      "type": "Feature",
      "properties": {
        "extinto": "RAMON  JUAN  FRONTERA",
        "nacimiento": "1901-02-08 00:00:00",
        "defuncion": "1974-02-20 00:00:00"
      },
      "geometry": {
        "type": "Point",
        "coordinates": [
          -63.516361017624746,
          -31.566573107342194
        ]
      }
    },
    {
      "type": "Feature",
      "properties": {
        "extinto": "NORMA  AMIRA  MONTENEGRO",
        "nacimiento": "1947-05-05 00:00:00",
        "defuncion": "2025-07-02 00:00:00"
      },
      "geometry": {
        "type": "Point",
        "coordinates": [
          -63.515738571978595,
          -31.566615216627934
        ]
      }
    },
    {
      "type": "Feature",
      "properties": {
        "extinto": "N.N SANCHEZ-CATALANO",
        "nacimiento": "2025-06-21 00:00:00",
        "defuncion": "2025-06-21 00:00:00"
      },
      "geometry": {
        "type": "Point",
        "coordinates": [
          -63.51498271103732,
          -31.56690592953731
        ]
      }
    },
    {
      "type": "Feature",
      "properties": {
        "extinto": "ANALIA  DANIELA  VIRGOLINI",
        "nacimiento": "1973-11-29 00:00:00",
        "defuncion": "2025-06-05 00:00:00"
      },
      "geometry": {
        "type": "Point",
        "coordinates": [
          -63.515198517644365,
          -31.567281165984802
        ]
      }
    },
    {
      "type": "Feature",
      "properties": {
        "extinto": "MARTHA  BEATRIZ  GIRAUDO",
        "nacimiento": "1942-10-28 00:00:00",
        "defuncion": "2025-06-21 00:00:00"
      },
      "geometry": {
        "type": "Point",
        "coordinates": [
          -63.51542725780275,
          -31.567612858981537
        ]
      }
    },
    {
      "type": "Feature",
      "properties": {
        "extinto": "PEDRO  NEMESIO  RAMALLO",
        "nacimiento": "1996-05-28 00:00:00",
        "defuncion": "1996-06-08 00:00:00"
      },
      "geometry": {
        "type": "Point",
        "coordinates": [
          -63.51546830062359,
          -31.567465181209965
        ]
      }
    },
    {
      "type": "Feature",
      "properties": {
        "extinto": "CESAR  ADRIAN  RAMALLO",
        "nacimiento": "2005-01-04 00:00:00",
        "defuncion": "2006-11-01 00:00:00"
      },
      "geometry": {
        "type": "Point",
        "coordinates": [
          -63.51546830062359,
          -31.567465181209965
        ]
      }
    },
    {
      "type": "Feature",
      "properties": {
        "extinto": "NINFA  NELLI  LOPEZ",
        "nacimiento": "1938-05-13 00:00:00",
        "defuncion": "2025-07-02 00:00:00"
      },
      "geometry": {
        "type": "Point",
        "coordinates": [
          -63.515995442405604,
          -31.56773847743326
        ]
      }
    },
    {
      "type": "Feature",
      "properties": {
        "extinto": "JULIO  EDUARDO  VOCOS",
        "nacimiento": "1942-04-16 00:00:00",
        "defuncion": "2025-07-17 00:00:00"
      },
      "geometry": {
        "type": "Point",
        "coordinates": [
          -63.51614289538391,
          -31.567773738728132
        ]
      }
    },
    {
      "type": "Feature",
      "properties": {
        "extinto": "DOMINGO  ANGEL  ZALAZAR",
        "nacimiento": "1964-12-09 00:00:00",
        "defuncion": "2025-06-21 00:00:00"
      },
      "geometry": {
        "type": "Point",
        "coordinates": [
          -63.51579941920174,
          -31.567738431447903
        ]
      }
    },
    {
      "type": "Feature",
      "properties": {
        "extinto": "EMILIA  FUNES",
        "nacimiento": "1943-12-27 00:00:00",
        "defuncion": "2025-07-13 00:00:00"
      },
      "geometry": {
        "type": "Point",
        "coordinates": [
          -63.516745988752426,
          -31.567300379065614
        ]
      }
    },
    {
      "type": "Feature",
      "properties": {
        "extinto": "NILDO  ALBERTO  LEIRIA",
        "nacimiento": "1941-08-11 00:00:00",
        "defuncion": "2025-08-06 00:00:00"
      },
      "geometry": {
        "type": "Point",
        "coordinates": [
          -63.515976332973146,
          -31.566559591326076
        ]
      }
    },
    {
      "type": "Feature",
      "properties": {
        "extinto": "JUAN  CAON",
        "nacimiento": "1912-05-20 00:00:00",
        "defuncion": "1996-06-05 00:00:00"
      },
      "geometry": {
        "type": "Point",
        "coordinates": [
          -63.516721397015516,
          -31.567260953612994
        ]
      }
    },
    {
      "type": "Feature",
      "properties": {
        "extinto": "PALMIRA  FRANCISCA  MARCATO",
        "nacimiento": "1912-03-23 00:00:00",
        "defuncion": "2000-11-18 00:00:00"
      },
      "geometry": {
        "type": "Point",
        "coordinates": [
          -63.516721397015516,
          -31.567260953612994
        ]
      }
    },
    {
      "type": "Feature",
      "properties": {
        "extinto": "AVRIL  RIVARA TORAZZA",
        "nacimiento": "2006-11-23 00:00:00",
        "defuncion": "2025-07-19 00:00:00"
      },
      "geometry": {
        "type": "Point",
        "coordinates": [
          -63.51620996750214,
          -31.567667210900968
        ]
      }
    },
    {
      "type": "Feature",
      "properties": {
        "extinto": "YOLANDA  URAN",
        "nacimiento": "1940-09-27 00:00:00",
        "defuncion": "2025-08-25 00:00:00"
      },
      "geometry": {
        "type": "Point",
        "coordinates": [
          -63.51618971093039,
          -31.567074671392806
        ]
      }
    },
    {
      "type": "Feature",
      "properties": {
        "extinto": "YOLANDA BEATRIZ RUFINI",
        "nacimiento": "1945-11-16 00:00:00",
        "defuncion": "2025-10-22 00:00:00"
      },
      "geometry": {
        "type": "Point",
        "coordinates": [
          -63.51651454813467,
          -31.567138641180453
        ]
      }
    },
    {
      "type": "Feature",
      "properties": {
        "extinto": "JOSE  ALBERTO  CARABANTE",
        "nacimiento": "1938-12-07 00:00:00",
        "defuncion": "1995-01-27 00:00:00"
      },
      "geometry": {
        "type": "Point",
        "coordinates": [
          -63.51634943287423,
          -31.56648826942561
        ]
      }
    },
    {
      "type": "Feature",
      "properties": {
        "extinto": "HILDA  LEONOR  PAVON",
        "nacimiento": "1942-02-27 00:00:00",
        "defuncion": "2023-08-24 00:00:00"
      },
      "geometry": {
        "type": "Point",
        "coordinates": [
          -63.51634943287423,
          -31.56648826942561
        ]
      }
    },
    {
      "type": "Feature",
      "properties": {
        "extinto": "LILLIANA  DEL  VALLE  SAQUI",
        "nacimiento": "1966-02-14 00:00:00",
        "defuncion": "2025-09-02 00:00:00"
      },
      "geometry": {
        "type": "Point",
        "coordinates": [
          -63.51603870262308,
          -31.566721988621218
        ]
      }
    },
    {
      "type": "Feature",
      "properties": {
        "extinto": "IRENE IMELDA BUSTOS",
        "nacimiento": "1952-04-22 00:00:00",
        "defuncion": "2025-09-19 00:00:00"
      },
      "geometry": {
        "type": "Point",
        "coordinates": [
          -63.51574444465291,
          -31.566544658824935
        ]
      }
    },
    {
      "type": "Feature",
      "properties": {
        "extinto": "ANA MARIA PEIRONE",
        "nacimiento": "1958-09-05 00:00:00",
        "defuncion": "2025-10-17 00:00:00"
      },
      "geometry": {
        "type": "Point",
        "coordinates": [
          -63.515837857869634,
          -31.566570485189562
        ]
      }
    },
    {
      "type": "Feature",
      "properties": {
        "extinto": "DIEGO  EZEQUIEL  CELIZ",
        "nacimiento": "1996-09-22 00:00:00",
        "defuncion": "2025-11-12 00:00:00"
      },
      "geometry": {
        "type": "Point",
        "coordinates": [
          -63.51590485324949,
          -31.566602492086876
        ]
      }
    },
    {
      "type": "Feature",
      "properties": {
        "extinto": "KATHERINA MELINE PEREYRA",
        "nacimiento": "1994-08-26 00:00:00",
        "defuncion": "2025-10-21 00:00:00"
      },
      "geometry": {
        "type": "Point",
        "coordinates": [
          -63.51602916871055,
          -31.56654723008817
        ]
      }
    },
    {
      "type": "Feature",
      "properties": {
        "extinto": "MARTA  LILIANA  AMBROGIO",
        "nacimiento": "1955-08-06 00:00:00",
        "defuncion": "2025-09-17 00:00:00"
      },
      "geometry": {
        "type": "Point",
        "coordinates": [
          -63.516107471509436,
          -31.566481229815814
        ]
      }
    },
    {
      "type": "Feature",
      "properties": {
        "extinto": "NORMA  INES  ABREGO",
        "nacimiento": "1950-02-02 00:00:00",
        "defuncion": "2025-11-02 00:00:00"
      },
      "geometry": {
        "type": "Point",
        "coordinates": [
          -63.516121631216784,
          -31.566525597869585
        ]
      }
    },
    {
      "type": "Feature",
      "properties": {
        "extinto": "AIDA  ADHELMA  ARREGUI",
        "nacimiento": "1948-07-30 00:00:00",
        "defuncion": "2025-09-11 00:00:00"
      },
      "geometry": {
        "type": "Point",
        "coordinates": [
          -63.514967190131564,
          -31.566860955290093
        ]
      }
    },
    {
      "type": "Feature",
      "properties": {
        "extinto": "NN ARCE",
        "nacimiento": "2025-10-20 00:00:00",
        "defuncion": "2025-10-20 00:00:00"
      },
      "geometry": {
        "type": "Point",
        "coordinates": [
          -63.51523078152312,
          -31.567442962394296
        ]
      }
    },
    {
      "type": "Feature",
      "properties": {
        "extinto": "ALFREDO  EDGARDO  GIACOSSA",
        "nacimiento": "1954-02-12 00:00:00",
        "defuncion": "2025-11-02 00:00:00"
      },
      "geometry": {
        "type": "Point",
        "coordinates": [
          -63.5152743490744,
          -31.567656806126273
        ]
      }
    },
    {
      "type": "Feature",
      "properties": {
        "extinto": "HECTOR  JOSE  GIACOSSA",
        "nacimiento": "1947-12-14 00:00:00",
        "defuncion": "2015-07-13 00:00:00"
      },
      "geometry": {
        "type": "Point",
        "coordinates": [
          -63.5152743490744,
          -31.567656806126273
        ]
      }
    },
    {
      "type": "Feature",
      "properties": {
        "extinto": "LIDIA  BIENVENIDA  ORELLANO",
        "nacimiento": "1938-02-04 00:00:00",
        "defuncion": "2025-09-15 00:00:00"
      },
      "geometry": {
        "type": "Point",
        "coordinates": [
          -63.51515093180792,
          -31.566824770670515
        ]
      }
    },
    {
      "type": "Feature",
      "properties": {
        "extinto": "JORGE LUIS ESPOSITO",
        "nacimiento": "1955-09-25 00:00:00",
        "defuncion": "2025-10-05 00:00:00"
      },
      "geometry": {
        "type": "Point",
        "coordinates": [
          -63.51529437863342,
          -31.56715500585586
        ]
      }
    },
    {
      "type": "Feature",
      "properties": {
        "extinto": "ALBINA DEL CARMEN MONASTERIO",
        "nacimiento": "1935-09-16 00:00:00",
        "defuncion": "2025-07-31 00:00:00"
      },
      "geometry": {
        "type": "Point",
        "coordinates": [
          -63.51539777117629,
          -31.567674794501563
        ]
      }
    },
    {
      "type": "Feature",
      "properties": {
        "extinto": "ANDREA CECILIA GRASSO",
        "nacimiento": "1974-04-08 00:00:00",
        "defuncion": "2025-09-21 00:00:00"
      },
      "geometry": {
        "type": "Point",
        "coordinates": [
          -63.51546368502114,
          -31.56762795708441
        ]
      }
    },
    {
      "type": "Feature",
      "properties": {
        "extinto": "RAUL OMAR ACEVEDO",
        "nacimiento": "1955-11-06 00:00:00",
        "defuncion": "2025-11-12 00:00:00"
      },
      "geometry": {
        "type": "Point",
        "coordinates": [
          -63.51643077477991,
          -31.5676977521475
        ]
      }
    },
    {
      "type": "Feature",
      "properties": {
        "extinto": "DILIMO ALBERTO TABORDA",
        "nacimiento": "1940-12-13 00:00:00",
        "defuncion": "2025-10-13 00:00:00"
      },
      "geometry": {
        "type": "Point",
        "coordinates": [
          -63.5163197139573,
          -31.567601232223616
        ]
      }
    },
    {
      "type": "Feature",
      "properties": {
        "extinto": "ROBERTO  EFRAIN  TABORDA",
        "nacimiento": "1937-02-04 00:00:00",
        "defuncion": "2021-05-04 00:00:00"
      },
      "geometry": {
        "type": "Point",
        "coordinates": [
          -63.51620931315916,
          -31.56761387793081
        ]
      }
    },
    {
      "type": "Feature",
      "properties": {
        "extinto": "MARTA OFELIA VALE",
        "nacimiento": "1944-04-17 00:00:00",
        "defuncion": "2025-07-29 00:00:00"
      },
      "geometry": {
        "type": "Point",
        "coordinates": [
          -63.516211411421715,
          -31.567468679164474
        ]
      }
    },
    {
      "type": "Feature",
      "properties": {
        "extinto": "JOAQUIN ANDRES PAILLER",
        "nacimiento": "1950-08-17 00:00:00",
        "defuncion": "2025-10-27 00:00:00"
      },
      "geometry": {
        "type": "Point",
        "coordinates": [
          -63.51613257350608,
          -31.56758251628035
        ]
      }
    },
    {
      "type": "Feature",
      "properties": {
        "extinto": "MATEO GALOPPO",
        "nacimiento": "2001-10-25 00:00:00",
        "defuncion": "2025-10-25 00:00:00"
      },
      "geometry": {
        "type": "Point",
        "coordinates": [
          -63.516154175388195,
          -31.56757312585276
        ]
      }
    },
    {
      "type": "Feature",
      "properties": {
        "extinto": "DANIEL  ALFREDO CARO",
        "nacimiento": "1965-12-10 00:00:00",
        "defuncion": "2025-08-19 00:00:00"
      },
      "geometry": {
        "type": "Point",
        "coordinates": [
          -63.51619137011827,
          -31.567635849221226
        ]
      }
    },
    {
      "type": "Feature",
      "properties": {
        "extinto": "ERMELINDA  LEONOR  LOZANO",
        "nacimiento": "1938-08-29 00:00:00",
        "defuncion": "2025-08-17 00:00:00"
      },
      "geometry": {
        "type": "Point",
        "coordinates": [
          -63.516027156281865,
          -31.567917425080434
        ]
      }
    },
    {
      "type": "Feature",
      "properties": {
        "extinto": "SEGUNDO JOAQUIN GALLARDO",
        "nacimiento": "1913-03-27 00:00:00",
        "defuncion": "1987-05-04 00:00:00"
      },
      "geometry": {
        "type": "Point",
        "coordinates": [
          -63.51633720677676,
          -31.567866619554643
        ]
      }
    },
    {
      "type": "Feature",
      "properties": {
        "extinto": "MARIA DELIA VACA",
        "nacimiento": "1913-01-01 00:00:00",
        "defuncion": "1959-03-27 00:00:00"
      },
      "geometry": {
        "type": "Point",
        "coordinates": [
          -63.51633720677676,
          -31.567866619554643
        ]
      }
    },
    {
      "type": "Feature",
      "properties": {
        "extinto": "LAUTARO  ARMANINI",
        "nacimiento": "2002-01-15 00:00:00",
        "defuncion": "2002-01-15 00:00:00"
      },
      "geometry": {
        "type": "Point",
        "coordinates": [
          -63.51625204577984,
          -31.56776511577222
        ]
      }
    },
    {
      "type": "Feature",
      "properties": {
        "extinto": "RITA  ELIZABETH  HERRERA",
        "nacimiento": "1964-04-27 00:00:00",
        "defuncion": "2025-11-22 00:00:00"
      },
      "geometry": {
        "type": "Point",
        "coordinates": [
          -63.516274881105296,
          -31.567736739308735
        ]
      }
    },
    {
      "type": "Feature",
      "properties": {
        "extinto": "SANTIAGO SILVESTRE GARDA",
        "nacimiento": "1947-08-06 00:00:00",
        "defuncion": "2025-10-23 00:00:00"
      },
      "geometry": {
        "type": "Point",
        "coordinates": [
          -63.5162887870845,
          -31.5676740314433
        ]
      }
    },
    {
      "type": "Feature",
      "properties": {
        "extinto": "EDWIN DARIO  BERTONI",
        "nacimiento": "1940-01-08 00:00:00",
        "defuncion": "2025-09-04 00:00:00"
      },
      "geometry": {
        "type": "Point",
        "coordinates": [
          -63.51607453468753,
          -31.567713421668852
        ]
      }
    },
    {
      "type": "Feature",
      "properties": {
        "extinto": "MARIA INES LOZANO",
        "nacimiento": "1951-04-20 00:00:00",
        "defuncion": "2025-12-28 00:00:00"
      },
      "geometry": {
        "type": "Point",
        "coordinates": [
          -63.51586601265621,
          -31.567764304442125
        ]
      }
    },
    {
      "type": "Feature",
      "properties": {
        "extinto": "JOSE  ORFEO  GOMEZ",
        "nacimiento": "1962-04-14 00:00:00",
        "defuncion": "2025-09-13 00:00:00"
      },
      "geometry": {
        "type": "Point",
        "coordinates": [
          -63.516745988752426,
          -31.567300379065614
        ]
      }
    },
    {
      "type": "Feature",
      "properties": {
        "extinto": "LIDIA ROSA SANTORO",
        "nacimiento": "1945-08-10 00:00:00",
        "defuncion": "2026-01-02 00:00:00"
      },
      "geometry": {
        "type": "Point",
        "coordinates": [
          -63.5149635607846,
          -31.56709894137043
        ]
      }
    },
    {
      "type": "Feature",
      "properties": {
        "extinto": "MARIA  SUNILDA  GIGENA",
        "nacimiento": "1943-08-01 00:00:00",
        "defuncion": "2026-01-13 00:00:00"
      },
      "geometry": {
        "type": "Point",
        "coordinates": [
          -63.51545007822104,
          -31.567041202454863
        ]
      }
    },
    {
      "type": "Feature",
      "properties": {
        "extinto": "SERGIO JAVIER ARRIETA",
        "nacimiento": "1975-04-05 00:00:00",
        "defuncion": "2025-12-21 00:00:00"
      },
      "geometry": {
        "type": "Point",
        "coordinates": [
          -63.516306645756195,
          -31.567742694238177
        ]
      }
    },
    {
      "type": "Feature",
      "properties": {
        "extinto": "GLADIS  MARIA  BUTTIGLIERO",
        "nacimiento": "1960-07-31 00:00:00",
        "defuncion": "2025-12-23 00:00:00"
      },
      "geometry": {
        "type": "Point",
        "coordinates": [
          -63.51675517774194,
          -31.567351050934306
        ]
      }
    },
    {
      "type": "Feature",
      "properties": {
        "extinto": "JUAN  JOSE  CALDERON",
        "nacimiento": "1948-09-07 00:00:00",
        "defuncion": "2026-01-26 00:00:00"
      },
      "geometry": {
        "type": "Point",
        "coordinates": [
          -63.51504198920219,
          -31.56691538322788
        ]
      }
    },
    {
      "type": "Feature",
      "properties": {
        "extinto": "IRENE  JOSEFA  DANIELE",
        "nacimiento": "1941-09-28 00:00:00",
        "defuncion": "2026-01-25 00:00:00"
      },
      "geometry": {
        "type": "Point",
        "coordinates": [
          -63.51610777705432,
          -31.567540700690518
        ]
      }
    },
    {
      "type": "Feature",
      "properties": {
        "extinto": "JORGE  RAMON  ESPAÑON",
        "nacimiento": "1941-05-29 00:00:00",
        "defuncion": "2026-01-22 00:00:00"
      },
      "geometry": {
        "type": "Point",
        "coordinates": [
          -63.51566746495366,
          -31.56763930644266
        ]
      }
    },
    {
      "type": "Feature",
      "properties": {
        "extinto": "CARLOS  HORACIO  FERREYRA",
        "nacimiento": "1948-07-28 00:00:00",
        "defuncion": "2026-02-16 00:00:00"
      },
      "geometry": {
        "type": "Point",
        "coordinates": [
          -63.516284345921,
          -31.56654364177505
        ]
      }
    },
    {
      "type": "Feature",
      "properties": {
        "extinto": "OSVALDO  PABLO  CRAVERO",
        "nacimiento": "1948-06-26 00:00:00",
        "defuncion": "2026-02-22 00:00:00"
      },
      "geometry": {
        "type": "Point",
        "coordinates": [
          -63.51530557761576,
          -31.567094651111496
        ]
      }
    },
    {
      "type": "Feature",
      "properties": {
        "extinto": "MARTA  BEATRIZ  NAVARRO",
        "nacimiento": "1946-04-08 00:00:00",
        "defuncion": "2026-02-23 00:00:00"
      },
      "geometry": {
        "type": "Point",
        "coordinates": [
          -63.51538925265517,
          -31.56738966473008
        ]
      }
    },
    {
      "type": "Feature",
      "properties": {
        "extinto": "MARIA  EULALIA  MACHADO",
        "nacimiento": "1955-06-08 00:00:00",
        "defuncion": "2026-02-17 00:00:00"
      },
      "geometry": {
        "type": "Point",
        "coordinates": [
          -63.51588179860097,
          -31.567808268386376
        ]
      }
    },
    {
      "type": "Feature",
      "properties": {
        "extinto": "VICTOR  JUAN  GOLDI",
        "nacimiento": "1956-03-05 00:00:00",
        "defuncion": "2026-01-15 00:00:00"
      },
      "geometry": {
        "type": "Point",
        "coordinates": [
          -63.51540230288833,
          -31.567622518479556
        ]
      }
    },
    {
      "type": "Feature",
      "properties": {
        "extinto": "GERARDO  RAUL  BETTEGA",
        "nacimiento": "1959-12-31 00:00:00",
        "defuncion": "2026-03-04 00:00:00"
      },
      "geometry": {
        "type": "Point",
        "coordinates": [
          -63.515439735258006,
          -31.567608029230716
        ]
      }
    },
    {
      "type": "Feature",
      "properties": {
        "extinto": "ELSA CONSEPCION  ORELLANO",
        "nacimiento": "1939-12-15 00:00:00",
        "defuncion": "2026-02-10 00:00:00"
      },
      "geometry": {
        "type": "Point",
        "coordinates": [
          -63.51604525917696,
          -31.567555943007687
        ]
      }
    },
    {
      "type": "Feature",
      "properties": {
        "extinto": "SARA  MARGARITA TISERA",
        "nacimiento": "1946-10-14 00:00:00",
        "defuncion": "2026-03-02 00:00:00"
      },
      "geometry": {
        "type": "Point",
        "coordinates": [
          -63.51563037373127,
          -31.56765442517311
        ]
      }
    },
    {
      "type": "Feature",
      "properties": {
        "extinto": "MARTA JOSEFA TAMAGNINI",
        "nacimiento": "1948-10-27 00:00:00",
        "defuncion": "2026-02-11 00:00:00"
      },
      "geometry": {
        "type": "Point",
        "coordinates": [
          -63.51526987466844,
          -31.566993659013903
        ]
      }
    },
    {
      "type": "Feature",
      "properties": {
        "extinto": "JORGE VICTOR UTRERA",
        "nacimiento": "1958-06-26 00:00:00",
        "defuncion": "2026-03-15 00:00:00"
      },
      "geometry": {
        "type": "Point",
        "coordinates": [
          -63.51618182650086,
          -31.56752074614012
        ]
      }
    },
    {
      "type": "Feature",
      "properties": {
        "extinto": "JOSE  LUIS  BUSTOS",
        "nacimiento": "1958-09-06 00:00:00",
        "defuncion": "2026-03-24 00:00:00"
      },
      "geometry": {
        "type": "Point",
        "coordinates": [
          -63.515915772652875,
          -31.56644090031503
        ]
      }
    },
    {
      "type": "Feature",
      "properties": {
        "extinto": "OSVALDO  NEMESIO DEL VALLE SPRING",
        "nacimiento": "1956-10-28 00:00:00",
        "defuncion": "2026-03-27 00:00:00"
      },
      "geometry": {
        "type": "Point",
        "coordinates": [
          -63.51517084397178,
          -31.566966687960633
        ]
      }
    },
    {
      "type": "Feature",
      "properties": {
        "extinto": "DIEGO  NARCISO  GOROSITO",
        "nacimiento": "1946-10-30 00:00:00",
        "defuncion": "2026-03-20 00:00:00"
      },
      "geometry": {
        "type": "Point",
        "coordinates": [
          -63.515484217773285,
          -31.567714005201417
        ]
      }
    },
    {
      "type": "Feature",
      "properties": {
        "extinto": "JUAN  DOMINGO  TISERA",
        "nacimiento": "1955-04-06 00:00:00",
        "defuncion": "2026-04-26 00:00:00"
      },
      "geometry": {
        "type": "Point",
        "coordinates": [
          -63.51609521336232,
          -31.566531778510246
        ]
      }
    },
    {
      "type": "Feature",
      "properties": {
        "extinto": "SIMON  ENRIQUE  HUZULIAK",
        "nacimiento": "1954-10-24 00:00:00",
        "defuncion": "2026-04-02 00:00:00"
      },
      "geometry": {
        "type": "Point",
        "coordinates": [
          -63.515529726861224,
          -31.56749354379869
        ]
      }
    },
    {
      "type": "Feature",
      "properties": {
        "extinto": "EDIT  ANGELA DEL ROSARIO  MUSSO",
        "nacimiento": "1953-05-14 00:00:00",
        "defuncion": "2026-04-02 00:00:00"
      },
      "geometry": {
        "type": "Point",
        "coordinates": [
          -63.51567817778045,
          -31.56768588065872
        ]
      }
    },
    {
      "type": "Feature",
      "properties": {
        "extinto": "ROQUE  RAIMUNDO  CARRIZO",
        "nacimiento": "1938-01-29 00:00:00",
        "defuncion": "2026-05-14 00:00:00"
      },
      "geometry": {
        "type": "Point",
        "coordinates": [
          -63.51552182013012,
          -31.567699844929795
        ]
      }
    },
    {
      "type": "Feature",
      "properties": {
        "extinto": "OSMAR BAUTISTA  CRETTINO",
        "nacimiento": "1961-05-12 00:00:00",
        "defuncion": "2026-06-12 00:00:00"
      },
      "geometry": {
        "type": "Point",
        "coordinates": [
          -63.51578305784374,
          -31.56781255784526
        ]
      }
    },
    {
      "type": "Feature",
      "properties": {
        "extinto": "HUGO  ALBERTO  VAUDAGNA",
        "nacimiento": "2026-06-18 00:00:00",
        "defuncion": "2026-06-18 00:00:00"
      },
      "geometry": {
        "type": "Point",
        "coordinates": [
          -63.51580596290103,
          -31.567876348680425
        ]
      }
    },
    {
      "type": "Feature",
      "properties": {
        "extinto": "DORA  BEATRIZ  CARMONA",
        "nacimiento": "1981-01-29 00:00:00",
        "defuncion": "2026-05-30 00:00:00"
      },
      "geometry": {
        "type": "Point",
        "coordinates": [
          -63.516666852989765,
          -31.56670804018972
        ]
      }
    },
    {
      "type": "Feature",
      "properties": {
        "extinto": "LIDIA  ESTHER  FERREYRA",
        "nacimiento": "1913-06-12 00:00:00",
        "defuncion": "2026-05-27 00:00:00"
      },
      "geometry": {
        "type": "Point",
        "coordinates": [
          -63.516167669565384,
          -31.5670191715671
        ]
      }
    },
    {
      "type": "Feature",
      "properties": {
        "extinto": "DOMINGO  VICTOR  ROSSO",
        "nacimiento": "1942-09-26 00:00:00",
        "defuncion": "2026-06-02 00:00:00"
      },
      "geometry": {
        "type": "Point",
        "coordinates": [
          -63.51616563013826,
          -31.56687116492109
        ]
      }
    },
    {
      "type": "Feature",
      "properties": {
        "extinto": "MARIA MARGARITA GUZMAN",
        "nacimiento": "1944-08-18 00:00:00",
        "defuncion": "2026-05-06 00:00:00"
      },
      "geometry": {
        "type": "Point",
        "coordinates": [
          -63.515564509739086,
          -31.56755973165604
        ]
      }
    },
    {
      "type": "Feature",
      "properties": {
        "extinto": "PASCUAL RAMON BARONE",
        "nacimiento": "1944-04-09 00:00:00",
        "defuncion": "2026-07-05 00:00:00"
      },
      "geometry": {
        "type": "Point",
        "coordinates": [
          -63.51618530265526,
          -31.56706357142803
        ]
      }
    },
    {
      "type": "Feature",
      "properties": {
        "extinto": "ANA MARIA LLAMAS DE MADARIAGA",
        "nacimiento": "1956-11-15 00:00:00",
        "defuncion": "2026-07-08 00:00:00"
      },
      "geometry": {
        "type": "Point",
        "coordinates": [
          -63.51563673992952,
          -31.566517291657824
        ]
      }
    },
    {
      "type": "Feature",
      "properties": {
        "extinto": "ANGELA VALENTINA LUQUE",
        "nacimiento": "1937-10-28 00:00:00",
        "defuncion": "2026-07-09 00:00:00"
      },
      "geometry": {
        "type": "Point",
        "coordinates": [
          -63.5152238678251,
          -31.567408291736243
        ]
      }
    },
    {
      "type": "Feature",
      "properties": {
        "extinto": "JUAN MANUEL SUBIZAR",
        "nacimiento": "1957-11-27 00:00:00",
        "defuncion": "2026-07-08 00:00:00"
      },
      "geometry": {
        "type": "Point",
        "coordinates": [
          -63.51523503131484,
          -31.5674722655318
        ]
      }
    },
    {
      "type": "Feature",
      "properties": {
        "extinto": "CLARINDA ROSA PERALTA",
        "nacimiento": "1941-12-19 00:00:00",
        "defuncion": "2026-07-22 00:00:00"
      },
      "geometry": {
        "type": "Point",
        "coordinates": [
          -63.515281775642165,
          -31.56702732304781
        ]
      }
    },
    {
      "type": "Feature",
      "properties": {
        "extinto": "MARIA ANA CEAGLIO",
        "nacimiento": "1938-10-30 00:00:00",
        "defuncion": "2026-07-21 00:00:00"
      },
      "geometry": {
        "type": "Point",
        "coordinates": [
          -63.51616356910218,
          -31.567634785760145
        ]
      }
    }
  ]
}